ok - surgical commented no-mistakes/live direct-PR: reader
ok - surgical commented no-mistakes/live direct-PR: missing
ok - surgical commented no-mistakes/live direct-PR: malformed
ok - surgical commented no-mistakes/live direct-PR: mismatch
ok - surgical commented no-mistakes/live direct-PR: matched
ok - surgical commented no-mistakes/live direct-PR: local
+ test_depth_commented_tier surgical direct-PR
+ local format=surgical declared=direct-PR check rec home proj fakebin id prep baseline old_mode depth selected out status reason
+ '[' 2 -gt 2 ']'
+ set -- surgical direct-PR reader missing malformed mismatch matched local
+ for check in "${@:3}"
+ id=commented-surgical-direct-PR-reader
++ make_home commented-surgical-direct-PR-reader
++ local name=commented-surgical-direct-PR-reader home projects fakebin
++ shift
++ home=/tmp/fm-task-delivery.r4jQpX/commented-surgical-direct-PR-reader/home
++ projects=/tmp/fm-task-delivery.r4jQpX/commented-surgical-direct-PR-reader/projects
++ fakebin=/tmp/fm-task-delivery.r4jQpX/commented-surgical-direct-PR-reader/bin
++ mkdir -p /tmp/fm-task-delivery.r4jQpX/commented-surgical-direct-PR-reader/home/data /tmp/fm-task-delivery.r4jQpX/commented-surgical-direct-PR-reader/home/state /tmp/fm-task-delivery.r4jQpX/commented-surgical-direct-PR-reader/home/config /tmp/fm-task-delivery.r4jQpX/commented-surgical-direct-PR-reader/projects/proj /tmp/fm-task-delivery.r4jQpX/commented-surgical-direct-PR-reader/bin
++ git -C /tmp/fm-task-delivery.r4jQpX/commented-surgical-direct-PR-reader/projects/proj init -q
++ printf '#!/bin/sh\nprintf "%%s\\n" "$*" >> "%s/tmux.calls"\nexit 1\n' /tmp/fm-task-delivery.r4jQpX/commented-surgical-direct-PR-reader/bin
++ printf '#!/bin/sh\nprintf "%%s\\n" "$*" >> "%s/treehouse.calls"\nexit 1\n' /tmp/fm-task-delivery.r4jQpX/commented-surgical-direct-PR-reader/bin
++ chmod +x /tmp/fm-task-delivery.r4jQpX/commented-surgical-direct-PR-reader/bin/treehouse
++ chmod +x /tmp/fm-task-delivery.r4jQpX/commented-surgical-direct-PR-reader/bin/tmux
++ '[' 0 -gt 0 ']'
++ printf '%s\n' '/tmp/fm-task-delivery.r4jQpX/commented-surgical-direct-PR-reader/home|/tmp/fm-task-delivery.r4jQpX/commented-surgical-direct-PR-reader/projects/proj|/tmp/fm-task-delivery.r4jQpX/commented-surgical-direct-PR-reader/bin'
+ rec='/tmp/fm-task-delivery.r4jQpX/commented-surgical-direct-PR-reader/home|/tmp/fm-task-delivery.r4jQpX/commented-surgical-direct-PR-reader/projects/proj|/tmp/fm-task-delivery.r4jQpX/commented-surgical-direct-PR-reader/bin'
+ IFS='|'
+ read -r home proj fakebin
+ case "$declared" in
+ old_mode=no-mistakes
+ depth='checks-only (direct-PR)'
+ selected=direct-PR
+ '[' reader '!=' mismatch ']'
+ '[' reader '!=' local ']'
+ write_brief /tmp/fm-task-delivery.r4jQpX/commented-surgical-direct-PR-reader/home commented-surgical-direct-PR-reader direct-PR
+ local home=/tmp/fm-task-delivery.r4jQpX/commented-surgical-direct-PR-reader/home id=commented-surgical-direct-PR-reader mode=direct-PR
+ mkdir -p /tmp/fm-task-delivery.r4jQpX/commented-surgical-direct-PR-reader/home/data/commented-surgical-direct-PR-reader
+ printf 'You are a crewmate.\n\n# Task\n## Captain'\''s intent\nExercise the delivery contract.\n\n## Firstmate spec\nVerify the selected delivery behavior.\n\n# Definition of done\n'
+ '[' -z direct-PR ']'
+ printf 'Delivery contract: mode=%s\n' direct-PR
+ case "$mode" in
+ write_prep /tmp/fm-task-delivery.r4jQpX/commented-surgical-direct-PR-reader/home commented-surgical-direct-PR-reader
+ fm_test_prep_record /tmp/fm-task-delivery.r4jQpX/commented-surgical-direct-PR-reader/home/data commented-surgical-direct-PR-reader no no no direct-PR
+ local data=/tmp/fm-task-delivery.r4jQpX/commented-surgical-direct-PR-reader/home/data id=commented-surgical-direct-PR-reader q1=no q2=no ui=no depth_mode=direct-PR root prep
+++ dirname tests/prep-record-helper.sh
++ cd tests/..
++ pwd
+ root=/home/zcrew/.no-mistakes/worktrees/5124444c5bba/01M45JNGXNRJ522PPBNYHJF1VA
+ prep=/tmp/fm-task-delivery.r4jQpX/commented-surgical-direct-PR-reader/home/data/commented-surgical-direct-PR-reader/prep.md
+ '[' '!' -e /tmp/fm-task-delivery.r4jQpX/commented-surgical-direct-PR-reader/home/data/commented-surgical-direct-PR-reader/prep.md ']'
+ mkdir -p /tmp/fm-task-delivery.r4jQpX/commented-surgical-direct-PR-reader/home/data/commented-surgical-direct-PR-reader
+ FM_HOME=/tmp/fm-task-delivery.r4jQpX/commented-surgical-direct-PR-reader/home/data
+ FM_DATA_OVERRIDE=/tmp/fm-task-delivery.r4jQpX/commented-surgical-direct-PR-reader/home/data
+ /home/zcrew/.no-mistakes/worktrees/5124444c5bba/01M45JNGXNRJ522PPBNYHJF1VA/bin/fm-brief.sh commented-surgical-direct-PR-reader --prep
+ sed -e 's/{Q1}/no/' -e 's/{Q2}/no/' -e 's/{UI_WIRING}/no, spawn fixture./' -e 's/^{INTENT_AND_BOXES}$/Exercise the delivery contract in an isolated fixture./' -e 's/^{[A-Z0-9_]*}$/n\/a: spawn fixture./' /tmp/fm-task-delivery.r4jQpX/commented-surgical-direct-PR-reader/home/data/commented-surgical-direct-PR-reader/prep.md
+ mv /tmp/fm-task-delivery.r4jQpX/commented-surgical-direct-PR-reader/home/data/commented-surgical-direct-PR-reader/prep.md.filled /tmp/fm-task-delivery.r4jQpX/commented-surgical-direct-PR-reader/home/data/commented-surgical-direct-PR-reader/prep.md
+ fm_test_fill_prep_common /tmp/fm-task-delivery.r4jQpX/commented-surgical-direct-PR-reader/home/data/commented-surgical-direct-PR-reader/prep.md direct-PR
+ local prep=/tmp/fm-task-delivery.r4jQpX/commented-surgical-direct-PR-reader/home/data/commented-surgical-direct-PR-reader/prep.md depth
+ case "${2:-no-mistakes}" in
+ depth='checks-only (direct-PR)'
+ awk -v 'depth=checks-only (direct-PR)' '
    { gsub(/\{DELIVERY_DEPTH\}/, depth ", exercise the declared fixture delivery contract.")
      gsub(/\{CAPTAIN_RULINGS\}/, "Intent: exercise delivery admission; ruling: use an isolated fixture (test brief).")
      gsub(/\{STILL_VALID\}/, "proceed: inspected fixture base and task sources; delivery admission remains needed with no dependency.")
      gsub(/\{SIBLINGS_NAMED\}/, "Not a defect; searched fixture task records and delivery owners, none found.")
      gsub(/\{VALIDATION_ROUTE\}/, "bash bin/fm-test-run.sh tests/fm-task-delivery.test.sh; Bash fixture runtime, isolated home, baseline timing unknown; worker measures this bounded run, CI owns final regression.")
      gsub(/\{SCREEN_AND_REGION\}/, "n/a: no product screen is changed.")
      gsub(/\{RED_FIRST_PROOF\}/, "bash tests/fm-task-delivery.test.sh; remove the record; expect a preparation refusal; record observed RED before implementation.")
      gsub(/\{FIXTURE_ARITHMETIC\}/, "n/a: no calculated assertions.")
      gsub(/\{DATA_PATH_REACHABILITY\}/, "brief --prep writes data/id/prep.md; spawn reads that path; launch rendering is the fixture witness.")
      gsub(/\{SCOPE_ONLY_AS_ASKED\}/, "Exercise the requested delivery admission only; real endpoints and product changes are outside scope.")
      gsub(/\{AUTHOR_GATE_CHECK\}/, "bash -c '\'' . bin/fm-dod-lib.sh; fm_prep_unfilled_reason \"$1\" '\'' _ data/id/prep.md; run on final bytes before handoff and paste empty output and raw exit 1 (reason with exit 0 refuses).")
      gsub(/\{OUTCOME\}/, "Delivery admission")
      gsub(/\{OBSERVABLE_RESULT\}/, "Launch brief exists before the refusing backend")
      gsub(/\{WHERE_AND_HOW\}/, "bash tests/fm-task-delivery.test.sh; fixture spawn and launch-brief.md")
      gsub(/\{EXPECTED_VALUE\}/, "Brief present; no real endpoint created")
      print
    }' /tmp/fm-task-delivery.r4jQpX/commented-surgical-direct-PR-reader/home/data/commented-surgical-direct-PR-reader/prep.md
+ mv /tmp/fm-task-delivery.r4jQpX/commented-surgical-direct-PR-reader/home/data/commented-surgical-direct-PR-reader/prep.md.common /tmp/fm-task-delivery.r4jQpX/commented-surgical-direct-PR-reader/home/data/commented-surgical-direct-PR-reader/prep.md
+ '[' no = yes ']'
+ return 0
+ prep=/tmp/fm-task-delivery.r4jQpX/commented-surgical-direct-PR-reader/home/data/commented-surgical-direct-PR-reader/prep.md
+ '[' surgical = surgical ']'
+ rm /tmp/fm-task-delivery.r4jQpX/commented-surgical-direct-PR-reader/home/data/commented-surgical-direct-PR-reader/prep.md
+ FM_HOME=/tmp/fm-task-delivery.r4jQpX/commented-surgical-direct-PR-reader/home
+ /home/zcrew/.no-mistakes/worktrees/5124444c5bba/01M45JNGXNRJ522PPBNYHJF1VA/bin/fm-brief.sh commented-surgical-direct-PR-reader --prep --surgical
+ sed -E -e 's/\{Q1\}/yes/' -e 's/\{Q2\}/no/' -e 's/\{UI_WIRING\}/no, confined CLI output./' -e 's/\{Q[12]_REASON\}/Inspected confined output./' -e 's/\{C[1-5]\}/yes/' -e 's/\{C[1-5]_EVIDENCE\}/owned.sh:12; callers confined; cause reproduced; regression covers output; no sensitive paths./' /tmp/fm-task-delivery.r4jQpX/commented-surgical-direct-PR-reader/home/data/commented-surgical-direct-PR-reader/prep.md
+ mv /tmp/fm-task-delivery.r4jQpX/commented-surgical-direct-PR-reader/home/data/commented-surgical-direct-PR-reader/prep.md.f /tmp/fm-task-delivery.r4jQpX/commented-surgical-direct-PR-reader/home/data/commented-surgical-direct-PR-reader/prep.md
+ fm_test_fill_prep_common /tmp/fm-task-delivery.r4jQpX/commented-surgical-direct-PR-reader/home/data/commented-surgical-direct-PR-reader/prep.md direct-PR
+ local prep=/tmp/fm-task-delivery.r4jQpX/commented-surgical-direct-PR-reader/home/data/commented-surgical-direct-PR-reader/prep.md depth
+ case "${2:-no-mistakes}" in
+ depth='checks-only (direct-PR)'
+ awk -v 'depth=checks-only (direct-PR)' '
    { gsub(/\{DELIVERY_DEPTH\}/, depth ", exercise the declared fixture delivery contract.")
      gsub(/\{CAPTAIN_RULINGS\}/, "Intent: exercise delivery admission; ruling: use an isolated fixture (test brief).")
      gsub(/\{STILL_VALID\}/, "proceed: inspected fixture base and task sources; delivery admission remains needed with no dependency.")
      gsub(/\{SIBLINGS_NAMED\}/, "Not a defect; searched fixture task records and delivery owners, none found.")
      gsub(/\{VALIDATION_ROUTE\}/, "bash bin/fm-test-run.sh tests/fm-task-delivery.test.sh; Bash fixture runtime, isolated home, baseline timing unknown; worker measures this bounded run, CI owns final regression.")
      gsub(/\{SCREEN_AND_REGION\}/, "n/a: no product screen is changed.")
      gsub(/\{RED_FIRST_PROOF\}/, "bash tests/fm-task-delivery.test.sh; remove the record; expect a preparation refusal; record observed RED before implementation.")
      gsub(/\{FIXTURE_ARITHMETIC\}/, "n/a: no calculated assertions.")
      gsub(/\{DATA_PATH_REACHABILITY\}/, "brief --prep writes data/id/prep.md; spawn reads that path; launch rendering is the fixture witness.")
      gsub(/\{SCOPE_ONLY_AS_ASKED\}/, "Exercise the requested delivery admission only; real endpoints and product changes are outside scope.")
      gsub(/\{AUTHOR_GATE_CHECK\}/, "bash -c '\'' . bin/fm-dod-lib.sh; fm_prep_unfilled_reason \"$1\" '\'' _ data/id/prep.md; run on final bytes before handoff and paste empty output and raw exit 1 (reason with exit 0 refuses).")
      gsub(/\{OUTCOME\}/, "Delivery admission")
      gsub(/\{OBSERVABLE_RESULT\}/, "Launch brief exists before the refusing backend")
      gsub(/\{WHERE_AND_HOW\}/, "bash tests/fm-task-delivery.test.sh; fixture spawn and launch-brief.md")
      gsub(/\{EXPECTED_VALUE\}/, "Brief present; no real endpoint created")
      print
    }' /tmp/fm-task-delivery.r4jQpX/commented-surgical-direct-PR-reader/home/data/commented-surgical-direct-PR-reader/prep.md
+ mv /tmp/fm-task-delivery.r4jQpX/commented-surgical-direct-PR-reader/home/data/commented-surgical-direct-PR-reader/prep.md.common /tmp/fm-task-delivery.r4jQpX/commented-surgical-direct-PR-reader/home/data/commented-surgical-direct-PR-reader/prep.md
+ fm_test_prep_depth /tmp/fm-task-delivery.r4jQpX/commented-surgical-direct-PR-reader/home/data/commented-surgical-direct-PR-reader/prep.md direct-PR
+ local prep=/tmp/fm-task-delivery.r4jQpX/commented-surgical-direct-PR-reader/home/data/commented-surgical-direct-PR-reader/prep.md depth
+ case "$2" in
+ depth='checks-only (direct-PR)'
+ awk -v 'depth=checks-only (direct-PR)' '
    /^- Delivery depth:/ { next }
    { print }
    $0 == "## Tier" { print "- Delivery depth: " depth ", exercise the declared fixture delivery contract." }
  ' /tmp/fm-task-delivery.r4jQpX/commented-surgical-direct-PR-reader/home/data/commented-surgical-direct-PR-reader/prep.md
+ mv /tmp/fm-task-delivery.r4jQpX/commented-surgical-direct-PR-reader/home/data/commented-surgical-direct-PR-reader/prep.md.depth /tmp/fm-task-delivery.r4jQpX/commented-surgical-direct-PR-reader/home/data/commented-surgical-direct-PR-reader/prep.md
+ baseline=/tmp/fm-task-delivery.r4jQpX/commented-surgical-direct-PR-reader/home/live.prep
+ cp /tmp/fm-task-delivery.r4jQpX/commented-surgical-direct-PR-reader/home/data/commented-surgical-direct-PR-reader/prep.md /tmp/fm-task-delivery.r4jQpX/commented-surgical-direct-PR-reader/home/live.prep
+ printf '<!-- Previous preparation example\n## Tier\n'
+ printf '%s\n' '- Q1 does this change alter what a user sees or can do: no' '- Q2 does this change touch a shared module or a contract: no' '- UI wiring: no, old isolated example.'
+ '[' no-mistakes = direct-PR ']'
+ printf '%s\n' '- Delivery depth: checks + AI review (no-mistakes), old shared example.'
+ printf '\n-->\n'
+ case "$check" in
+ cat /tmp/fm-task-delivery.r4jQpX/commented-surgical-direct-PR-reader/home/live.prep
+ case "$check" in
++ fm_prep_delivery_mode /tmp/fm-task-delivery.r4jQpX/commented-surgical-direct-PR-reader/home/data/commented-surgical-direct-PR-reader/prep.md
++ cp /tmp/fm-task-delivery.r4jQpX/commented-surgical-direct-PR-reader/home/data/commented-surgical-direct-PR-reader/prep.md /home/zcrew/.no-mistakes/evidence/01M45JNGXNRJ522PPBNYHJF1VA/restored-context-surgical-direct-PR.input.md
++ review_original_delivery_mode /tmp/fm-task-delivery.r4jQpX/commented-surgical-direct-PR-reader/home/data/commented-surgical-direct-PR-reader/prep.md
++ local value reason mode
+++ fm_prep_tier_read /tmp/fm-task-delivery.r4jQpX/commented-surgical-direct-PR-reader/home/data/commented-surgical-direct-PR-reader/prep.md
+++ local file=/tmp/fm-task-delivery.r4jQpX/commented-surgical-direct-PR-reader/home/data/commented-surgical-direct-PR-reader/prep.md mode=body
+++ '[' -f /tmp/fm-task-delivery.r4jQpX/commented-surgical-direct-PR-reader/home/data/commented-surgical-direct-PR-reader/prep.md ']'
+++ '[' -r /tmp/fm-task-delivery.r4jQpX/commented-surgical-direct-PR-reader/home/data/commented-surgical-direct-PR-reader/prep.md ']'
+++ fm_prep_body_text
+++ awk -v keep_fences=no '
    function table_start(row, header, delimiter, cells, count, i, cell) {
      if (row >= NR) return 0
      header=lines[row]; delimiter=lines[row+1]
      sub(/^ ? ? ?/, "", header); sub(/^ ? ? ?/, "", delimiter)
      if (header ~ /^[[:space:]]/ || delimiter ~ /^[[:space:]]/) return 0
      gsub(/\\\|/, "", header)
      if (header !~ /\|/) return 0
      sub(/[[:space:]]+$/, "", header); sub(/[[:space:]]+$/, "", delimiter)
      sub(/^\|/, "", header); sub(/\|$/, "", header)
      sub(/^\|/, "", delimiter); sub(/\|$/, "", delimiter)
      count=split(header,cells,"|")
      if (!count || split(delimiter,cells,"|") != count) return 0
      for (i=1; i<=count; i++) {
        cell=cells[i]; gsub(/^[[:space:]]+|[[:space:]]+$/, "", cell)
        if (cell !~ /^:?-+:?$/) return 0
      }
      return 1
    }
    function closing_tick(s, size, row, probe, list_number) {
      while (1) {
        while (match(s, /`+/)) {
          if (RLENGTH == size) return 1
          s=substr(s,RSTART+RLENGTH)
        }
        if (++row > NR || lines[row] ~ /^[[:space:]]*$/) return 0
        s=lines[row]
        probe=s; sub(/^ ? ? ?/, "", probe)
        list_number=probe; sub(/[.)].*$/, "", list_number)
        if (probe ~ /^[0-9]+[.)][[:space:]]+[^[:space:]]/ && length(list_number) <= 9 && list_number+0 == 1) return 0
        if (table_start(row) || probe ~ /^```|^~~~|^#[#]?[#]?[#]?[#]?[#]?([[:space:]]|$)|^[-+*][[:space:]]+[^[:space:]]|^<!--/) return 0
      }
    }
    function uncomment(s, row, out, end, size) {
      out=""
      while (length(s)) {
        if (comment) {
          end=index(s,"-->"); if (!end) return out
          s=substr(s,end+3); comment=0
        } else if (inline_size) {
          if (!match(s,/`+/)) return out s
          size=RLENGTH
          out=out substr(s,1,RSTART+size-1)
          s=substr(s,RSTART+size)
          if (size == inline_size) inline_size=0
        } else if (substr(s,1,4) == "<!--") {
          comment=1; s=substr(s,5)
        } else if (substr(s,1,2) == "\\`" || substr(s,1,2) == "\\\\" || substr(s,1,2) == "\\<") {
          out=out substr(s,1,2); s=substr(s,3)
        } else if (substr(s,1,1) == "`") {
          match(s,/^`+/); size=RLENGTH
          out=out substr(s,1,size); s=substr(s,size+1)
          if (closing_tick(s,size,row)) inline_size=size
        } else {
          out=out substr(s,1,1); s=substr(s,2)
        }
      }
      return out
    }
    { lines[NR]=$0 }
    END {
      for (row=1; row<=NR; row++) {
        line=lines[row]
        if (!fenced && !comment && !inline_size) {
          if (line ~ /^[[:space:]]*$/) {
            paragraph=0; table=0
            print line
            continue
          }
          if (line ~ /^(    | ? ? ?\t)/ && (indented || !paragraph)) {
            indented=1; table=0
+++ fm_brief_heading_parse - '## Tier' body
            if (keep_fences == "yes") print line
            continue
          }
          indented=0
        }
        scan=line
        spaces=0
        while (spaces < 3 && substr(scan,1,1) == " ") { scan=substr(scan,2); spaces++ }
        marker=substr(scan,1,1)
        marker_len=0
        if (marker == "`" || marker == "~") {
          while (substr(scan,marker_len+1,1) == marker) marker_len++
        }
        if (marker_len >= 3 && !comment && !inline_size) {
          paragraph=0; table=0
          rest=substr(scan,marker_len+1)
          if (!fenced) {
            fenced=1; fence_marker=marker; fence_len=marker_len
          } else if (marker == fence_marker && marker_len >= fence_len && rest ~ /^[[:space:]]*$/) {
            fenced=0
          }
          if (keep_fences == "yes") print line
          continue
        }
        if (fenced) {
          if (keep_fences == "yes") print line
          continue
        }
        line=uncomment(line,row)
        scan=line; sub(/^ ? ? ?/, "", scan)
        table=table_start(row) || (table && scan ~ /\|/)
        paragraph=(line !~ /^[[:space:]]*$/ && scan !~ /^#[#]?[#]?[#]?[#]?[#]?([[:space:]]|$)/ && !table)
        if (line ~ /^[[:space:]]*$/ && lines[row] !~ /^[[:space:]]*$/) continue
        print line
      }
    }'
+++ local file=- 'heading=## Tier' mode=body input=-
+++ '[' - = - ']'
+++ input=/dev/stdin
+++ awk -v 'heading=## Tier' -v mode=body '
    BEGIN {
      target_level = 0
      while (substr(heading, target_level + 1, 1) == "#") target_level++
    }
    {
      line = $0
      scan = line
      spaces = 0
      while (spaces < 3 && substr(scan, 1, 1) == " ") {
        scan = substr(scan, 2)
        spaces++
      }
      marker = substr(scan, 1, 1)
      marker_len = 0
      if (marker == "`" || marker == "~") {
        while (substr(scan, marker_len + 1, 1) == marker) marker_len++
      }
      is_fence = marker_len >= 3
      was_fenced = fenced

      if (is_fence) {
        rest = substr(scan, marker_len + 1)
        if (!fenced) {
          fenced = 1
          fence_marker = marker
          fence_len = marker_len
        } else if (marker == fence_marker && marker_len >= fence_len && rest ~ /^[[:space:]]*$/) {
          fenced = 0
        }
      }

      if (!found && !was_fenced && line == heading) {
        found = 1
        if (mode == "present") next
        grab = 1
        next
      }
      if (mode == "present" || !grab) next
      if (is_fence || was_fenced) {
        print line
        next
      }

      level = 0
      while (substr(scan, level + 1, 1) == "#") level++
      if (level > 0 && level <= target_level && substr(scan, level + 1, 1) ~ /^[[:space:]]?$/) exit
      print line
    }
    END {
      if (mode == "present" && !found) exit 1
    }
  ' /dev/stdin
+++ awk '
    /^- Delivery depth:/ { seen++; value=substr($0,19) }
    END { if (seen == 1) print value }
  '
++ value='checks-only (direct-PR), exercise the declared fixture delivery contract.'
++ case "$value" in
++ mode=direct-PR
++ reason='exercise the declared fixture delivery contract.'
++ case "$reason" in
++ fm_prep_answer_complete 'exercise the declared fixture delivery contract.' no
++ printf '%s\n' 'exercise the declared fixture delivery contract.'
++ awk -v na=no '
    function clean(s) { gsub(/^[[:space:]]+|[[:space:]]+$/, "", s); return s }
    { text=text $0 " " }
    END {
      text=clean(text)
      if (tolower(text) ~ /^n\/a([ :]|$)/) {
        if (na != "yes" || text !~ /^[nN]\/[aA]:[[:space:]]*[^[:space:]]/) exit 1
        sub(/^[nN]\/[aA]:[[:space:]]*/, "", text)
      }
      if (text == "" || text ~ /^[{][A-Z0-9_]+[}]$/ || text ~ /^<[^>]+>$/ || tolower(text) ~ /^(example|e[.]g[.]|todo|tbd)([ :]|$)/) exit 1
    }'
++ printf '%s\n' direct-PR
+ out=direct-PR
+ status=0
+ '[' 0 -eq 0 ']'
+ '[' direct-PR = direct-PR ']'
++ fm_prep_unfilled_reason /tmp/fm-task-delivery.r4jQpX/commented-surgical-direct-PR-reader/home/data/commented-surgical-direct-PR-reader/prep.md
++ local file=/tmp/fm-task-delivery.r4jQpX/commented-surgical-direct-PR-reader/home/data/commented-surgical-direct-PR-reader/prep.md tier heading placeholder required guide evidence state
++ '[' '!' -f /tmp/fm-task-delivery.r4jQpX/commented-surgical-direct-PR-reader/home/data/commented-surgical-direct-PR-reader/prep.md ']'
++ '[' '!' -r /tmp/fm-task-delivery.r4jQpX/commented-surgical-direct-PR-reader/home/data/commented-surgical-direct-PR-reader/prep.md ']'
++ fm_prep_tier_read /tmp/fm-task-delivery.r4jQpX/commented-surgical-direct-PR-reader/home/data/commented-surgical-direct-PR-reader/prep.md present
++ local file=/tmp/fm-task-delivery.r4jQpX/commented-surgical-direct-PR-reader/home/data/commented-surgical-direct-PR-reader/prep.md mode=present
++ '[' -f /tmp/fm-task-delivery.r4jQpX/commented-surgical-direct-PR-reader/home/data/commented-surgical-direct-PR-reader/prep.md ']'
++ '[' -r /tmp/fm-task-delivery.r4jQpX/commented-surgical-direct-PR-reader/home/data/commented-surgical-direct-PR-reader/prep.md ']'
++ fm_brief_heading_parse - '## Tier' present
++ local file=- 'heading=## Tier' mode=present input=-
++ '[' - = - ']'
++ input=/dev/stdin
++ awk -v 'heading=## Tier' -v mode=present '
    BEGIN {
      target_level = 0
      while (substr(heading, target_level + 1, 1) == "#") target_level++
    }
    {
      line = $0
      scan = line
      spaces = 0
      while (spaces < 3 && substr(scan, 1, 1) == " ") {
        scan = substr(scan, 2)
        spaces++
      }
      marker = substr(scan, 1, 1)
      marker_len = 0
      if (marker == "`" || marker == "~") {
        while (substr(scan, marker_len + 1, 1) == marker) marker_len++
      }
      is_fence = marker_len >= 3
      was_fenced = fenced

      if (is_fence) {
        rest = substr(scan, marker_len + 1)
        if (!fenced) {
          fenced = 1
          fence_marker = marker
          fence_len = marker_len
        } else if (marker == fence_marker && marker_len >= fence_len && rest ~ /^[[:space:]]*$/) {
          fenced = 0
        }
      }

      if (!found && !was_fenced && line == heading) {
        found = 1
        if (mode == "present") next
        grab = 1
        next
      }
      if (mode == "present" || !grab) next
      if (is_fence || was_fenced) {
        print line
        next
      }

      level = 0
      while (substr(scan, level + 1, 1) == "#") level++
      if (level > 0 && level <= target_level && substr(scan, level + 1, 1) ~ /^[[:space:]]?$/) exit
      print line
    }
    END {
      if (mode == "present" && !found) exit 1
    }
  ' /dev/stdin
++ fm_prep_body_text
++ awk -v keep_fences=no '
    function table_start(row, header, delimiter, cells, count, i, cell) {
      if (row >= NR) return 0
      header=lines[row]; delimiter=lines[row+1]
      sub(/^ ? ? ?/, "", header); sub(/^ ? ? ?/, "", delimiter)
      if (header ~ /^[[:space:]]/ || delimiter ~ /^[[:space:]]/) return 0
      gsub(/\\\|/, "", header)
      if (header !~ /\|/) return 0
      sub(/[[:space:]]+$/, "", header); sub(/[[:space:]]+$/, "", delimiter)
      sub(/^\|/, "", header); sub(/\|$/, "", header)
      sub(/^\|/, "", delimiter); sub(/\|$/, "", delimiter)
      count=split(header,cells,"|")
      if (!count || split(delimiter,cells,"|") != count) return 0
      for (i=1; i<=count; i++) {
        cell=cells[i]; gsub(/^[[:space:]]+|[[:space:]]+$/, "", cell)
        if (cell !~ /^:?-+:?$/) return 0
      }
      return 1
    }
    function closing_tick(s, size, row, probe, list_number) {
      while (1) {
        while (match(s, /`+/)) {
          if (RLENGTH == size) return 1
          s=substr(s,RSTART+RLENGTH)
        }
        if (++row > NR || lines[row] ~ /^[[:space:]]*$/) return 0
        s=lines[row]
        probe=s; sub(/^ ? ? ?/, "", probe)
        list_number=probe; sub(/[.)].*$/, "", list_number)
        if (probe ~ /^[0-9]+[.)][[:space:]]+[^[:space:]]/ && length(list_number) <= 9 && list_number+0 == 1) return 0
        if (table_start(row) || probe ~ /^```|^~~~|^#[#]?[#]?[#]?[#]?[#]?([[:space:]]|$)|^[-+*][[:space:]]+[^[:space:]]|^<!--/) return 0
      }
    }
    function uncomment(s, row, out, end, size) {
      out=""
      while (length(s)) {
        if (comment) {
          end=index(s,"-->"); if (!end) return out
          s=substr(s,end+3); comment=0
        } else if (inline_size) {
          if (!match(s,/`+/)) return out s
          size=RLENGTH
          out=out substr(s,1,RSTART+size-1)
          s=substr(s,RSTART+size)
          if (size == inline_size) inline_size=0
        } else if (substr(s,1,4) == "<!--") {
          comment=1; s=substr(s,5)
        } else if (substr(s,1,2) == "\\`" || substr(s,1,2) == "\\\\" || substr(s,1,2) == "\\<") {
          out=out substr(s,1,2); s=substr(s,3)
        } else if (substr(s,1,1) == "`") {
          match(s,/^`+/); size=RLENGTH
          out=out substr(s,1,size); s=substr(s,size+1)
          if (closing_tick(s,size,row)) inline_size=size
        } else {
          out=out substr(s,1,1); s=substr(s,2)
        }
      }
      return out
    }
    { lines[NR]=$0 }
    END {
      for (row=1; row<=NR; row++) {
        line=lines[row]
        if (!fenced && !comment && !inline_size) {
          if (line ~ /^[[:space:]]*$/) {
            paragraph=0; table=0
            print line
            continue
          }
          if (line ~ /^(    | ? ? ?\t)/ && (indented || !paragraph)) {
            indented=1; table=0
            if (keep_fences == "yes") print line
            continue
          }
          indented=0
        }
        scan=line
        spaces=0
        while (spaces < 3 && substr(scan,1,1) == " ") { scan=substr(scan,2); spaces++ }
        marker=substr(scan,1,1)
        marker_len=0
        if (marker == "`" || marker == "~") {
          while (substr(scan,marker_len+1,1) == marker) marker_len++
        }
        if (marker_len >= 3 && !comment && !inline_size) {
          paragraph=0; table=0
          rest=substr(scan,marker_len+1)
          if (!fenced) {
            fenced=1; fence_marker=marker; fence_len=marker_len
          } else if (marker == fence_marker && marker_len >= fence_len && rest ~ /^[[:space:]]*$/) {
            fenced=0
          }
          if (keep_fences == "yes") print line
          continue
        }
        if (fenced) {
          if (keep_fences == "yes") print line
          continue
        }
        line=uncomment(line,row)
        scan=line; sub(/^ ? ? ?/, "", scan)
        table=table_start(row) || (table && scan ~ /\|/)
        paragraph=(line !~ /^[[:space:]]*$/ && scan !~ /^#[#]?[#]?[#]?[#]?[#]?([[:space:]]|$)/ && !table)
        if (line ~ /^[[:space:]]*$/ && lines[row] !~ /^[[:space:]]*$/) continue
        print line
      }
    }'
+++ fm_prep_ui_wiring /tmp/fm-task-delivery.r4jQpX/commented-surgical-direct-PR-reader/home/data/commented-surgical-direct-PR-reader/prep.md
+++ local file=/tmp/fm-task-delivery.r4jQpX/commented-surgical-direct-PR-reader/home/data/commented-surgical-direct-PR-reader/prep.md line verdict reason
++++ fm_prep_ui_wiring_line /tmp/fm-task-delivery.r4jQpX/commented-surgical-direct-PR-reader/home/data/commented-surgical-direct-PR-reader/prep.md
++++ awk '
    index($0, "- UI wiring:") == 1 { print substr($0, length("- UI wiring:") + 1); exit }
  '
++++ fm_prep_tier_read /tmp/fm-task-delivery.r4jQpX/commented-surgical-direct-PR-reader/home/data/commented-surgical-direct-PR-reader/prep.md
++++ local file=/tmp/fm-task-delivery.r4jQpX/commented-surgical-direct-PR-reader/home/data/commented-surgical-direct-PR-reader/prep.md mode=body
++++ '[' -f /tmp/fm-task-delivery.r4jQpX/commented-surgical-direct-PR-reader/home/data/commented-surgical-direct-PR-reader/prep.md ']'
++++ '[' -r /tmp/fm-task-delivery.r4jQpX/commented-surgical-direct-PR-reader/home/data/commented-surgical-direct-PR-reader/prep.md ']'
++++ fm_prep_body_text
++++ awk -v keep_fences=no '
    function table_start(row, header, delimiter, cells, count, i, cell) {
      if (row >= NR) return 0
      header=lines[row]; delimiter=lines[row+1]
      sub(/^ ? ? ?/, "", header); sub(/^ ? ? ?/, "", delimiter)
      if (header ~ /^[[:space:]]/ || delimiter ~ /^[[:space:]]/) return 0
      gsub(/\\\|/, "", header)
      if (header !~ /\|/) return 0
      sub(/[[:space:]]+$/, "", header); sub(/[[:space:]]+$/, "", delimiter)
      sub(/^\|/, "", header); sub(/\|$/, "", header)
      sub(/^\|/, "", delimiter); sub(/\|$/, "", delimiter)
      count=split(header,cells,"|")
      if (!count || split(delimiter,cells,"|") != count) return 0
      for (i=1; i<=count; i++) {
        cell=cells[i]; gsub(/^[[:space:]]+|[[:space:]]+$/, "", cell)
        if (cell !~ /^:?-+:?$/) return 0
      }
      return 1
    }
    function closing_tick(s, size, row, probe, list_number) {
      while (1) {
        while (match(s, /`+/)) {
          if (RLENGTH == size) return 1
          s=substr(s,RSTART+RLENGTH)
        }
        if (++row > NR || lines[row] ~ /^[[:space:]]*$/) return 0
        s=lines[row]
        probe=s; sub(/^ ? ? ?/, "", probe)
        list_number=probe; sub(/[.)].*$/, "", list_number)
        if (probe ~ /^[0-9]+[.)][[:space:]]+[^[:space:]]/ && length(list_number) <= 9 && list_number+0 == 1) return 0
        if (table_start(row) || probe ~ /^```|^~~~|^#[#]?[#]?[#]?[#]?[#]?([[:space:]]|$)|^[-+*][[:space:]]+[^[:space:]]|^<!--/) return 0
      }
    }
    function uncomment(s, row, out, end, size) {
      out=""
      while (length(s)) {
        if (comment) {
          end=index(s,"-->"); if (!end) return out
          s=substr(s,end+3); comment=0
        } else if (inline_size) {
          if (!match(s,/`+/)) return out s
          size=RLENGTH
          out=out substr(s,1,RSTART+size-1)
          s=substr(s,RSTART+size)
          if (size == inline_size) inline_size=0
        } else if (substr(s,1,4) == "<!--") {
          comment=1; s=substr(s,5)
        } else if (substr(s,1,2) == "\\`" || substr(s,1,2) == "\\\\" || substr(s,1,2) == "\\<") {
          out=out substr(s,1,2); s=substr(s,3)
        } else if (substr(s,1,1) == "`") {
          match(s,/^`+/); size=RLENGTH
          out=out substr(s,1,size); s=substr(s,size+1)
          if (closing_tick(s,size,row)) inline_size=size
        } else {
          out=out substr(s,1,1); s=substr(s,2)
        }
      }
      return out
    }
    { lines[NR]=$0 }
    END {
      for (row=1; row<=NR; row++) {
        line=lines[row]
        if (!fenced && !comment && !inline_size) {
          if (line ~ /^[[:space:]]*$/) {
            paragraph=0; table=0
            print line
            continue
          }
          if (line ~ /^(    | ? ? ?\t)/ && (indented || !paragraph)) {
            indented=1; table=0
            if (keep_fences == "yes") print line
            continue
          }
          indented=0
        }
        scan=line
        spaces=0
        while (spaces < 3 && substr(scan,1,1) == " ") { scan=substr(scan,2); spaces++ }
        marker=substr(scan,1,1)
        marker_len=0
        if (marker == "`" || marker == "~") {
          while (substr(scan,marker_len+1,1) == marker) marker_len++
        }
        if (marker_len >= 3 && !comment && !inline_size) {
          paragraph=0; table=0
          rest=substr(scan,marker_len+1)
          if (!fenced) {
            fenced=1; fence_marker=marker; fence_len=marker_len
          } else if (marker == fence_marker && marker_len >= fence_len && rest ~ /^[[:space:]]*$/) {
            fenced=0
          }
          if (keep_fences == "yes") print line
          continue
        }
        if (fenced) {
          if (keep_fences == "yes") print line
          continue
        }
        line=uncomment(line,row)
        scan=line; sub(/^ ? ? ?/, "", scan)
        table=table_start(row) || (table && scan ~ /\|/)
        paragraph=(line !~ /^[[:space:]]*$/ && scan !~ /^#[#]?[#]?[#]?[#]?[#]?([[:space:]]|$)/ && !table)
        if (line ~ /^[[:space:]]*$/ && lines[row] !~ /^[[:space:]]*$/) continue
        print line
      }
    }'
++++ fm_brief_heading_parse - '## Tier' body
++++ local file=- 'heading=## Tier' mode=body input=-
++++ '[' - = - ']'
++++ input=/dev/stdin
++++ awk -v 'heading=## Tier' -v mode=body '
    BEGIN {
      target_level = 0
      while (substr(heading, target_level + 1, 1) == "#") target_level++
    }
    {
      line = $0
      scan = line
      spaces = 0
      while (spaces < 3 && substr(scan, 1, 1) == " ") {
        scan = substr(scan, 2)
        spaces++
      }
      marker = substr(scan, 1, 1)
      marker_len = 0
      if (marker == "`" || marker == "~") {
        while (substr(scan, marker_len + 1, 1) == marker) marker_len++
      }
      is_fence = marker_len >= 3
      was_fenced = fenced

      if (is_fence) {
        rest = substr(scan, marker_len + 1)
        if (!fenced) {
          fenced = 1
          fence_marker = marker
          fence_len = marker_len
        } else if (marker == fence_marker && marker_len >= fence_len && rest ~ /^[[:space:]]*$/) {
          fenced = 0
        }
      }

      if (!found && !was_fenced && line == heading) {
        found = 1
        if (mode == "present") next
        grab = 1
        next
      }
      if (mode == "present" || !grab) next
      if (is_fence || was_fenced) {
        print line
        next
      }

      level = 0
      while (substr(scan, level + 1, 1) == "#") level++
      if (level > 0 && level <= target_level && substr(scan, level + 1, 1) ~ /^[[:space:]]?$/) exit
      print line
    }
    END {
      if (mode == "present" && !found) exit 1
    }
  ' /dev/stdin
+++ line=' no, confined CLI output.'
++++ printf %s ' no, confined CLI output.'
++++ sed 's/,.*//'
++++ tr '[:upper:]' '[:lower:]'
++++ tr -d '[:space:].'
+++ verdict=no
++++ sed 's/^[^,]*,*//'
++++ tr -d '[:space:].'
++++ printf %s ' no, confined CLI output.'
+++ reason=confinedCLIoutput
+++ case "$verdict" in
+++ '[' -n confinedCLIoutput ']'
+++ printf '%s\n' no
++ '[' -z no ']'
+++ fm_prep_tier /tmp/fm-task-delivery.r4jQpX/commented-surgical-direct-PR-reader/home/data/commented-surgical-direct-PR-reader/prep.md
+++ local file=/tmp/fm-task-delivery.r4jQpX/commented-surgical-direct-PR-reader/home/data/commented-surgical-direct-PR-reader/prep.md q1 q2 ui
+++ fm_prep_tier_read /tmp/fm-task-delivery.r4jQpX/commented-surgical-direct-PR-reader/home/data/commented-surgical-direct-PR-reader/prep.md present
+++ local file=/tmp/fm-task-delivery.r4jQpX/commented-surgical-direct-PR-reader/home/data/commented-surgical-direct-PR-reader/prep.md mode=present
+++ '[' -f /tmp/fm-task-delivery.r4jQpX/commented-surgical-direct-PR-reader/home/data/commented-surgical-direct-PR-reader/prep.md ']'
+++ '[' -r /tmp/fm-task-delivery.r4jQpX/commented-surgical-direct-PR-reader/home/data/commented-surgical-direct-PR-reader/prep.md ']'
+++ fm_prep_body_text
+++ fm_brief_heading_parse - '## Tier' present
+++ local file=- 'heading=## Tier' mode=present input=-
+++ '[' - = - ']'
+++ input=/dev/stdin
+++ awk -v keep_fences=no '
    function table_start(row, header, delimiter, cells, count, i, cell) {
      if (row >= NR) return 0
      header=lines[row]; delimiter=lines[row+1]
      sub(/^ ? ? ?/, "", header); sub(/^ ? ? ?/, "", delimiter)
      if (header ~ /^[[:space:]]/ || delimiter ~ /^[[:space:]]/) return 0
      gsub(/\\\|/, "", header)
      if (header !~ /\|/) return 0
      sub(/[[:space:]]+$/, "", header); sub(/[[:space:]]+$/, "", delimiter)
      sub(/^\|/, "", header); sub(/\|$/, "", header)
      sub(/^\|/, "", delimiter); sub(/\|$/, "", delimiter)
      count=split(header,cells,"|")
      if (!count || split(delimiter,cells,"|") != count) return 0
      for (i=1; i<=count; i++) {
        cell=cells[i]; gsub(/^[[:space:]]+|[[:space:]]+$/, "", cell)
        if (cell !~ /^:?-+:?$/) return 0
      }
      return 1
    }
    function closing_tick(s, size, row, probe, list_number) {
      while (1) {
        while (match(s, /`+/)) {
          if (RLENGTH == size) return 1
          s=substr(s,RSTART+RLENGTH)
        }
        if (++row > NR || lines[row] ~ /^[[:space:]]*$/) return 0
        s=lines[row]
        probe=s; sub(/^ ? ? ?/, "", probe)
        list_number=probe; sub(/[.)].*$/, "", list_number)
        if (probe ~ /^[0-9]+[.)][[:space:]]+[^[:space:]]/ && length(list_number) <= 9 && list_number+0 == 1) return 0
        if (table_start(row) || probe ~ /^```|^~~~|^#[#]?[#]?[#]?[#]?[#]?([[:space:]]|$)|^[-+*][[:space:]]+[^[:space:]]|^<!--/) return 0
      }
    }
    function uncomment(s, row, out, end, size) {
      out=""
      while (length(s)) {
        if (comment) {
          end=index(s,"-->"); if (!end) return out
          s=substr(s,end+3); comment=0
        } else if (inline_size) {
          if (!match(s,/`+/)) return out s
          size=RLENGTH
          out=out substr(s,1,RSTART+size-1)
          s=substr(s,RSTART+size)
          if (size == inline_size) inline_size=0
        } else if (substr(s,1,4) == "<!--") {
          comment=1; s=substr(s,5)
        } else if (substr(s,1,2) == "\\`" || substr(s,1,2) == "\\\\" || substr(s,1,2) == "\\<") {
          out=out substr(s,1,2); s=substr(s,3)
        } else if (substr(s,1,1) == "`") {
          match(s,/^`+/); size=RLENGTH
          out=out substr(s,1,size); s=substr(s,size+1)
          if (closing_tick(s,size,row)) inline_size=size
        } else {
          out=out substr(s,1,1); s=substr(s,2)
        }
      }
      return out
    }
    { lines[NR]=$0 }
    END {
      for (row=1; row<=NR; row++) {
        line=lines[row]
        if (!fenced && !comment && !inline_size) {
          if (line ~ /^[[:space:]]*$/) {
            paragraph=0; table=0
            print line
            continue
          }
          if (line ~ /^(    | ? ? ?\t)/ && (indented || !paragraph)) {
            indented=1; table=0
            if (keep_fences == "yes") print line
            continue
          }
          indented=0
        }
        scan=line
        spaces=0
        while (spaces < 3 && substr(scan,1,1) == " ") { scan=substr(scan,2); spaces++ }
        marker=substr(scan,1,1)
        marker_len=0
        if (marker == "`" || marker == "~") {
          while (substr(scan,marker_len+1,1) == marker) marker_len++
        }
        if (marker_len >= 3 && !comment && !inline_size) {
          paragraph=0; table=0
          rest=substr(scan,marker_len+1)
          if (!fenced) {
            fenced=1; fence_marker=marker; fence_len=marker_len
          } else if (marker == fence_marker && marker_len >= fence_len && rest ~ /^[[:space:]]*$/) {
            fenced=0
          }
          if (keep_fences == "yes") print line
          continue
        }
        if (fenced) {
          if (keep_fences == "yes") print line
          continue
        }
        line=uncomment(line,row)
        scan=line; sub(/^ ? ? ?/, "", scan)
        table=table_start(row) || (table && scan ~ /\|/)
        paragraph=(line !~ /^[[:space:]]*$/ && scan !~ /^#[#]?[#]?[#]?[#]?[#]?([[:space:]]|$)/ && !table)
        if (line ~ /^[[:space:]]*$/ && lines[row] !~ /^[[:space:]]*$/) continue
        print line
      }
    }'
+++ awk -v 'heading=## Tier' -v mode=present '
    BEGIN {
      target_level = 0
      while (substr(heading, target_level + 1, 1) == "#") target_level++
    }
    {
      line = $0
      scan = line
      spaces = 0
      while (spaces < 3 && substr(scan, 1, 1) == " ") {
        scan = substr(scan, 2)
        spaces++
      }
      marker = substr(scan, 1, 1)
      marker_len = 0
      if (marker == "`" || marker == "~") {
        while (substr(scan, marker_len + 1, 1) == marker) marker_len++
      }
      is_fence = marker_len >= 3
      was_fenced = fenced

      if (is_fence) {
        rest = substr(scan, marker_len + 1)
        if (!fenced) {
          fenced = 1
          fence_marker = marker
          fence_len = marker_len
        } else if (marker == fence_marker && marker_len >= fence_len && rest ~ /^[[:space:]]*$/) {
          fenced = 0
        }
      }

      if (!found && !was_fenced && line == heading) {
        found = 1
        if (mode == "present") next
        grab = 1
        next
      }
      if (mode == "present" || !grab) next
      if (is_fence || was_fenced) {
        print line
        next
      }

      level = 0
      while (substr(scan, level + 1, 1) == "#") level++
      if (level > 0 && level <= target_level && substr(scan, level + 1, 1) ~ /^[[:space:]]?$/) exit
      print line
    }
    END {
      if (mode == "present" && !found) exit 1
    }
  ' /dev/stdin
++++ fm_prep_answer /tmp/fm-task-delivery.r4jQpX/commented-surgical-direct-PR-reader/home/data/commented-surgical-direct-PR-reader/prep.md Q1
++++ local file=/tmp/fm-task-delivery.r4jQpX/commented-surgical-direct-PR-reader/home/data/commented-surgical-direct-PR-reader/prep.md question=Q1 answer
+++++ fm_prep_labelled /tmp/fm-task-delivery.r4jQpX/commented-surgical-direct-PR-reader/home/data/commented-surgical-direct-PR-reader/prep.md '## Tier' Q1
+++++ awk -F: 'NF > 1 && !done { print $NF; done = 1 }'
+++++ tr -d '[:space:].'
+++++ '[' '## Tier' = '## Tier' ']'
+++++ fm_prep_tier_read /tmp/fm-task-delivery.r4jQpX/commented-surgical-direct-PR-reader/home/data/commented-surgical-direct-PR-reader/prep.md
+++++ local file=/tmp/fm-task-delivery.r4jQpX/commented-surgical-direct-PR-reader/home/data/commented-surgical-direct-PR-reader/prep.md mode=body
+++++ '[' -f /tmp/fm-task-delivery.r4jQpX/commented-surgical-direct-PR-reader/home/data/commented-surgical-direct-PR-reader/prep.md ']'
+++++ '[' -r /tmp/fm-task-delivery.r4jQpX/commented-surgical-direct-PR-reader/home/data/commented-surgical-direct-PR-reader/prep.md ']'
+++++ fm_brief_heading_parse - '## Tier' body
+++++ local file=- 'heading=## Tier' mode=body input=-
+++++ '[' - = - ']'
+++++ input=/dev/stdin
+++++ fm_prep_body_text
+++++ awk -v 'heading=## Tier' -v mode=body '
    BEGIN {
      target_level = 0
      while (substr(heading, target_level + 1, 1) == "#") target_level++
    }
    {
      line = $0
      scan = line
      spaces = 0
      while (spaces < 3 && substr(scan, 1, 1) == " ") {
        scan = substr(scan, 2)
        spaces++
      }
      marker = substr(scan, 1, 1)
      marker_len = 0
      if (marker == "`" || marker == "~") {
        while (substr(scan, marker_len + 1, 1) == marker) marker_len++
      }
      is_fence = marker_len >= 3
      was_fenced = fenced

      if (is_fence) {
        rest = substr(scan, marker_len + 1)
        if (!fenced) {
          fenced = 1
          fence_marker = marker
          fence_len = marker_len
        } else if (marker == fence_marker && marker_len >= fence_len && rest ~ /^[[:space:]]*$/) {
          fenced = 0
        }
      }

      if (!found && !was_fenced && line == heading) {
        found = 1
        if (mode == "present") next
        grab = 1
        next
      }
      if (mode == "present" || !grab) next
      if (is_fence || was_fenced) {
        print line
        next
      }

      level = 0
      while (substr(scan, level + 1, 1) == "#") level++
      if (level > 0 && level <= target_level && substr(scan, level + 1, 1) ~ /^[[:space:]]?$/) exit
      print line
    }
    END {
      if (mode == "present" && !found) exit 1
    }
  ' /dev/stdin
+++++ awk -v keep_fences=no '
    function table_start(row, header, delimiter, cells, count, i, cell) {
      if (row >= NR) return 0
      header=lines[row]; delimiter=lines[row+1]
      sub(/^ ? ? ?/, "", header); sub(/^ ? ? ?/, "", delimiter)
      if (header ~ /^[[:space:]]/ || delimiter ~ /^[[:space:]]/) return 0
      gsub(/\\\|/, "", header)
      if (header !~ /\|/) return 0
      sub(/[[:space:]]+$/, "", header); sub(/[[:space:]]+$/, "", delimiter)
      sub(/^\|/, "", header); sub(/\|$/, "", header)
      sub(/^\|/, "", delimiter); sub(/\|$/, "", delimiter)
      count=split(header,cells,"|")
      if (!count || split(delimiter,cells,"|") != count) return 0
      for (i=1; i<=count; i++) {
        cell=cells[i]; gsub(/^[[:space:]]+|[[:space:]]+$/, "", cell)
        if (cell !~ /^:?-+:?$/) return 0
      }
      return 1
    }
    function closing_tick(s, size, row, probe, list_number) {
      while (1) {
        while (match(s, /`+/)) {
          if (RLENGTH == size) return 1
          s=substr(s,RSTART+RLENGTH)
        }
        if (++row > NR || lines[row] ~ /^[[:space:]]*$/) return 0
        s=lines[row]
        probe=s; sub(/^ ? ? ?/, "", probe)
        list_number=probe; sub(/[.)].*$/, "", list_number)
        if (probe ~ /^[0-9]+[.)][[:space:]]+[^[:space:]]/ && length(list_number) <= 9 && list_number+0 == 1) return 0
        if (table_start(row) || probe ~ /^```|^~~~|^#[#]?[#]?[#]?[#]?[#]?([[:space:]]|$)|^[-+*][[:space:]]+[^[:space:]]|^<!--/) return 0
      }
    }
    function uncomment(s, row, out, end, size) {
      out=""
      while (length(s)) {
        if (comment) {
          end=index(s,"-->"); if (!end) return out
          s=substr(s,end+3); comment=0
        } else if (inline_size) {
          if (!match(s,/`+/)) return out s
          size=RLENGTH
          out=out substr(s,1,RSTART+size-1)
          s=substr(s,RSTART+size)
          if (size == inline_size) inline_size=0
        } else if (substr(s,1,4) == "<!--") {
          comment=1; s=substr(s,5)
        } else if (substr(s,1,2) == "\\`" || substr(s,1,2) == "\\\\" || substr(s,1,2) == "\\<") {
          out=out substr(s,1,2); s=substr(s,3)
        } else if (substr(s,1,1) == "`") {
          match(s,/^`+/); size=RLENGTH
          out=out substr(s,1,size); s=substr(s,size+1)
          if (closing_tick(s,size,row)) inline_size=size
        } else {
          out=out substr(s,1,1); s=substr(s,2)
        }
      }
      return out
    }
    { lines[NR]=$0 }
    END {
      for (row=1; row<=NR; row++) {
        line=lines[row]
        if (!fenced && !comment && !inline_size) {
          if (line ~ /^[[:space:]]*$/) {
            paragraph=0; table=0
            print line
            continue
          }
          if (line ~ /^(    | ? ? ?\t)/ && (indented || !paragraph)) {
            indented=1; table=0
            if (keep_fences == "yes") print line
            continue
          }
          indented=0
        }
        scan=line
        spaces=0
        while (spaces < 3 && substr(scan,1,1) == " ") { scan=substr(scan,2); spaces++ }
        marker=substr(scan,1,1)
        marker_len=0
        if (marker == "`" || marker == "~") {
          while (substr(scan,marker_len+1,1) == marker) marker_len++
        }
        if (marker_len >= 3 && !comment && !inline_size) {
          paragraph=0; table=0
          rest=substr(scan,marker_len+1)
          if (!fenced) {
            fenced=1; fence_marker=marker; fence_len=marker_len
          } else if (marker == fence_marker && marker_len >= fence_len && rest ~ /^[[:space:]]*$/) {
            fenced=0
          }
          if (keep_fences == "yes") print line
          continue
        }
        if (fenced) {
          if (keep_fences == "yes") print line
          continue
        }
        line=uncomment(line,row)
        scan=line; sub(/^ ? ? ?/, "", scan)
        table=table_start(row) || (table && scan ~ /\|/)
        paragraph=(line !~ /^[[:space:]]*$/ && scan !~ /^#[#]?[#]?[#]?[#]?[#]?([[:space:]]|$)/ && !table)
        if (line ~ /^[[:space:]]*$/ && lines[row] !~ /^[[:space:]]*$/) continue
        print line
      }
    }'
+++++ awk -v q=Q1 'index($0, "- " q " ") == 1 { print substr($0, length(q) + 4) }'
+++++ tr '[:upper:]' '[:lower:]'
++++ answer=yes
++++ case "$answer" in
++++ printf '%s\n' yes
+++ q1=yes
++++ fm_prep_answer /tmp/fm-task-delivery.r4jQpX/commented-surgical-direct-PR-reader/home/data/commented-surgical-direct-PR-reader/prep.md Q2
++++ local file=/tmp/fm-task-delivery.r4jQpX/commented-surgical-direct-PR-reader/home/data/commented-surgical-direct-PR-reader/prep.md question=Q2 answer
+++++ fm_prep_labelled /tmp/fm-task-delivery.r4jQpX/commented-surgical-direct-PR-reader/home/data/commented-surgical-direct-PR-reader/prep.md '## Tier' Q2
+++++ awk -F: 'NF > 1 && !done { print $NF; done = 1 }'
+++++ '[' '## Tier' = '## Tier' ']'
+++++ fm_prep_tier_read /tmp/fm-task-delivery.r4jQpX/commented-surgical-direct-PR-reader/home/data/commented-surgical-direct-PR-reader/prep.md
+++++ local file=/tmp/fm-task-delivery.r4jQpX/commented-surgical-direct-PR-reader/home/data/commented-surgical-direct-PR-reader/prep.md mode=body
+++++ '[' -f /tmp/fm-task-delivery.r4jQpX/commented-surgical-direct-PR-reader/home/data/commented-surgical-direct-PR-reader/prep.md ']'
+++++ '[' -r /tmp/fm-task-delivery.r4jQpX/commented-surgical-direct-PR-reader/home/data/commented-surgical-direct-PR-reader/prep.md ']'
+++++ tr -d '[:space:].'
+++++ awk -v q=Q2 'index($0, "- " q " ") == 1 { print substr($0, length(q) + 4) }'
+++++ tr '[:upper:]' '[:lower:]'
+++++ fm_brief_heading_parse - '## Tier' body
+++++ local file=- 'heading=## Tier' mode=body input=-
+++++ '[' - = - ']'
+++++ input=/dev/stdin
+++++ awk -v 'heading=## Tier' -v mode=body '
    BEGIN {
      target_level = 0
      while (substr(heading, target_level + 1, 1) == "#") target_level++
    }
    {
      line = $0
      scan = line
      spaces = 0
      while (spaces < 3 && substr(scan, 1, 1) == " ") {
        scan = substr(scan, 2)
        spaces++
      }
      marker = substr(scan, 1, 1)
      marker_len = 0
      if (marker == "`" || marker == "~") {
        while (substr(scan, marker_len + 1, 1) == marker) marker_len++
      }
      is_fence = marker_len >= 3
      was_fenced = fenced

      if (is_fence) {
        rest = substr(scan, marker_len + 1)
        if (!fenced) {
          fenced = 1
          fence_marker = marker
          fence_len = marker_len
        } else if (marker == fence_marker && marker_len >= fence_len && rest ~ /^[[:space:]]*$/) {
          fenced = 0
        }
      }

      if (!found && !was_fenced && line == heading) {
        found = 1
        if (mode == "present") next
        grab = 1
        next
      }
      if (mode == "present" || !grab) next
      if (is_fence || was_fenced) {
        print line
        next
      }

      level = 0
      while (substr(scan, level + 1, 1) == "#") level++
      if (level > 0 && level <= target_level && substr(scan, level + 1, 1) ~ /^[[:space:]]?$/) exit
      print line
    }
    END {
      if (mode == "present" && !found) exit 1
    }
  ' /dev/stdin
+++++ fm_prep_body_text
+++++ awk -v keep_fences=no '
    function table_start(row, header, delimiter, cells, count, i, cell) {
      if (row >= NR) return 0
      header=lines[row]; delimiter=lines[row+1]
      sub(/^ ? ? ?/, "", header); sub(/^ ? ? ?/, "", delimiter)
      if (header ~ /^[[:space:]]/ || delimiter ~ /^[[:space:]]/) return 0
      gsub(/\\\|/, "", header)
      if (header !~ /\|/) return 0
      sub(/[[:space:]]+$/, "", header); sub(/[[:space:]]+$/, "", delimiter)
      sub(/^\|/, "", header); sub(/\|$/, "", header)
      sub(/^\|/, "", delimiter); sub(/\|$/, "", delimiter)
      count=split(header,cells,"|")
      if (!count || split(delimiter,cells,"|") != count) return 0
      for (i=1; i<=count; i++) {
        cell=cells[i]; gsub(/^[[:space:]]+|[[:space:]]+$/, "", cell)
        if (cell !~ /^:?-+:?$/) return 0
      }
      return 1
    }
    function closing_tick(s, size, row, probe, list_number) {
      while (1) {
        while (match(s, /`+/)) {
          if (RLENGTH == size) return 1
          s=substr(s,RSTART+RLENGTH)
        }
        if (++row > NR || lines[row] ~ /^[[:space:]]*$/) return 0
        s=lines[row]
        probe=s; sub(/^ ? ? ?/, "", probe)
        list_number=probe; sub(/[.)].*$/, "", list_number)
        if (probe ~ /^[0-9]+[.)][[:space:]]+[^[:space:]]/ && length(list_number) <= 9 && list_number+0 == 1) return 0
        if (table_start(row) || probe ~ /^```|^~~~|^#[#]?[#]?[#]?[#]?[#]?([[:space:]]|$)|^[-+*][[:space:]]+[^[:space:]]|^<!--/) return 0
      }
    }
    function uncomment(s, row, out, end, size) {
      out=""
      while (length(s)) {
        if (comment) {
          end=index(s,"-->"); if (!end) return out
          s=substr(s,end+3); comment=0
        } else if (inline_size) {
          if (!match(s,/`+/)) return out s
          size=RLENGTH
          out=out substr(s,1,RSTART+size-1)
          s=substr(s,RSTART+size)
          if (size == inline_size) inline_size=0
        } else if (substr(s,1,4) == "<!--") {
          comment=1; s=substr(s,5)
        } else if (substr(s,1,2) == "\\`" || substr(s,1,2) == "\\\\" || substr(s,1,2) == "\\<") {
          out=out substr(s,1,2); s=substr(s,3)
        } else if (substr(s,1,1) == "`") {
          match(s,/^`+/); size=RLENGTH
          out=out substr(s,1,size); s=substr(s,size+1)
          if (closing_tick(s,size,row)) inline_size=size
        } else {
          out=out substr(s,1,1); s=substr(s,2)
        }
      }
      return out
    }
    { lines[NR]=$0 }
    END {
      for (row=1; row<=NR; row++) {
        line=lines[row]
        if (!fenced && !comment && !inline_size) {
          if (line ~ /^[[:space:]]*$/) {
            paragraph=0; table=0
            print line
            continue
          }
          if (line ~ /^(    | ? ? ?\t)/ && (indented || !paragraph)) {
            indented=1; table=0
            if (keep_fences == "yes") print line
            continue
          }
          indented=0
        }
        scan=line
        spaces=0
        while (spaces < 3 && substr(scan,1,1) == " ") { scan=substr(scan,2); spaces++ }
        marker=substr(scan,1,1)
        marker_len=0
        if (marker == "`" || marker == "~") {
          while (substr(scan,marker_len+1,1) == marker) marker_len++
        }
        if (marker_len >= 3 && !comment && !inline_size) {
          paragraph=0; table=0
          rest=substr(scan,marker_len+1)
          if (!fenced) {
            fenced=1; fence_marker=marker; fence_len=marker_len
          } else if (marker == fence_marker && marker_len >= fence_len && rest ~ /^[[:space:]]*$/) {
            fenced=0
          }
          if (keep_fences == "yes") print line
          continue
        }
        if (fenced) {
          if (keep_fences == "yes") print line
          continue
        }
        line=uncomment(line,row)
        scan=line; sub(/^ ? ? ?/, "", scan)
        table=table_start(row) || (table && scan ~ /\|/)
        paragraph=(line !~ /^[[:space:]]*$/ && scan !~ /^#[#]?[#]?[#]?[#]?[#]?([[:space:]]|$)/ && !table)
        if (line ~ /^[[:space:]]*$/ && lines[row] !~ /^[[:space:]]*$/) continue
        print line
      }
    }'
++++ answer=no
++++ case "$answer" in
++++ printf '%s\n' no
+++ q2=no
++++ fm_prep_ui_wiring /tmp/fm-task-delivery.r4jQpX/commented-surgical-direct-PR-reader/home/data/commented-surgical-direct-PR-reader/prep.md
++++ local file=/tmp/fm-task-delivery.r4jQpX/commented-surgical-direct-PR-reader/home/data/commented-surgical-direct-PR-reader/prep.md line verdict reason
+++++ fm_prep_ui_wiring_line /tmp/fm-task-delivery.r4jQpX/commented-surgical-direct-PR-reader/home/data/commented-surgical-direct-PR-reader/prep.md
+++++ awk '
    index($0, "- UI wiring:") == 1 { print substr($0, length("- UI wiring:") + 1); exit }
  '
+++++ fm_prep_tier_read /tmp/fm-task-delivery.r4jQpX/commented-surgical-direct-PR-reader/home/data/commented-surgical-direct-PR-reader/prep.md
+++++ local file=/tmp/fm-task-delivery.r4jQpX/commented-surgical-direct-PR-reader/home/data/commented-surgical-direct-PR-reader/prep.md mode=body
+++++ '[' -f /tmp/fm-task-delivery.r4jQpX/commented-surgical-direct-PR-reader/home/data/commented-surgical-direct-PR-reader/prep.md ']'
+++++ '[' -r /tmp/fm-task-delivery.r4jQpX/commented-surgical-direct-PR-reader/home/data/commented-surgical-direct-PR-reader/prep.md ']'
+++++ fm_prep_body_text
+++++ awk -v keep_fences=no '
    function table_start(row, header, delimiter, cells, count, i, cell) {
      if (row >= NR) return 0
      header=lines[row]; delimiter=lines[row+1]
      sub(/^ ? ? ?/, "", header); sub(/^ ? ? ?/, "", delimiter)
      if (header ~ /^[[:space:]]/ || delimiter ~ /^[[:space:]]/) return 0
      gsub(/\\\|/, "", header)
      if (header !~ /\|/) return 0
      sub(/[[:space:]]+$/, "", header); sub(/[[:space:]]+$/, "", delimiter)
      sub(/^\|/, "", header); sub(/\|$/, "", header)
      sub(/^\|/, "", delimiter); sub(/\|$/, "", delimiter)
      count=split(header,cells,"|")
      if (!count || split(delimiter,cells,"|") != count) return 0
      for (i=1; i<=count; i++) {
        cell=cells[i]; gsub(/^[[:space:]]+|[[:space:]]+$/, "", cell)
        if (cell !~ /^:?-+:?$/) return 0
      }
      return 1
    }
    function closing_tick(s, size, row, probe, list_number) {
      while (1) {
        while (match(s, /`+/)) {
          if (RLENGTH == size) return 1
          s=substr(s,RSTART+RLENGTH)
        }
        if (++row > NR || lines[row] ~ /^[[:space:]]*$/) return 0
        s=lines[row]
        probe=s; sub(/^ ? ? ?/, "", probe)
        list_number=probe; sub(/[.)].*$/, "", list_number)
        if (probe ~ /^[0-9]+[.)][[:space:]]+[^[:space:]]/ && length(list_number) <= 9 && list_number+0 == 1) return 0
        if (table_start(row) || probe ~ /^```|^~~~|^#[#]?[#]?[#]?[#]?[#]?([[:space:]]|$)|^[-+*][[:space:]]+[^[:space:]]|^<!--/) return 0
      }
    }
    function uncomment(s, row, out, end, size) {
      out=""
      while (length(s)) {
        if (comment) {
          end=index(s,"-->"); if (!end) return out
          s=substr(s,end+3); comment=0
        } else if (inline_size) {
          if (!match(s,/`+/)) return out s
          size=RLENGTH
          out=out substr(s,1,RSTART+size-1)
          s=substr(s,RSTART+size)
          if (size == inline_size) inline_size=0
        } else if (substr(s,1,4) == "<!--") {
          comment=1; s=substr(s,5)
        } else if (substr(s,1,2) == "\\`" || substr(s,1,2) == "\\\\" || substr(s,1,2) == "\\<") {
          out=out substr(s,1,2); s=substr(s,3)
        } else if (substr(s,1,1) == "`") {
          match(s,/^`+/); size=RLENGTH
          out=out substr(s,1,size); s=substr(s,size+1)
          if (closing_tick(s,size,row)) inline_size=size
        } else {
          out=out substr(s,1,1); s=substr(s,2)
        }
      }
      return out
    }
    { lines[NR]=$0 }
    END {
      for (row=1; row<=NR; row++) {
        line=lines[row]
        if (!fenced && !comment && !inline_size) {
          if (line ~ /^[[:space:]]*$/) {
            paragraph=0; table=0
            print line
            continue
          }
          if (line ~ /^(    | ? ? ?\t)/ && (indented || !paragraph)) {
            indented=1; table=0
            if (keep_fences == "yes") print line
            continue
          }
          indented=0
        }
        scan=line
        spaces=0
        while (spaces < 3 && substr(scan,1,1) == " ") { scan=substr(scan,2); spaces++ }
        marker=substr(scan,1,1)
        marker_len=0
        if (marker == "`" || marker == "~") {
          while (substr(scan,marker_len+1,1) == marker) marker_len++
        }
        if (marker_len >= 3 && !comment && !inline_size) {
          paragraph=0; table=0
          rest=substr(scan,marker_len+1)
          if (!fenced) {
            fenced=1; fence_marker=marker; fence_len=marker_len
          } else if (marker == fence_marker && marker_len >= fence_len && rest ~ /^[[:space:]]*$/) {
            fenced=0
          }
          if (keep_fences == "yes") print line
          continue
        }
        if (fenced) {
          if (keep_fences == "yes") print line
          continue
        }
        line=uncomment(line,row)
        scan=line; sub(/^ ? ? ?/, "", scan)
        table=table_start(row) || (table && scan ~ /\|/)
        paragraph=(line !~ /^[[:space:]]*$/ && scan !~ /^#[#]?[#]?[#]?[#]?[#]?([[:space:]]|$)/ && !table)
        if (line ~ /^[[:space:]]*$/ && lines[row] !~ /^[[:space:]]*$/) continue
        print line
      }
    }'
+++++ fm_brief_heading_parse - '## Tier' body
+++++ local file=- 'heading=## Tier' mode=body input=-
+++++ '[' - = - ']'
+++++ input=/dev/stdin
+++++ awk -v 'heading=## Tier' -v mode=body '
    BEGIN {
      target_level = 0
      while (substr(heading, target_level + 1, 1) == "#") target_level++
    }
    {
      line = $0
      scan = line
      spaces = 0
      while (spaces < 3 && substr(scan, 1, 1) == " ") {
        scan = substr(scan, 2)
        spaces++
      }
      marker = substr(scan, 1, 1)
      marker_len = 0
      if (marker == "`" || marker == "~") {
        while (substr(scan, marker_len + 1, 1) == marker) marker_len++
      }
      is_fence = marker_len >= 3
      was_fenced = fenced

      if (is_fence) {
        rest = substr(scan, marker_len + 1)
        if (!fenced) {
          fenced = 1
          fence_marker = marker
          fence_len = marker_len
        } else if (marker == fence_marker && marker_len >= fence_len && rest ~ /^[[:space:]]*$/) {
          fenced = 0
        }
      }

      if (!found && !was_fenced && line == heading) {
        found = 1
        if (mode == "present") next
        grab = 1
        next
      }
      if (mode == "present" || !grab) next
      if (is_fence || was_fenced) {
        print line
        next
      }

      level = 0
      while (substr(scan, level + 1, 1) == "#") level++
      if (level > 0 && level <= target_level && substr(scan, level + 1, 1) ~ /^[[:space:]]?$/) exit
      print line
    }
    END {
      if (mode == "present" && !found) exit 1
    }
  ' /dev/stdin
++++ line=' no, confined CLI output.'
+++++ printf %s ' no, confined CLI output.'
+++++ tr '[:upper:]' '[:lower:]'
+++++ sed 's/,.*//'
+++++ tr -d '[:space:].'
++++ verdict=no
+++++ printf %s ' no, confined CLI output.'
+++++ sed 's/^[^,]*,*//'
+++++ tr -d '[:space:].'
++++ reason=confinedCLIoutput
++++ case "$verdict" in
++++ '[' -n confinedCLIoutput ']'
++++ printf '%s\n' no
+++ ui=no
+++ '[' -z yes ']'
+++ '[' -z no ']'
+++ '[' -z no ']'
+++ '[' no = yes ']'
+++ '[' yes = yes ']'
+++ printf '2\n'
++ tier=2
++ '[' -z 2 ']'
++ fm_prep_delivery_mode /tmp/fm-task-delivery.r4jQpX/commented-surgical-direct-PR-reader/home/data/commented-surgical-direct-PR-reader/prep.md
++ cp /tmp/fm-task-delivery.r4jQpX/commented-surgical-direct-PR-reader/home/data/commented-surgical-direct-PR-reader/prep.md /home/zcrew/.no-mistakes/evidence/01M45JNGXNRJ522PPBNYHJF1VA/restored-context-surgical-direct-PR.input.md
++ review_original_delivery_mode /tmp/fm-task-delivery.r4jQpX/commented-surgical-direct-PR-reader/home/data/commented-surgical-direct-PR-reader/prep.md
++ local value reason mode
+++ fm_prep_tier_read /tmp/fm-task-delivery.r4jQpX/commented-surgical-direct-PR-reader/home/data/commented-surgical-direct-PR-reader/prep.md
+++ local file=/tmp/fm-task-delivery.r4jQpX/commented-surgical-direct-PR-reader/home/data/commented-surgical-direct-PR-reader/prep.md mode=body
+++ '[' -f /tmp/fm-task-delivery.r4jQpX/commented-surgical-direct-PR-reader/home/data/commented-surgical-direct-PR-reader/prep.md ']'
+++ '[' -r /tmp/fm-task-delivery.r4jQpX/commented-surgical-direct-PR-reader/home/data/commented-surgical-direct-PR-reader/prep.md ']'
+++ awk '
    /^- Delivery depth:/ { seen++; value=substr($0,19) }
    END { if (seen == 1) print value }
  '
+++ fm_prep_body_text
+++ awk -v keep_fences=no '
    function table_start(row, header, delimiter, cells, count, i, cell) {
      if (row >= NR) return 0
      header=lines[row]; delimiter=lines[row+1]
      sub(/^ ? ? ?/, "", header); sub(/^ ? ? ?/, "", delimiter)
      if (header ~ /^[[:space:]]/ || delimiter ~ /^[[:space:]]/) return 0
      gsub(/\\\|/, "", header)
      if (header !~ /\|/) return 0
      sub(/[[:space:]]+$/, "", header); sub(/[[:space:]]+$/, "", delimiter)
      sub(/^\|/, "", header); sub(/\|$/, "", header)
      sub(/^\|/, "", delimiter); sub(/\|$/, "", delimiter)
      count=split(header,cells,"|")
      if (!count || split(delimiter,cells,"|") != count) return 0
      for (i=1; i<=count; i++) {
        cell=cells[i]; gsub(/^[[:space:]]+|[[:space:]]+$/, "", cell)
        if (cell !~ /^:?-+:?$/) return 0
      }
      return 1
    }
    function closing_tick(s, size, row, probe, list_number) {
      while (1) {
        while (match(s, /`+/)) {
          if (RLENGTH == size) return 1
          s=substr(s,RSTART+RLENGTH)
        }
        if (++row > NR || lines[row] ~ /^[[:space:]]*$/) return 0
        s=lines[row]
        probe=s; sub(/^ ? ? ?/, "", probe)
        list_number=probe; sub(/[.)].*$/, "", list_number)
        if (probe ~ /^[0-9]+[.)][[:space:]]+[^[:space:]]/ && length(list_number) <= 9 && list_number+0 == 1) return 0
        if (table_start(row) || probe ~ /^```|^~~~|^#[#]?[#]?[#]?[#]?[#]?([[:space:]]|$)|^[-+*][[:space:]]+[^[:space:]]|^<!--/) return 0
      }
    }
    function uncomment(s, row, out, end, size) {
      out=""
      while (length(s)) {
        if (comment) {
          end=index(s,"-->"); if (!end) return out
          s=substr(s,end+3); comment=0
        } else if (inline_size) {
          if (!match(s,/`+/)) return out s
          size=RLENGTH
          out=out substr(s,1,RSTART+size-1)
          s=substr(s,RSTART+size)
          if (size == inline_size) inline_size=0
        } else if (substr(s,1,4) == "<!--") {
          comment=1; s=substr(s,5)
        } else if (substr(s,1,2) == "\\`" || substr(s,1,2) == "\\\\" || substr(s,1,2) == "\\<") {
          out=out substr(s,1,2); s=substr(s,3)
        } else if (substr(s,1,1) == "`") {
          match(s,/^`+/); size=RLENGTH
          out=out substr(s,1,size); s=substr(s,size+1)
          if (closing_tick(s,size,row)) inline_size=size
        } else {
          out=out substr(s,1,1); s=substr(s,2)
        }
      }
      return out
    }
    { lines[NR]=$0 }
    END {
      for (row=1; row<=NR; row++) {
        line=lines[row]
        if (!fenced && !comment && !inline_size) {
          if (line ~ /^[[:space:]]*$/) {
            paragraph=0; table=0
            print line
            continue
          }
          if (line ~ /^(    | ? ? ?\t)/ && (indented || !paragraph)) {
            indented=1; table=0
            if (keep_fences == "yes") print line
            continue
          }
          indented=0
        }
        scan=line
        spaces=0
        while (spaces < 3 && substr(scan,1,1) == " ") { scan=substr(scan,2); spaces++ }
        marker=substr(scan,1,1)
        marker_len=0
        if (marker == "`" || marker == "~") {
          while (substr(scan,marker_len+1,1) == marker) marker_len++
        }
        if (marker_len >= 3 && !comment && !inline_size) {
          paragraph=0; table=0
          rest=substr(scan,marker_len+1)
          if (!fenced) {
            fenced=1; fence_marker=marker; fence_len=marker_len
          } else if (marker == fence_marker && marker_len >= fence_len && rest ~ /^[[:space:]]*$/) {
            fenced=0
          }
          if (keep_fences == "yes") print line
          continue
        }
        if (fenced) {
          if (keep_fences == "yes") print line
          continue
        }
        line=uncomment(line,row)
        scan=line; sub(/^ ? ? ?/, "", scan)
        table=table_start(row) || (table && scan ~ /\|/)
        paragraph=(line !~ /^[[:space:]]*$/ && scan !~ /^#[#]?[#]?[#]?[#]?[#]?([[:space:]]|$)/ && !table)
        if (line ~ /^[[:space:]]*$/ && lines[row] !~ /^[[:space:]]*$/) continue
        print line
      }
    }'
+++ fm_brief_heading_parse - '## Tier' body
+++ local file=- 'heading=## Tier' mode=body input=-
+++ '[' - = - ']'
+++ input=/dev/stdin
+++ awk -v 'heading=## Tier' -v mode=body '
    BEGIN {
      target_level = 0
      while (substr(heading, target_level + 1, 1) == "#") target_level++
    }
    {
      line = $0
      scan = line
      spaces = 0
      while (spaces < 3 && substr(scan, 1, 1) == " ") {
        scan = substr(scan, 2)
        spaces++
      }
      marker = substr(scan, 1, 1)
      marker_len = 0
      if (marker == "`" || marker == "~") {
        while (substr(scan, marker_len + 1, 1) == marker) marker_len++
      }
      is_fence = marker_len >= 3
      was_fenced = fenced

      if (is_fence) {
        rest = substr(scan, marker_len + 1)
        if (!fenced) {
          fenced = 1
          fence_marker = marker
          fence_len = marker_len
        } else if (marker == fence_marker && marker_len >= fence_len && rest ~ /^[[:space:]]*$/) {
          fenced = 0
        }
      }

      if (!found && !was_fenced && line == heading) {
        found = 1
        if (mode == "present") next
        grab = 1
        next
      }
      if (mode == "present" || !grab) next
      if (is_fence || was_fenced) {
        print line
        next
      }

      level = 0
      while (substr(scan, level + 1, 1) == "#") level++
      if (level > 0 && level <= target_level && substr(scan, level + 1, 1) ~ /^[[:space:]]?$/) exit
      print line
    }
    END {
      if (mode == "present" && !found) exit 1
    }
  ' /dev/stdin
++ value='checks-only (direct-PR), exercise the declared fixture delivery contract.'
++ case "$value" in
++ mode=direct-PR
++ reason='exercise the declared fixture delivery contract.'
++ case "$reason" in
++ fm_prep_answer_complete 'exercise the declared fixture delivery contract.' no
++ printf '%s\n' 'exercise the declared fixture delivery contract.'
++ awk -v na=no '
    function clean(s) { gsub(/^[[:space:]]+|[[:space:]]+$/, "", s); return s }
    { text=text $0 " " }
    END {
      text=clean(text)
      if (tolower(text) ~ /^n\/a([ :]|$)/) {
        if (na != "yes" || text !~ /^[nN]\/[aA]:[[:space:]]*[^[:space:]]/) exit 1
        sub(/^[nN]\/[aA]:[[:space:]]*/, "", text)
      }
      if (text == "" || text ~ /^[{][A-Z0-9_]+[}]$/ || text ~ /^<[^>]+>$/ || tolower(text) ~ /^(example|e[.]g[.]|todo|tbd)([ :]|$)/) exit 1
    }'
++ printf '%s\n' direct-PR
+++ fm_prep_common_reason /tmp/fm-task-delivery.r4jQpX/commented-surgical-direct-PR-reader/home/data/commented-surgical-direct-PR-reader/prep.md
+++ local file=/tmp/fm-task-delivery.r4jQpX/commented-surgical-direct-PR-reader/home/data/commented-surgical-direct-PR-reader/prep.md label placeholder conditional guide body value reason
+++ fm_brief_heading_present /tmp/fm-task-delivery.r4jQpX/commented-surgical-direct-PR-reader/home/data/commented-surgical-direct-PR-reader/prep.md '## Author checks'
+++ fm_brief_heading_parse /tmp/fm-task-delivery.r4jQpX/commented-surgical-direct-PR-reader/home/data/commented-surgical-direct-PR-reader/prep.md '## Author checks' present
+++ local file=/tmp/fm-task-delivery.r4jQpX/commented-surgical-direct-PR-reader/home/data/commented-surgical-direct-PR-reader/prep.md 'heading=## Author checks' mode=present input=/tmp/fm-task-delivery.r4jQpX/commented-surgical-direct-PR-reader/home/data/commented-surgical-direct-PR-reader/prep.md
+++ '[' /tmp/fm-task-delivery.r4jQpX/commented-surgical-direct-PR-reader/home/data/commented-surgical-direct-PR-reader/prep.md = - ']'
+++ '[' -f /tmp/fm-task-delivery.r4jQpX/commented-surgical-direct-PR-reader/home/data/commented-surgical-direct-PR-reader/prep.md ']'
+++ awk -v 'heading=## Author checks' -v mode=present '
    BEGIN {
      target_level = 0
      while (substr(heading, target_level + 1, 1) == "#") target_level++
    }
    {
      line = $0
      scan = line
      spaces = 0
      while (spaces < 3 && substr(scan, 1, 1) == " ") {
        scan = substr(scan, 2)
        spaces++
      }
      marker = substr(scan, 1, 1)
      marker_len = 0
      if (marker == "`" || marker == "~") {
        while (substr(scan, marker_len + 1, 1) == marker) marker_len++
      }
      is_fence = marker_len >= 3
      was_fenced = fenced

      if (is_fence) {
        rest = substr(scan, marker_len + 1)
        if (!fenced) {
          fenced = 1
          fence_marker = marker
          fence_len = marker_len
        } else if (marker == fence_marker && marker_len >= fence_len && rest ~ /^[[:space:]]*$/) {
          fenced = 0
        }
      }

      if (!found && !was_fenced && line == heading) {
        found = 1
        if (mode == "present") next
        grab = 1
        next
      }
      if (mode == "present" || !grab) next
      if (is_fence || was_fenced) {
        print line
        next
      }

      level = 0
      while (substr(scan, level + 1, 1) == "#") level++
      if (level > 0 && level <= target_level && substr(scan, level + 1, 1) ~ /^[[:space:]]?$/) exit
      print line
    }
    END {
      if (mode == "present" && !found) exit 1
    }
  ' /tmp/fm-task-delivery.r4jQpX/commented-surgical-direct-PR-reader/home/data/commented-surgical-direct-PR-reader/prep.md
++++ fm_brief_heading_body /tmp/fm-task-delivery.r4jQpX/commented-surgical-direct-PR-reader/home/data/commented-surgical-direct-PR-reader/prep.md '## Author checks'
++++ fm_prep_body_text
++++ awk -v keep_fences=no '
    function table_start(row, header, delimiter, cells, count, i, cell) {
      if (row >= NR) return 0
      header=lines[row]; delimiter=lines[row+1]
      sub(/^ ? ? ?/, "", header); sub(/^ ? ? ?/, "", delimiter)
      if (header ~ /^[[:space:]]/ || delimiter ~ /^[[:space:]]/) return 0
      gsub(/\\\|/, "", header)
      if (header !~ /\|/) return 0
      sub(/[[:space:]]+$/, "", header); sub(/[[:space:]]+$/, "", delimiter)
      sub(/^\|/, "", header); sub(/\|$/, "", header)
      sub(/^\|/, "", delimiter); sub(/\|$/, "", delimiter)
      count=split(header,cells,"|")
      if (!count || split(delimiter,cells,"|") != count) return 0
      for (i=1; i<=count; i++) {
        cell=cells[i]; gsub(/^[[:space:]]+|[[:space:]]+$/, "", cell)
        if (cell !~ /^:?-+:?$/) return 0
      }
      return 1
    }
    function closing_tick(s, size, row, probe, list_number) {
      while (1) {
        while (match(s, /`+/)) {
          if (RLENGTH == size) return 1
          s=substr(s,RSTART+RLENGTH)
        }
        if (++row > NR || lines[row] ~ /^[[:space:]]*$/) return 0
        s=lines[row]
        probe=s; sub(/^ ? ? ?/, "", probe)
        list_number=probe; sub(/[.)].*$/, "", list_number)
        if (probe ~ /^[0-9]+[.)][[:space:]]+[^[:space:]]/ && length(list_number) <= 9 && list_number+0 == 1) return 0
        if (table_start(row) || probe ~ /^```|^~~~|^#[#]?[#]?[#]?[#]?[#]?([[:space:]]|$)|^[-+*][[:space:]]+[^[:space:]]|^<!--/) return 0
      }
    }
    function uncomment(s, row, out, end, size) {
      out=""
      while (length(s)) {
        if (comment) {
          end=index(s,"-->"); if (!end) return out
          s=substr(s,end+3); comment=0
        } else if (inline_size) {
          if (!match(s,/`+/)) return out s
          size=RLENGTH
          out=out substr(s,1,RSTART+size-1)
          s=substr(s,RSTART+size)
          if (size == inline_size) inline_size=0
        } else if (substr(s,1,4) == "<!--") {
          comment=1; s=substr(s,5)
        } else if (substr(s,1,2) == "\\`" || substr(s,1,2) == "\\\\" || substr(s,1,2) == "\\<") {
          out=out substr(s,1,2); s=substr(s,3)
        } else if (substr(s,1,1) == "`") {
          match(s,/^`+/); size=RLENGTH
          out=out substr(s,1,size); s=substr(s,size+1)
          if (closing_tick(s,size,row)) inline_size=size
        } else {
          out=out substr(s,1,1); s=substr(s,2)
        }
      }
      return out
    }
    { lines[NR]=$0 }
    END {
      for (row=1; row<=NR; row++) {
        line=lines[row]
        if (!fenced && !comment && !inline_size) {
          if (line ~ /^[[:space:]]*$/) {
            paragraph=0; table=0
            print line
            continue
          }
          if (line ~ /^(    | ? ? ?\t)/ && (indented || !paragraph)) {
            indented=1; table=0
            if (keep_fences == "yes") print line
            continue
          }
          indented=0
        }
        scan=line
        spaces=0
        while (spaces < 3 && substr(scan,1,1) == " ") { scan=substr(scan,2); spaces++ }
        marker=substr(scan,1,1)
        marker_len=0
        if (marker == "`" || marker == "~") {
          while (substr(scan,marker_len+1,1) == marker) marker_len++
        }
        if (marker_len >= 3 && !comment && !inline_size) {
          paragraph=0; table=0
          rest=substr(scan,marker_len+1)
          if (!fenced) {
            fenced=1; fence_marker=marker; fence_len=marker_len
          } else if (marker == fence_marker && marker_len >= fence_len && rest ~ /^[[:space:]]*$/) {
            fenced=0
          }
          if (keep_fences == "yes") print line
          continue
        }
        if (fenced) {
          if (keep_fences == "yes") print line
          continue
        }
        line=uncomment(line,row)
        scan=line; sub(/^ ? ? ?/, "", scan)
        table=table_start(row) || (table && scan ~ /\|/)
        paragraph=(line !~ /^[[:space:]]*$/ && scan !~ /^#[#]?[#]?[#]?[#]?[#]?([[:space:]]|$)/ && !table)
        if (line ~ /^[[:space:]]*$/ && lines[row] !~ /^[[:space:]]*$/) continue
        print line
      }
    }'
++++ fm_brief_heading_parse /tmp/fm-task-delivery.r4jQpX/commented-surgical-direct-PR-reader/home/data/commented-surgical-direct-PR-reader/prep.md '## Author checks' body
++++ local file=/tmp/fm-task-delivery.r4jQpX/commented-surgical-direct-PR-reader/home/data/commented-surgical-direct-PR-reader/prep.md 'heading=## Author checks' mode=body input=/tmp/fm-task-delivery.r4jQpX/commented-surgical-direct-PR-reader/home/data/commented-surgical-direct-PR-reader/prep.md
++++ '[' /tmp/fm-task-delivery.r4jQpX/commented-surgical-direct-PR-reader/home/data/commented-surgical-direct-PR-reader/prep.md = - ']'
++++ '[' -f /tmp/fm-task-delivery.r4jQpX/commented-surgical-direct-PR-reader/home/data/commented-surgical-direct-PR-reader/prep.md ']'
++++ awk -v 'heading=## Author checks' -v mode=body '
    BEGIN {
      target_level = 0
      while (substr(heading, target_level + 1, 1) == "#") target_level++
    }
    {
      line = $0
      scan = line
      spaces = 0
      while (spaces < 3 && substr(scan, 1, 1) == " ") {
        scan = substr(scan, 2)
        spaces++
      }
      marker = substr(scan, 1, 1)
      marker_len = 0
      if (marker == "`" || marker == "~") {
        while (substr(scan, marker_len + 1, 1) == marker) marker_len++
      }
      is_fence = marker_len >= 3
      was_fenced = fenced

      if (is_fence) {
        rest = substr(scan, marker_len + 1)
        if (!fenced) {
          fenced = 1
          fence_marker = marker
          fence_len = marker_len
        } else if (marker == fence_marker && marker_len >= fence_len && rest ~ /^[[:space:]]*$/) {
          fenced = 0
        }
      }

      if (!found && !was_fenced && line == heading) {
        found = 1
        if (mode == "present") next
        grab = 1
        next
      }
      if (mode == "present" || !grab) next
      if (is_fence || was_fenced) {
        print line
        next
      }

      level = 0
      while (substr(scan, level + 1, 1) == "#") level++
      if (level > 0 && level <= target_level && substr(scan, level + 1, 1) ~ /^[[:space:]]?$/) exit
      print line
    }
    END {
      if (mode == "present" && !found) exit 1
    }
  ' /tmp/fm-task-delivery.r4jQpX/commented-surgical-direct-PR-reader/home/data/commented-surgical-direct-PR-reader/prep.md
+++ body='
- Captain rulings: Intent: exercise delivery admission; ruling: use an isolated fixture (test brief).

- Still valid: proceed: inspected fixture base and task sources; delivery admission remains needed with no dependency.

- Siblings named: Not a defect; searched fixture task records and delivery owners, none found.

- Screen and region: n/a: no product screen is changed.

- Red-first proof: bash tests/fm-task-delivery.test.sh; remove the record; expect a preparation refusal; record observed RED before implementation.

- Fixture arithmetic: n/a: no calculated assertions.

- Data path reachability: brief --prep writes data/id/prep.md; spawn reads that path; launch rendering is the fixture witness.

- Scope only as asked: Exercise the requested delivery admission only; real endpoints and product changes are outside scope.

- Validation route: bash bin/fm-test-run.sh tests/fm-task-delivery.test.sh; Bash fixture runtime, isolated home, baseline timing unknown; worker measures this bounded run, CI owns final regression.

- Author gate check: bash -c '\'' . bin/fm-dod-lib.sh; fm_prep_unfilled_reason "$1" '\'' _ data/id/prep.md; run on final bytes before handoff and paste empty output and raw exit 1 (reason with exit 0 refuses).'
+++ IFS='|'
+++ read -r label placeholder conditional guide
++++ printf '%s\n' '
- Captain rulings: Intent: exercise delivery admission; ruling: use an isolated fixture (test brief).

- Still valid: proceed: inspected fixture base and task sources; delivery admission remains needed with no dependency.

- Siblings named: Not a defect; searched fixture task records and delivery owners, none found.

- Screen and region: n/a: no product screen is changed.

- Red-first proof: bash tests/fm-task-delivery.test.sh; remove the record; expect a preparation refusal; record observed RED before implementation.

- Fixture arithmetic: n/a: no calculated assertions.

- Data path reachability: brief --prep writes data/id/prep.md; spawn reads that path; launch rendering is the fixture witness.

- Scope only as asked: Exercise the requested delivery admission only; real endpoints and product changes are outside scope.

- Validation route: bash bin/fm-test-run.sh tests/fm-task-delivery.test.sh; Bash fixture runtime, isolated home, baseline timing unknown; worker measures this bounded run, CI owns final regression.

- Author gate check: bash -c '\'' . bin/fm-dod-lib.sh; fm_prep_unfilled_reason "$1" '\'' _ data/id/prep.md; run on final bytes before handoff and paste empty output and raw exit 1 (reason with exit 0 refuses).'
++++ awk -v 'label=Captain rulings' '
      {
        line=$0
        if (line ~ /^- /) {
          grab=index(line, "- " label ":") == 1
          if (grab) { seen++; print substr(line, length(label)+4) }
        } else if (grab) print line
      }
      END { if (seen != 1) print "{INVALID_FIELD}" }
    '
+++ value=' Intent: exercise delivery admission; ruling: use an isolated fixture (test brief).'
+++ '[' 'Captain rulings' = 'Captain rulings' ']'
+++ fm_prep_surgical_declared /tmp/fm-task-delivery.r4jQpX/commented-surgical-direct-PR-reader/home/data/commented-surgical-direct-PR-reader/prep.md
+++ grep -q '^- Preparation format:'
+++ fm_prep_tier_read /tmp/fm-task-delivery.r4jQpX/commented-surgical-direct-PR-reader/home/data/commented-surgical-direct-PR-reader/prep.md
+++ local file=/tmp/fm-task-delivery.r4jQpX/commented-surgical-direct-PR-reader/home/data/commented-surgical-direct-PR-reader/prep.md mode=body
+++ '[' -f /tmp/fm-task-delivery.r4jQpX/commented-surgical-direct-PR-reader/home/data/commented-surgical-direct-PR-reader/prep.md ']'
+++ '[' -r /tmp/fm-task-delivery.r4jQpX/commented-surgical-direct-PR-reader/home/data/commented-surgical-direct-PR-reader/prep.md ']'
+++ fm_brief_heading_parse - '## Tier' body
+++ local file=- 'heading=## Tier' mode=body input=-
+++ '[' - = - ']'
+++ input=/dev/stdin
+++ awk -v 'heading=## Tier' -v mode=body '
    BEGIN {
      target_level = 0
      while (substr(heading, target_level + 1, 1) == "#") target_level++
    }
    {
      line = $0
      scan = line
      spaces = 0
      while (spaces < 3 && substr(scan, 1, 1) == " ") {
        scan = substr(scan, 2)
        spaces++
      }
      marker = substr(scan, 1, 1)
      marker_len = 0
      if (marker == "`" || marker == "~") {
        while (substr(scan, marker_len + 1, 1) == marker) marker_len++
      }
      is_fence = marker_len >= 3
      was_fenced = fenced

      if (is_fence) {
        rest = substr(scan, marker_len + 1)
        if (!fenced) {
          fenced = 1
          fence_marker = marker
          fence_len = marker_len
        } else if (marker == fence_marker && marker_len >= fence_len && rest ~ /^[[:space:]]*$/) {
          fenced = 0
        }
      }

      if (!found && !was_fenced && line == heading) {
        found = 1
        if (mode == "present") next
        grab = 1
        next
      }
      if (mode == "present" || !grab) next
      if (is_fence || was_fenced) {
        print line
        next
      }

      level = 0
      while (substr(scan, level + 1, 1) == "#") level++
      if (level > 0 && level <= target_level && substr(scan, level + 1, 1) ~ /^[[:space:]]?$/) exit
      print line
    }
    END {
      if (mode == "present" && !found) exit 1
    }
  ' /dev/stdin
+++ fm_prep_body_text
+++ awk -v keep_fences=no '
    function table_start(row, header, delimiter, cells, count, i, cell) {
      if (row >= NR) return 0
      header=lines[row]; delimiter=lines[row+1]
      sub(/^ ? ? ?/, "", header); sub(/^ ? ? ?/, "", delimiter)
      if (header ~ /^[[:space:]]/ || delimiter ~ /^[[:space:]]/) return 0
      gsub(/\\\|/, "", header)
      if (header !~ /\|/) return 0
      sub(/[[:space:]]+$/, "", header); sub(/[[:space:]]+$/, "", delimiter)
      sub(/^\|/, "", header); sub(/\|$/, "", header)
      sub(/^\|/, "", delimiter); sub(/\|$/, "", delimiter)
      count=split(header,cells,"|")
      if (!count || split(delimiter,cells,"|") != count) return 0
      for (i=1; i<=count; i++) {
        cell=cells[i]; gsub(/^[[:space:]]+|[[:space:]]+$/, "", cell)
        if (cell !~ /^:?-+:?$/) return 0
      }
      return 1
    }
    function closing_tick(s, size, row, probe, list_number) {
      while (1) {
        while (match(s, /`+/)) {
          if (RLENGTH == size) return 1
          s=substr(s,RSTART+RLENGTH)
        }
        if (++row > NR || lines[row] ~ /^[[:space:]]*$/) return 0
        s=lines[row]
        probe=s; sub(/^ ? ? ?/, "", probe)
        list_number=probe; sub(/[.)].*$/, "", list_number)
        if (probe ~ /^[0-9]+[.)][[:space:]]+[^[:space:]]/ && length(list_number) <= 9 && list_number+0 == 1) return 0
        if (table_start(row) || probe ~ /^```|^~~~|^#[#]?[#]?[#]?[#]?[#]?([[:space:]]|$)|^[-+*][[:space:]]+[^[:space:]]|^<!--/) return 0
      }
    }
    function uncomment(s, row, out, end, size) {
      out=""
      while (length(s)) {
        if (comment) {
          end=index(s,"-->"); if (!end) return out
          s=substr(s,end+3); comment=0
        } else if (inline_size) {
          if (!match(s,/`+/)) return out s
          size=RLENGTH
          out=out substr(s,1,RSTART+size-1)
          s=substr(s,RSTART+size)
          if (size == inline_size) inline_size=0
        } else if (substr(s,1,4) == "<!--") {
          comment=1; s=substr(s,5)
        } else if (substr(s,1,2) == "\\`" || substr(s,1,2) == "\\\\" || substr(s,1,2) == "\\<") {
          out=out substr(s,1,2); s=substr(s,3)
        } else if (substr(s,1,1) == "`") {
          match(s,/^`+/); size=RLENGTH
          out=out substr(s,1,size); s=substr(s,size+1)
          if (closing_tick(s,size,row)) inline_size=size
        } else {
          out=out substr(s,1,1); s=substr(s,2)
        }
      }
      return out
    }
    { lines[NR]=$0 }
    END {
      for (row=1; row<=NR; row++) {
        line=lines[row]
        if (!fenced && !comment && !inline_size) {
          if (line ~ /^[[:space:]]*$/) {
            paragraph=0; table=0
            print line
            continue
          }
          if (line ~ /^(    | ? ? ?\t)/ && (indented || !paragraph)) {
            indented=1; table=0
            if (keep_fences == "yes") print line
            continue
          }
          indented=0
        }
        scan=line
        spaces=0
        while (spaces < 3 && substr(scan,1,1) == " ") { scan=substr(scan,2); spaces++ }
        marker=substr(scan,1,1)
        marker_len=0
        if (marker == "`" || marker == "~") {
          while (substr(scan,marker_len+1,1) == marker) marker_len++
        }
        if (marker_len >= 3 && !comment && !inline_size) {
          paragraph=0; table=0
          rest=substr(scan,marker_len+1)
          if (!fenced) {
            fenced=1; fence_marker=marker; fence_len=marker_len
          } else if (marker == fence_marker && marker_len >= fence_len && rest ~ /^[[:space:]]*$/) {
            fenced=0
          }
          if (keep_fences == "yes") print line
          continue
        }
        if (fenced) {
          if (keep_fences == "yes") print line
          continue
        }
        line=uncomment(line,row)
        scan=line; sub(/^ ? ? ?/, "", scan)
        table=table_start(row) || (table && scan ~ /\|/)
        paragraph=(line !~ /^[[:space:]]*$/ && scan !~ /^#[#]?[#]?[#]?[#]?[#]?([[:space:]]|$)/ && !table)
        if (line ~ /^[[:space:]]*$/ && lines[row] !~ /^[[:space:]]*$/) continue
        print line
      }
    }'
+++ conditional=no
+++ '[' 'Captain rulings' = 'Screen and region' ']'
+++ fm_prep_answer_complete ' Intent: exercise delivery admission; ruling: use an isolated fixture (test brief).' no
+++ printf '%s\n' ' Intent: exercise delivery admission; ruling: use an isolated fixture (test brief).'
+++ awk -v na=no '
    function clean(s) { gsub(/^[[:space:]]+|[[:space:]]+$/, "", s); return s }
    { text=text $0 " " }
    END {
      text=clean(text)
      if (tolower(text) ~ /^n\/a([ :]|$)/) {
        if (na != "yes" || text !~ /^[nN]\/[aA]:[[:space:]]*[^[:space:]]/) exit 1
        sub(/^[nN]\/[aA]:[[:space:]]*/, "", text)
      }
      if (text == "" || text ~ /^[{][A-Z0-9_]+[}]$/ || text ~ /^<[^>]+>$/ || tolower(text) ~ /^(example|e[.]g[.]|todo|tbd)([ :]|$)/) exit 1
    }'
+++ [[  Intent: exercise delivery admission; ruling: use an isolated fixture (test brief). == *\{\I\N\V\A\L\I\D\_\F\I\E\L\D\}* ]]
+++ '[' 'Captain rulings' = 'Still valid' ']'
+++ IFS='|'
+++ read -r label placeholder conditional guide
++++ printf '%s\n' '
- Captain rulings: Intent: exercise delivery admission; ruling: use an isolated fixture (test brief).

- Still valid: proceed: inspected fixture base and task sources; delivery admission remains needed with no dependency.

- Siblings named: Not a defect; searched fixture task records and delivery owners, none found.

- Screen and region: n/a: no product screen is changed.

- Red-first proof: bash tests/fm-task-delivery.test.sh; remove the record; expect a preparation refusal; record observed RED before implementation.

- Fixture arithmetic: n/a: no calculated assertions.

- Data path reachability: brief --prep writes data/id/prep.md; spawn reads that path; launch rendering is the fixture witness.

- Scope only as asked: Exercise the requested delivery admission only; real endpoints and product changes are outside scope.

- Validation route: bash bin/fm-test-run.sh tests/fm-task-delivery.test.sh; Bash fixture runtime, isolated home, baseline timing unknown; worker measures this bounded run, CI owns final regression.

- Author gate check: bash -c '\'' . bin/fm-dod-lib.sh; fm_prep_unfilled_reason "$1" '\'' _ data/id/prep.md; run on final bytes before handoff and paste empty output and raw exit 1 (reason with exit 0 refuses).'
++++ awk -v 'label=Still valid' '
      {
        line=$0
        if (line ~ /^- /) {
          grab=index(line, "- " label ":") == 1
          if (grab) { seen++; print substr(line, length(label)+4) }
        } else if (grab) print line
      }
      END { if (seen != 1) print "{INVALID_FIELD}" }
    '
+++ value=' proceed: inspected fixture base and task sources; delivery admission remains needed with no dependency.'
+++ '[' 'Still valid' = 'Captain rulings' ']'
+++ '[' 'Still valid' = 'Screen and region' ']'
+++ fm_prep_answer_complete ' proceed: inspected fixture base and task sources; delivery admission remains needed with no dependency.' no
+++ printf '%s\n' ' proceed: inspected fixture base and task sources; delivery admission remains needed with no dependency.'
+++ awk -v na=no '
    function clean(s) { gsub(/^[[:space:]]+|[[:space:]]+$/, "", s); return s }
    { text=text $0 " " }
    END {
      text=clean(text)
      if (tolower(text) ~ /^n\/a([ :]|$)/) {
        if (na != "yes" || text !~ /^[nN]\/[aA]:[[:space:]]*[^[:space:]]/) exit 1
        sub(/^[nN]\/[aA]:[[:space:]]*/, "", text)
      }
      if (text == "" || text ~ /^[{][A-Z0-9_]+[}]$/ || text ~ /^<[^>]+>$/ || tolower(text) ~ /^(example|e[.]g[.]|todo|tbd)([ :]|$)/) exit 1
    }'
+++ [[  proceed: inspected fixture base and task sources; delivery admission remains needed with no dependency. == *\{\I\N\V\A\L\I\D\_\F\I\E\L\D\}* ]]
+++ '[' 'Still valid' = 'Still valid' ']'
+++ value='proceed: inspected fixture base and task sources; delivery admission remains needed with no dependency.'
+++ case "$value" in
+++ fm_prep_answer_complete ' inspected fixture base and task sources; delivery admission remains needed with no dependency.' no
+++ awk -v na=no '
    function clean(s) { gsub(/^[[:space:]]+|[[:space:]]+$/, "", s); return s }
    { text=text $0 " " }
    END {
      text=clean(text)
      if (tolower(text) ~ /^n\/a([ :]|$)/) {
        if (na != "yes" || text !~ /^[nN]\/[aA]:[[:space:]]*[^[:space:]]/) exit 1
        sub(/^[nN]\/[aA]:[[:space:]]*/, "", text)
      }
      if (text == "" || text ~ /^[{][A-Z0-9_]+[}]$/ || text ~ /^<[^>]+>$/ || tolower(text) ~ /^(example|e[.]g[.]|todo|tbd)([ :]|$)/) exit 1
    }'
+++ printf '%s\n' ' inspected fixture base and task sources; delivery admission remains needed with no dependency.'
+++ IFS='|'
+++ read -r label placeholder conditional guide
++++ awk -v 'label=Siblings named' '
      {
        line=$0
        if (line ~ /^- /) {
          grab=index(line, "- " label ":") == 1
          if (grab) { seen++; print substr(line, length(label)+4) }
        } else if (grab) print line
      }
      END { if (seen != 1) print "{INVALID_FIELD}" }
    '
++++ printf '%s\n' '
- Captain rulings: Intent: exercise delivery admission; ruling: use an isolated fixture (test brief).

- Still valid: proceed: inspected fixture base and task sources; delivery admission remains needed with no dependency.

- Siblings named: Not a defect; searched fixture task records and delivery owners, none found.

- Screen and region: n/a: no product screen is changed.

- Red-first proof: bash tests/fm-task-delivery.test.sh; remove the record; expect a preparation refusal; record observed RED before implementation.

- Fixture arithmetic: n/a: no calculated assertions.

- Data path reachability: brief --prep writes data/id/prep.md; spawn reads that path; launch rendering is the fixture witness.

- Scope only as asked: Exercise the requested delivery admission only; real endpoints and product changes are outside scope.

- Validation route: bash bin/fm-test-run.sh tests/fm-task-delivery.test.sh; Bash fixture runtime, isolated home, baseline timing unknown; worker measures this bounded run, CI owns final regression.

- Author gate check: bash -c '\'' . bin/fm-dod-lib.sh; fm_prep_unfilled_reason "$1" '\'' _ data/id/prep.md; run on final bytes before handoff and paste empty output and raw exit 1 (reason with exit 0 refuses).'
+++ value=' Not a defect; searched fixture task records and delivery owners, none found.'
+++ '[' 'Siblings named' = 'Captain rulings' ']'
+++ '[' 'Siblings named' = 'Screen and region' ']'
+++ fm_prep_answer_complete ' Not a defect; searched fixture task records and delivery owners, none found.' no
+++ printf '%s\n' ' Not a defect; searched fixture task records and delivery owners, none found.'
+++ awk -v na=no '
    function clean(s) { gsub(/^[[:space:]]+|[[:space:]]+$/, "", s); return s }
    { text=text $0 " " }
    END {
      text=clean(text)
      if (tolower(text) ~ /^n\/a([ :]|$)/) {
        if (na != "yes" || text !~ /^[nN]\/[aA]:[[:space:]]*[^[:space:]]/) exit 1
        sub(/^[nN]\/[aA]:[[:space:]]*/, "", text)
      }
      if (text == "" || text ~ /^[{][A-Z0-9_]+[}]$/ || text ~ /^<[^>]+>$/ || tolower(text) ~ /^(example|e[.]g[.]|todo|tbd)([ :]|$)/) exit 1
    }'
+++ [[  Not a defect; searched fixture task records and delivery owners, none found. == *\{\I\N\V\A\L\I\D\_\F\I\E\L\D\}* ]]
+++ '[' 'Siblings named' = 'Still valid' ']'
+++ IFS='|'
+++ read -r label placeholder conditional guide
++++ printf '%s\n' '
- Captain rulings: Intent: exercise delivery admission; ruling: use an isolated fixture (test brief).

- Still valid: proceed: inspected fixture base and task sources; delivery admission remains needed with no dependency.

- Siblings named: Not a defect; searched fixture task records and delivery owners, none found.

- Screen and region: n/a: no product screen is changed.

- Red-first proof: bash tests/fm-task-delivery.test.sh; remove the record; expect a preparation refusal; record observed RED before implementation.

- Fixture arithmetic: n/a: no calculated assertions.

- Data path reachability: brief --prep writes data/id/prep.md; spawn reads that path; launch rendering is the fixture witness.

- Scope only as asked: Exercise the requested delivery admission only; real endpoints and product changes are outside scope.

- Validation route: bash bin/fm-test-run.sh tests/fm-task-delivery.test.sh; Bash fixture runtime, isolated home, baseline timing unknown; worker measures this bounded run, CI owns final regression.

- Author gate check: bash -c '\'' . bin/fm-dod-lib.sh; fm_prep_unfilled_reason "$1" '\'' _ data/id/prep.md; run on final bytes before handoff and paste empty output and raw exit 1 (reason with exit 0 refuses).'
++++ awk -v 'label=Screen and region' '
      {
        line=$0
        if (line ~ /^- /) {
          grab=index(line, "- " label ":") == 1
          if (grab) { seen++; print substr(line, length(label)+4) }
        } else if (grab) print line
      }
      END { if (seen != 1) print "{INVALID_FIELD}" }
    '
+++ value=' n/a: no product screen is changed.'
+++ '[' 'Screen and region' = 'Captain rulings' ']'
+++ '[' 'Screen and region' = 'Screen and region' ']'
++++ fm_prep_ui_wiring /tmp/fm-task-delivery.r4jQpX/commented-surgical-direct-PR-reader/home/data/commented-surgical-direct-PR-reader/prep.md
++++ local file=/tmp/fm-task-delivery.r4jQpX/commented-surgical-direct-PR-reader/home/data/commented-surgical-direct-PR-reader/prep.md line verdict reason
+++++ fm_prep_ui_wiring_line /tmp/fm-task-delivery.r4jQpX/commented-surgical-direct-PR-reader/home/data/commented-surgical-direct-PR-reader/prep.md
+++++ fm_prep_tier_read /tmp/fm-task-delivery.r4jQpX/commented-surgical-direct-PR-reader/home/data/commented-surgical-direct-PR-reader/prep.md
+++++ local file=/tmp/fm-task-delivery.r4jQpX/commented-surgical-direct-PR-reader/home/data/commented-surgical-direct-PR-reader/prep.md mode=body
+++++ '[' -f /tmp/fm-task-delivery.r4jQpX/commented-surgical-direct-PR-reader/home/data/commented-surgical-direct-PR-reader/prep.md ']'
+++++ '[' -r /tmp/fm-task-delivery.r4jQpX/commented-surgical-direct-PR-reader/home/data/commented-surgical-direct-PR-reader/prep.md ']'
+++++ fm_prep_body_text
+++++ awk -v keep_fences=no '
    function table_start(row, header, delimiter, cells, count, i, cell) {
      if (row >= NR) return 0
      header=lines[row]; delimiter=lines[row+1]
      sub(/^ ? ? ?/, "", header); sub(/^ ? ? ?/, "", delimiter)
      if (header ~ /^[[:space:]]/ || delimiter ~ /^[[:space:]]/) return 0
      gsub(/\\\|/, "", header)
      if (header !~ /\|/) return 0
      sub(/[[:space:]]+$/, "", header); sub(/[[:space:]]+$/, "", delimiter)
      sub(/^\|/, "", header); sub(/\|$/, "", header)
      sub(/^\|/, "", delimiter); sub(/\|$/, "", delimiter)
      count=split(header,cells,"|")
      if (!count || split(delimiter,cells,"|") != count) return 0
      for (i=1; i<=count; i++) {
        cell=cells[i]; gsub(/^[[:space:]]+|[[:space:]]+$/, "", cell)
        if (cell !~ /^:?-+:?$/) return 0
      }
      return 1
    }
    function closing_tick(s, size, row, probe, list_number) {
      while (1) {
        while (match(s, /`+/)) {
          if (RLENGTH == size) return 1
          s=substr(s,RSTART+RLENGTH)
        }
        if (++row > NR || lines[row] ~ /^[[:space:]]*$/) return 0
        s=lines[row]
        probe=s; sub(/^ ? ? ?/, "", probe)
        list_number=probe; sub(/[.)].*$/, "", list_number)
        if (probe ~ /^[0-9]+[.)][[:space:]]+[^[:space:]]/ && length(list_number) <= 9 && list_number+0 == 1) return 0
        if (table_start(row) || probe ~ /^```|^~~~|^#[#]?[#]?[#]?[#]?[#]?([[:space:]]|$)|^[-+*][[:space:]]+[^[:space:]]|^<!--/) return 0
      }
    }
    function uncomment(s, row, out, end, size) {
      out=""
      while (length(s)) {
        if (comment) {
          end=index(s,"-->"); if (!end) return out
          s=substr(s,end+3); comment=0
        } else if (inline_size) {
          if (!match(s,/`+/)) return out s
          size=RLENGTH
          out=out substr(s,1,RSTART+size-1)
          s=substr(s,RSTART+size)
          if (size == inline_size) inline_size=0
        } else if (substr(s,1,4) == "<!--") {
          comment=1; s=substr(s,5)
        } else if (substr(s,1,2) == "\\`" || substr(s,1,2) == "\\\\" || substr(s,1,2) == "\\<") {
          out=out substr(s,1,2); s=substr(s,3)
        } else if (substr(s,1,1) == "`") {
          match(s,/^`+/); size=RLENGTH
          out=out substr(s,1,size); s=substr(s,size+1)
          if (closing_tick(s,size,row)) inline_size=size
        } else {
          out=out substr(s,1,1); s=substr(s,2)
        }
      }
      return out
    }
    { lines[NR]=$0 }
    END {
      for (row=1; row<=NR; row++) {
        line=lines[row]
        if (!fenced && !comment && !inline_size) {
          if (line ~ /^[[:space:]]*$/) {
            paragraph=0; table=0
            print line
            continue
          }
          if (line ~ /^(    | ? ? ?\t)/ && (indented || !paragraph)) {
            indented=1; table=0
            if (keep_fences == "yes") print line
            continue
          }
          indented=0
        }
        scan=line
        spaces=0
        while (spaces < 3 && substr(scan,1,1) == " ") { scan=substr(scan,2); spaces++ }
        marker=substr(scan,1,1)
        marker_len=0
        if (marker == "`" || marker == "~") {
          while (substr(scan,marker_len+1,1) == marker) marker_len++
        }
        if (marker_len >= 3 && !comment && !inline_size) {
          paragraph=0; table=0
          rest=substr(scan,marker_len+1)
          if (!fenced) {
            fenced=1; fence_marker=marker; fence_len=marker_len
          } else if (marker == fence_marker && marker_len >= fence_len && rest ~ /^[[:space:]]*$/) {
            fenced=0
          }
          if (keep_fences == "yes") print line
          continue
        }
        if (fenced) {
          if (keep_fences == "yes") print line
          continue
        }
        line=uncomment(line,row)
        scan=line; sub(/^ ? ? ?/, "", scan)
        table=table_start(row) || (table && scan ~ /\|/)
        paragraph=(line !~ /^[[:space:]]*$/ && scan !~ /^#[#]?[#]?[#]?[#]?[#]?([[:space:]]|$)/ && !table)
        if (line ~ /^[[:space:]]*$/ && lines[row] !~ /^[[:space:]]*$/) continue
        print line
      }
    }'
+++++ fm_brief_heading_parse - '## Tier' body
+++++ local file=- 'heading=## Tier' mode=body input=-
+++++ '[' - = - ']'
+++++ input=/dev/stdin
+++++ awk -v 'heading=## Tier' -v mode=body '
    BEGIN {
      target_level = 0
      while (substr(heading, target_level + 1, 1) == "#") target_level++
    }
    {
      line = $0
      scan = line
      spaces = 0
      while (spaces < 3 && substr(scan, 1, 1) == " ") {
        scan = substr(scan, 2)
        spaces++
      }
      marker = substr(scan, 1, 1)
      marker_len = 0
      if (marker == "`" || marker == "~") {
        while (substr(scan, marker_len + 1, 1) == marker) marker_len++
      }
      is_fence = marker_len >= 3
      was_fenced = fenced

      if (is_fence) {
        rest = substr(scan, marker_len + 1)
        if (!fenced) {
          fenced = 1
          fence_marker = marker
          fence_len = marker_len
        } else if (marker == fence_marker && marker_len >= fence_len && rest ~ /^[[:space:]]*$/) {
          fenced = 0
        }
      }

      if (!found && !was_fenced && line == heading) {
        found = 1
        if (mode == "present") next
        grab = 1
        next
      }
      if (mode == "present" || !grab) next
      if (is_fence || was_fenced) {
        print line
        next
      }

      level = 0
      while (substr(scan, level + 1, 1) == "#") level++
      if (level > 0 && level <= target_level && substr(scan, level + 1, 1) ~ /^[[:space:]]?$/) exit
      print line
    }
    END {
      if (mode == "present" && !found) exit 1
    }
  ' /dev/stdin
+++++ awk '
    index($0, "- UI wiring:") == 1 { print substr($0, length("- UI wiring:") + 1); exit }
  '
++++ line=' no, confined CLI output.'
+++++ printf %s ' no, confined CLI output.'
+++++ tr -d '[:space:].'
+++++ tr '[:upper:]' '[:lower:]'
+++++ sed 's/,.*//'
++++ verdict=no
+++++ sed 's/^[^,]*,*//'
+++++ tr -d '[:space:].'
+++++ printf %s ' no, confined CLI output.'
++++ reason=confinedCLIoutput
++++ case "$verdict" in
++++ '[' -n confinedCLIoutput ']'
++++ printf '%s\n' no
+++ '[' no = yes ']'
+++ fm_prep_answer_complete ' n/a: no product screen is changed.' yes
+++ printf '%s\n' ' n/a: no product screen is changed.'
+++ awk -v na=yes '
    function clean(s) { gsub(/^[[:space:]]+|[[:space:]]+$/, "", s); return s }
    { text=text $0 " " }
    END {
      text=clean(text)
      if (tolower(text) ~ /^n\/a([ :]|$)/) {
        if (na != "yes" || text !~ /^[nN]\/[aA]:[[:space:]]*[^[:space:]]/) exit 1
        sub(/^[nN]\/[aA]:[[:space:]]*/, "", text)
      }
      if (text == "" || text ~ /^[{][A-Z0-9_]+[}]$/ || text ~ /^<[^>]+>$/ || tolower(text) ~ /^(example|e[.]g[.]|todo|tbd)([ :]|$)/) exit 1
    }'
+++ [[  n/a: no product screen is changed. == *\{\I\N\V\A\L\I\D\_\F\I\E\L\D\}* ]]
+++ '[' 'Screen and region' = 'Still valid' ']'
+++ IFS='|'
+++ read -r label placeholder conditional guide
++++ printf '%s\n' '
- Captain rulings: Intent: exercise delivery admission; ruling: use an isolated fixture (test brief).

- Still valid: proceed: inspected fixture base and task sources; delivery admission remains needed with no dependency.

- Siblings named: Not a defect; searched fixture task records and delivery owners, none found.

- Screen and region: n/a: no product screen is changed.

- Red-first proof: bash tests/fm-task-delivery.test.sh; remove the record; expect a preparation refusal; record observed RED before implementation.

- Fixture arithmetic: n/a: no calculated assertions.

- Data path reachability: brief --prep writes data/id/prep.md; spawn reads that path; launch rendering is the fixture witness.

- Scope only as asked: Exercise the requested delivery admission only; real endpoints and product changes are outside scope.

- Validation route: bash bin/fm-test-run.sh tests/fm-task-delivery.test.sh; Bash fixture runtime, isolated home, baseline timing unknown; worker measures this bounded run, CI owns final regression.

- Author gate check: bash -c '\'' . bin/fm-dod-lib.sh; fm_prep_unfilled_reason "$1" '\'' _ data/id/prep.md; run on final bytes before handoff and paste empty output and raw exit 1 (reason with exit 0 refuses).'
++++ awk -v 'label=Red-first proof' '
      {
        line=$0
        if (line ~ /^- /) {
          grab=index(line, "- " label ":") == 1
          if (grab) { seen++; print substr(line, length(label)+4) }
        } else if (grab) print line
      }
      END { if (seen != 1) print "{INVALID_FIELD}" }
    '
+++ value=' bash tests/fm-task-delivery.test.sh; remove the record; expect a preparation refusal; record observed RED before implementation.'
+++ '[' 'Red-first proof' = 'Captain rulings' ']'
+++ '[' 'Red-first proof' = 'Screen and region' ']'
+++ fm_prep_answer_complete ' bash tests/fm-task-delivery.test.sh; remove the record; expect a preparation refusal; record observed RED before implementation.' yes
+++ printf '%s\n' ' bash tests/fm-task-delivery.test.sh; remove the record; expect a preparation refusal; record observed RED before implementation.'
+++ awk -v na=yes '
    function clean(s) { gsub(/^[[:space:]]+|[[:space:]]+$/, "", s); return s }
    { text=text $0 " " }
    END {
      text=clean(text)
      if (tolower(text) ~ /^n\/a([ :]|$)/) {
        if (na != "yes" || text !~ /^[nN]\/[aA]:[[:space:]]*[^[:space:]]/) exit 1
        sub(/^[nN]\/[aA]:[[:space:]]*/, "", text)
      }
      if (text == "" || text ~ /^[{][A-Z0-9_]+[}]$/ || text ~ /^<[^>]+>$/ || tolower(text) ~ /^(example|e[.]g[.]|todo|tbd)([ :]|$)/) exit 1
    }'
+++ [[  bash tests/fm-task-delivery.test.sh; remove the record; expect a preparation refusal; record observed RED before implementation. == *\{\I\N\V\A\L\I\D\_\F\I\E\L\D\}* ]]
+++ '[' 'Red-first proof' = 'Still valid' ']'
+++ IFS='|'
+++ read -r label placeholder conditional guide
++++ awk -v 'label=Fixture arithmetic' '
      {
        line=$0
        if (line ~ /^- /) {
          grab=index(line, "- " label ":") == 1
          if (grab) { seen++; print substr(line, length(label)+4) }
        } else if (grab) print line
      }
      END { if (seen != 1) print "{INVALID_FIELD}" }
    '
++++ printf '%s\n' '
- Captain rulings: Intent: exercise delivery admission; ruling: use an isolated fixture (test brief).

- Still valid: proceed: inspected fixture base and task sources; delivery admission remains needed with no dependency.

- Siblings named: Not a defect; searched fixture task records and delivery owners, none found.

- Screen and region: n/a: no product screen is changed.

- Red-first proof: bash tests/fm-task-delivery.test.sh; remove the record; expect a preparation refusal; record observed RED before implementation.

- Fixture arithmetic: n/a: no calculated assertions.

- Data path reachability: brief --prep writes data/id/prep.md; spawn reads that path; launch rendering is the fixture witness.

- Scope only as asked: Exercise the requested delivery admission only; real endpoints and product changes are outside scope.

- Validation route: bash bin/fm-test-run.sh tests/fm-task-delivery.test.sh; Bash fixture runtime, isolated home, baseline timing unknown; worker measures this bounded run, CI owns final regression.

- Author gate check: bash -c '\'' . bin/fm-dod-lib.sh; fm_prep_unfilled_reason "$1" '\'' _ data/id/prep.md; run on final bytes before handoff and paste empty output and raw exit 1 (reason with exit 0 refuses).'
+++ value=' n/a: no calculated assertions.'
+++ '[' 'Fixture arithmetic' = 'Captain rulings' ']'
+++ '[' 'Fixture arithmetic' = 'Screen and region' ']'
+++ fm_prep_answer_complete ' n/a: no calculated assertions.' yes
+++ printf '%s\n' ' n/a: no calculated assertions.'
+++ awk -v na=yes '
    function clean(s) { gsub(/^[[:space:]]+|[[:space:]]+$/, "", s); return s }
    { text=text $0 " " }
    END {
      text=clean(text)
      if (tolower(text) ~ /^n\/a([ :]|$)/) {
        if (na != "yes" || text !~ /^[nN]\/[aA]:[[:space:]]*[^[:space:]]/) exit 1
        sub(/^[nN]\/[aA]:[[:space:]]*/, "", text)
      }
      if (text == "" || text ~ /^[{][A-Z0-9_]+[}]$/ || text ~ /^<[^>]+>$/ || tolower(text) ~ /^(example|e[.]g[.]|todo|tbd)([ :]|$)/) exit 1
    }'
+++ [[  n/a: no calculated assertions. == *\{\I\N\V\A\L\I\D\_\F\I\E\L\D\}* ]]
+++ '[' 'Fixture arithmetic' = 'Still valid' ']'
+++ IFS='|'
+++ read -r label placeholder conditional guide
++++ awk -v 'label=Data path reachability' '
      {
        line=$0
        if (line ~ /^- /) {
          grab=index(line, "- " label ":") == 1
          if (grab) { seen++; print substr(line, length(label)+4) }
        } else if (grab) print line
      }
      END { if (seen != 1) print "{INVALID_FIELD}" }
    '
++++ printf '%s\n' '
- Captain rulings: Intent: exercise delivery admission; ruling: use an isolated fixture (test brief).

- Still valid: proceed: inspected fixture base and task sources; delivery admission remains needed with no dependency.

- Siblings named: Not a defect; searched fixture task records and delivery owners, none found.

- Screen and region: n/a: no product screen is changed.

- Red-first proof: bash tests/fm-task-delivery.test.sh; remove the record; expect a preparation refusal; record observed RED before implementation.

- Fixture arithmetic: n/a: no calculated assertions.

- Data path reachability: brief --prep writes data/id/prep.md; spawn reads that path; launch rendering is the fixture witness.

- Scope only as asked: Exercise the requested delivery admission only; real endpoints and product changes are outside scope.

- Validation route: bash bin/fm-test-run.sh tests/fm-task-delivery.test.sh; Bash fixture runtime, isolated home, baseline timing unknown; worker measures this bounded run, CI owns final regression.

- Author gate check: bash -c '\'' . bin/fm-dod-lib.sh; fm_prep_unfilled_reason "$1" '\'' _ data/id/prep.md; run on final bytes before handoff and paste empty output and raw exit 1 (reason with exit 0 refuses).'
+++ value=' brief --prep writes data/id/prep.md; spawn reads that path; launch rendering is the fixture witness.'
+++ '[' 'Data path reachability' = 'Captain rulings' ']'
+++ '[' 'Data path reachability' = 'Screen and region' ']'
+++ fm_prep_answer_complete ' brief --prep writes data/id/prep.md; spawn reads that path; launch rendering is the fixture witness.' yes
+++ printf '%s\n' ' brief --prep writes data/id/prep.md; spawn reads that path; launch rendering is the fixture witness.'
+++ awk -v na=yes '
    function clean(s) { gsub(/^[[:space:]]+|[[:space:]]+$/, "", s); return s }
    { text=text $0 " " }
    END {
      text=clean(text)
      if (tolower(text) ~ /^n\/a([ :]|$)/) {
        if (na != "yes" || text !~ /^[nN]\/[aA]:[[:space:]]*[^[:space:]]/) exit 1
        sub(/^[nN]\/[aA]:[[:space:]]*/, "", text)
      }
      if (text == "" || text ~ /^[{][A-Z0-9_]+[}]$/ || text ~ /^<[^>]+>$/ || tolower(text) ~ /^(example|e[.]g[.]|todo|tbd)([ :]|$)/) exit 1
    }'
+++ [[  brief --prep writes data/id/prep.md; spawn reads that path; launch rendering is the fixture witness. == *\{\I\N\V\A\L\I\D\_\F\I\E\L\D\}* ]]
+++ '[' 'Data path reachability' = 'Still valid' ']'
+++ IFS='|'
+++ read -r label placeholder conditional guide
++++ printf '%s\n' '
- Captain rulings: Intent: exercise delivery admission; ruling: use an isolated fixture (test brief).

- Still valid: proceed: inspected fixture base and task sources; delivery admission remains needed with no dependency.

- Siblings named: Not a defect; searched fixture task records and delivery owners, none found.

- Screen and region: n/a: no product screen is changed.

- Red-first proof: bash tests/fm-task-delivery.test.sh; remove the record; expect a preparation refusal; record observed RED before implementation.

- Fixture arithmetic: n/a: no calculated assertions.

- Data path reachability: brief --prep writes data/id/prep.md; spawn reads that path; launch rendering is the fixture witness.

- Scope only as asked: Exercise the requested delivery admission only; real endpoints and product changes are outside scope.

- Validation route: bash bin/fm-test-run.sh tests/fm-task-delivery.test.sh; Bash fixture runtime, isolated home, baseline timing unknown; worker measures this bounded run, CI owns final regression.

- Author gate check: bash -c '\'' . bin/fm-dod-lib.sh; fm_prep_unfilled_reason "$1" '\'' _ data/id/prep.md; run on final bytes before handoff and paste empty output and raw exit 1 (reason with exit 0 refuses).'
++++ awk -v 'label=Scope only as asked' '
      {
        line=$0
        if (line ~ /^- /) {
          grab=index(line, "- " label ":") == 1
          if (grab) { seen++; print substr(line, length(label)+4) }
        } else if (grab) print line
      }
      END { if (seen != 1) print "{INVALID_FIELD}" }
    '
+++ value=' Exercise the requested delivery admission only; real endpoints and product changes are outside scope.'
+++ '[' 'Scope only as asked' = 'Captain rulings' ']'
+++ '[' 'Scope only as asked' = 'Screen and region' ']'
+++ fm_prep_answer_complete ' Exercise the requested delivery admission only; real endpoints and product changes are outside scope.' no
+++ printf '%s\n' ' Exercise the requested delivery admission only; real endpoints and product changes are outside scope.'
+++ awk -v na=no '
    function clean(s) { gsub(/^[[:space:]]+|[[:space:]]+$/, "", s); return s }
    { text=text $0 " " }
    END {
      text=clean(text)
      if (tolower(text) ~ /^n\/a([ :]|$)/) {
        if (na != "yes" || text !~ /^[nN]\/[aA]:[[:space:]]*[^[:space:]]/) exit 1
        sub(/^[nN]\/[aA]:[[:space:]]*/, "", text)
      }
      if (text == "" || text ~ /^[{][A-Z0-9_]+[}]$/ || text ~ /^<[^>]+>$/ || tolower(text) ~ /^(example|e[.]g[.]|todo|tbd)([ :]|$)/) exit 1
    }'
+++ [[  Exercise the requested delivery admission only; real endpoints and product changes are outside scope. == *\{\I\N\V\A\L\I\D\_\F\I\E\L\D\}* ]]
+++ '[' 'Scope only as asked' = 'Still valid' ']'
+++ IFS='|'
+++ read -r label placeholder conditional guide
++++ printf '%s\n' '
- Captain rulings: Intent: exercise delivery admission; ruling: use an isolated fixture (test brief).

- Still valid: proceed: inspected fixture base and task sources; delivery admission remains needed with no dependency.

- Siblings named: Not a defect; searched fixture task records and delivery owners, none found.

- Screen and region: n/a: no product screen is changed.

- Red-first proof: bash tests/fm-task-delivery.test.sh; remove the record; expect a preparation refusal; record observed RED before implementation.

- Fixture arithmetic: n/a: no calculated assertions.

- Data path reachability: brief --prep writes data/id/prep.md; spawn reads that path; launch rendering is the fixture witness.

- Scope only as asked: Exercise the requested delivery admission only; real endpoints and product changes are outside scope.

- Validation route: bash bin/fm-test-run.sh tests/fm-task-delivery.test.sh; Bash fixture runtime, isolated home, baseline timing unknown; worker measures this bounded run, CI owns final regression.

- Author gate check: bash -c '\'' . bin/fm-dod-lib.sh; fm_prep_unfilled_reason "$1" '\'' _ data/id/prep.md; run on final bytes before handoff and paste empty output and raw exit 1 (reason with exit 0 refuses).'
++++ awk -v 'label=Validation route' '
      {
        line=$0
        if (line ~ /^- /) {
          grab=index(line, "- " label ":") == 1
          if (grab) { seen++; print substr(line, length(label)+4) }
        } else if (grab) print line
      }
      END { if (seen != 1) print "{INVALID_FIELD}" }
    '
+++ value=' bash bin/fm-test-run.sh tests/fm-task-delivery.test.sh; Bash fixture runtime, isolated home, baseline timing unknown; worker measures this bounded run, CI owns final regression.'
+++ '[' 'Validation route' = 'Captain rulings' ']'
+++ '[' 'Validation route' = 'Screen and region' ']'
+++ fm_prep_answer_complete ' bash bin/fm-test-run.sh tests/fm-task-delivery.test.sh; Bash fixture runtime, isolated home, baseline timing unknown; worker measures this bounded run, CI owns final regression.' no
+++ printf '%s\n' ' bash bin/fm-test-run.sh tests/fm-task-delivery.test.sh; Bash fixture runtime, isolated home, baseline timing unknown; worker measures this bounded run, CI owns final regression.'
+++ awk -v na=no '
    function clean(s) { gsub(/^[[:space:]]+|[[:space:]]+$/, "", s); return s }
    { text=text $0 " " }
    END {
      text=clean(text)
      if (tolower(text) ~ /^n\/a([ :]|$)/) {
        if (na != "yes" || text !~ /^[nN]\/[aA]:[[:space:]]*[^[:space:]]/) exit 1
        sub(/^[nN]\/[aA]:[[:space:]]*/, "", text)
      }
      if (text == "" || text ~ /^[{][A-Z0-9_]+[}]$/ || text ~ /^<[^>]+>$/ || tolower(text) ~ /^(example|e[.]g[.]|todo|tbd)([ :]|$)/) exit 1
    }'
+++ [[  bash bin/fm-test-run.sh tests/fm-task-delivery.test.sh; Bash fixture runtime, isolated home, baseline timing unknown; worker measures this bounded run, CI owns final regression. == *\{\I\N\V\A\L\I\D\_\F\I\E\L\D\}* ]]
+++ '[' 'Validation route' = 'Still valid' ']'
+++ IFS='|'
+++ read -r label placeholder conditional guide
++++ printf '%s\n' '
- Captain rulings: Intent: exercise delivery admission; ruling: use an isolated fixture (test brief).

- Still valid: proceed: inspected fixture base and task sources; delivery admission remains needed with no dependency.

- Siblings named: Not a defect; searched fixture task records and delivery owners, none found.

- Screen and region: n/a: no product screen is changed.

- Red-first proof: bash tests/fm-task-delivery.test.sh; remove the record; expect a preparation refusal; record observed RED before implementation.

- Fixture arithmetic: n/a: no calculated assertions.

- Data path reachability: brief --prep writes data/id/prep.md; spawn reads that path; launch rendering is the fixture witness.

- Scope only as asked: Exercise the requested delivery admission only; real endpoints and product changes are outside scope.

- Validation route: bash bin/fm-test-run.sh tests/fm-task-delivery.test.sh; Bash fixture runtime, isolated home, baseline timing unknown; worker measures this bounded run, CI owns final regression.

- Author gate check: bash -c '\'' . bin/fm-dod-lib.sh; fm_prep_unfilled_reason "$1" '\'' _ data/id/prep.md; run on final bytes before handoff and paste empty output and raw exit 1 (reason with exit 0 refuses).'
++++ awk -v 'label=Author gate check' '
      {
        line=$0
        if (line ~ /^- /) {
          grab=index(line, "- " label ":") == 1
          if (grab) { seen++; print substr(line, length(label)+4) }
        } else if (grab) print line
      }
      END { if (seen != 1) print "{INVALID_FIELD}" }
    '
+++ value=' bash -c '\'' . bin/fm-dod-lib.sh; fm_prep_unfilled_reason "$1" '\'' _ data/id/prep.md; run on final bytes before handoff and paste empty output and raw exit 1 (reason with exit 0 refuses).'
+++ '[' 'Author gate check' = 'Captain rulings' ']'
+++ '[' 'Author gate check' = 'Screen and region' ']'
+++ fm_prep_answer_complete ' bash -c '\'' . bin/fm-dod-lib.sh; fm_prep_unfilled_reason "$1" '\'' _ data/id/prep.md; run on final bytes before handoff and paste empty output and raw exit 1 (reason with exit 0 refuses).' no
+++ printf '%s\n' ' bash -c '\'' . bin/fm-dod-lib.sh; fm_prep_unfilled_reason "$1" '\'' _ data/id/prep.md; run on final bytes before handoff and paste empty output and raw exit 1 (reason with exit 0 refuses).'
+++ awk -v na=no '
    function clean(s) { gsub(/^[[:space:]]+|[[:space:]]+$/, "", s); return s }
    { text=text $0 " " }
    END {
      text=clean(text)
      if (tolower(text) ~ /^n\/a([ :]|$)/) {
        if (na != "yes" || text !~ /^[nN]\/[aA]:[[:space:]]*[^[:space:]]/) exit 1
        sub(/^[nN]\/[aA]:[[:space:]]*/, "", text)
      }
      if (text == "" || text ~ /^[{][A-Z0-9_]+[}]$/ || text ~ /^<[^>]+>$/ || tolower(text) ~ /^(example|e[.]g[.]|todo|tbd)([ :]|$)/) exit 1
    }'
+++ [[  bash -c ' . bin/fm-dod-lib.sh; fm_prep_unfilled_reason "$1" ' _ data/id/prep.md; run on final bytes before handoff and paste empty output and raw exit 1 (reason with exit 0 refuses). == *\{\I\N\V\A\L\I\D\_\F\I\E\L\D\}* ]]
+++ '[' 'Author gate check' = 'Still valid' ']'
+++ IFS='|'
+++ read -r label placeholder conditional guide
+++ fm_brief_heading_present /tmp/fm-task-delivery.r4jQpX/commented-surgical-direct-PR-reader/home/data/commented-surgical-direct-PR-reader/prep.md '## Expected outcomes and how to check each'
+++ fm_brief_heading_parse /tmp/fm-task-delivery.r4jQpX/commented-surgical-direct-PR-reader/home/data/commented-surgical-direct-PR-reader/prep.md '## Expected outcomes and how to check each' present
+++ local file=/tmp/fm-task-delivery.r4jQpX/commented-surgical-direct-PR-reader/home/data/commented-surgical-direct-PR-reader/prep.md 'heading=## Expected outcomes and how to check each' mode=present input=/tmp/fm-task-delivery.r4jQpX/commented-surgical-direct-PR-reader/home/data/commented-surgical-direct-PR-reader/prep.md
+++ '[' /tmp/fm-task-delivery.r4jQpX/commented-surgical-direct-PR-reader/home/data/commented-surgical-direct-PR-reader/prep.md = - ']'
+++ '[' -f /tmp/fm-task-delivery.r4jQpX/commented-surgical-direct-PR-reader/home/data/commented-surgical-direct-PR-reader/prep.md ']'
+++ awk -v 'heading=## Expected outcomes and how to check each' -v mode=present '
    BEGIN {
      target_level = 0
      while (substr(heading, target_level + 1, 1) == "#") target_level++
    }
    {
      line = $0
      scan = line
      spaces = 0
      while (spaces < 3 && substr(scan, 1, 1) == " ") {
        scan = substr(scan, 2)
        spaces++
      }
      marker = substr(scan, 1, 1)
      marker_len = 0
      if (marker == "`" || marker == "~") {
        while (substr(scan, marker_len + 1, 1) == marker) marker_len++
      }
      is_fence = marker_len >= 3
      was_fenced = fenced

      if (is_fence) {
        rest = substr(scan, marker_len + 1)
        if (!fenced) {
          fenced = 1
          fence_marker = marker
          fence_len = marker_len
        } else if (marker == fence_marker && marker_len >= fence_len && rest ~ /^[[:space:]]*$/) {
          fenced = 0
        }
      }

      if (!found && !was_fenced && line == heading) {
        found = 1
        if (mode == "present") next
        grab = 1
        next
      }
      if (mode == "present" || !grab) next
      if (is_fence || was_fenced) {
        print line
        next
      }

      level = 0
      while (substr(scan, level + 1, 1) == "#") level++
      if (level > 0 && level <= target_level && substr(scan, level + 1, 1) ~ /^[[:space:]]?$/) exit
      print line
    }
    END {
      if (mode == "present" && !found) exit 1
    }
  ' /tmp/fm-task-delivery.r4jQpX/commented-surgical-direct-PR-reader/home/data/commented-surgical-direct-PR-reader/prep.md
++++ fm_brief_heading_body /tmp/fm-task-delivery.r4jQpX/commented-surgical-direct-PR-reader/home/data/commented-surgical-direct-PR-reader/prep.md '## Expected outcomes and how to check each'
++++ fm_brief_heading_parse /tmp/fm-task-delivery.r4jQpX/commented-surgical-direct-PR-reader/home/data/commented-surgical-direct-PR-reader/prep.md '## Expected outcomes and how to check each' body
++++ local file=/tmp/fm-task-delivery.r4jQpX/commented-surgical-direct-PR-reader/home/data/commented-surgical-direct-PR-reader/prep.md 'heading=## Expected outcomes and how to check each' mode=body input=/tmp/fm-task-delivery.r4jQpX/commented-surgical-direct-PR-reader/home/data/commented-surgical-direct-PR-reader/prep.md
++++ '[' /tmp/fm-task-delivery.r4jQpX/commented-surgical-direct-PR-reader/home/data/commented-surgical-direct-PR-reader/prep.md = - ']'
++++ '[' -f /tmp/fm-task-delivery.r4jQpX/commented-surgical-direct-PR-reader/home/data/commented-surgical-direct-PR-reader/prep.md ']'
++++ awk -v 'heading=## Expected outcomes and how to check each' -v mode=body '
    BEGIN {
      target_level = 0
      while (substr(heading, target_level + 1, 1) == "#") target_level++
    }
    {
      line = $0
      scan = line
      spaces = 0
      while (spaces < 3 && substr(scan, 1, 1) == " ") {
        scan = substr(scan, 2)
        spaces++
      }
      marker = substr(scan, 1, 1)
      marker_len = 0
      if (marker == "`" || marker == "~") {
        while (substr(scan, marker_len + 1, 1) == marker) marker_len++
      }
      is_fence = marker_len >= 3
      was_fenced = fenced

      if (is_fence) {
        rest = substr(scan, marker_len + 1)
        if (!fenced) {
          fenced = 1
          fence_marker = marker
          fence_len = marker_len
        } else if (marker == fence_marker && marker_len >= fence_len && rest ~ /^[[:space:]]*$/) {
          fenced = 0
        }
      }

      if (!found && !was_fenced && line == heading) {
        found = 1
        if (mode == "present") next
        grab = 1
        next
      }
      if (mode == "present" || !grab) next
      if (is_fence || was_fenced) {
        print line
        next
      }

      level = 0
      while (substr(scan, level + 1, 1) == "#") level++
      if (level > 0 && level <= target_level && substr(scan, level + 1, 1) ~ /^[[:space:]]?$/) exit
      print line
    }
    END {
      if (mode == "present" && !found) exit 1
    }
  ' /tmp/fm-task-delivery.r4jQpX/commented-surgical-direct-PR-reader/home/data/commented-surgical-direct-PR-reader/prep.md
++++ fm_prep_body_text
++++ awk -v keep_fences=no '
    function table_start(row, header, delimiter, cells, count, i, cell) {
      if (row >= NR) return 0
      header=lines[row]; delimiter=lines[row+1]
      sub(/^ ? ? ?/, "", header); sub(/^ ? ? ?/, "", delimiter)
      if (header ~ /^[[:space:]]/ || delimiter ~ /^[[:space:]]/) return 0
      gsub(/\\\|/, "", header)
      if (header !~ /\|/) return 0
      sub(/[[:space:]]+$/, "", header); sub(/[[:space:]]+$/, "", delimiter)
      sub(/^\|/, "", header); sub(/\|$/, "", header)
      sub(/^\|/, "", delimiter); sub(/\|$/, "", delimiter)
      count=split(header,cells,"|")
      if (!count || split(delimiter,cells,"|") != count) return 0
      for (i=1; i<=count; i++) {
        cell=cells[i]; gsub(/^[[:space:]]+|[[:space:]]+$/, "", cell)
        if (cell !~ /^:?-+:?$/) return 0
      }
      return 1
    }
    function closing_tick(s, size, row, probe, list_number) {
      while (1) {
        while (match(s, /`+/)) {
          if (RLENGTH == size) return 1
          s=substr(s,RSTART+RLENGTH)
        }
        if (++row > NR || lines[row] ~ /^[[:space:]]*$/) return 0
        s=lines[row]
        probe=s; sub(/^ ? ? ?/, "", probe)
        list_number=probe; sub(/[.)].*$/, "", list_number)
        if (probe ~ /^[0-9]+[.)][[:space:]]+[^[:space:]]/ && length(list_number) <= 9 && list_number+0 == 1) return 0
        if (table_start(row) || probe ~ /^```|^~~~|^#[#]?[#]?[#]?[#]?[#]?([[:space:]]|$)|^[-+*][[:space:]]+[^[:space:]]|^<!--/) return 0
      }
    }
    function uncomment(s, row, out, end, size) {
      out=""
      while (length(s)) {
        if (comment) {
          end=index(s,"-->"); if (!end) return out
          s=substr(s,end+3); comment=0
        } else if (inline_size) {
          if (!match(s,/`+/)) return out s
          size=RLENGTH
          out=out substr(s,1,RSTART+size-1)
          s=substr(s,RSTART+size)
          if (size == inline_size) inline_size=0
        } else if (substr(s,1,4) == "<!--") {
          comment=1; s=substr(s,5)
        } else if (substr(s,1,2) == "\\`" || substr(s,1,2) == "\\\\" || substr(s,1,2) == "\\<") {
          out=out substr(s,1,2); s=substr(s,3)
        } else if (substr(s,1,1) == "`") {
          match(s,/^`+/); size=RLENGTH
          out=out substr(s,1,size); s=substr(s,size+1)
          if (closing_tick(s,size,row)) inline_size=size
        } else {
          out=out substr(s,1,1); s=substr(s,2)
        }
      }
      return out
    }
    { lines[NR]=$0 }
    END {
      for (row=1; row<=NR; row++) {
        line=lines[row]
        if (!fenced && !comment && !inline_size) {
          if (line ~ /^[[:space:]]*$/) {
            paragraph=0; table=0
            print line
            continue
          }
          if (line ~ /^(    | ? ? ?\t)/ && (indented || !paragraph)) {
            indented=1; table=0
            if (keep_fences == "yes") print line
            continue
          }
          indented=0
        }
        scan=line
        spaces=0
        while (spaces < 3 && substr(scan,1,1) == " ") { scan=substr(scan,2); spaces++ }
        marker=substr(scan,1,1)
        marker_len=0
        if (marker == "`" || marker == "~") {
          while (substr(scan,marker_len+1,1) == marker) marker_len++
        }
        if (marker_len >= 3 && !comment && !inline_size) {
          paragraph=0; table=0
          rest=substr(scan,marker_len+1)
          if (!fenced) {
            fenced=1; fence_marker=marker; fence_len=marker_len
          } else if (marker == fence_marker && marker_len >= fence_len && rest ~ /^[[:space:]]*$/) {
            fenced=0
          }
          if (keep_fences == "yes") print line
          continue
        }
        if (fenced) {
          if (keep_fences == "yes") print line
          continue
        }
        line=uncomment(line,row)
        scan=line; sub(/^ ? ? ?/, "", scan)
        table=table_start(row) || (table && scan ~ /\|/)
        paragraph=(line !~ /^[[:space:]]*$/ && scan !~ /^#[#]?[#]?[#]?[#]?[#]?([[:space:]]|$)/ && !table)
        if (line ~ /^[[:space:]]*$/ && lines[row] !~ /^[[:space:]]*$/) continue
        print line
      }
    }'
++++ awk -v 'columns=Outcome|Exact observable result|Where and how to check|Expected value' '
    function trim(s) { gsub(/^[[:space:]]+|[[:space:]]+$/, "", s); return s }
    BEGIN { split(columns, names, "|") }
    {
      line=trim($0)
      if (line == "") next
      if (line !~ /^\|.*\|$/) { bad="table row"; next }
      gsub(/\\\|/, "ESCAPED_PIPE", line)
      n=split(line,cells,"|")
      if (n != 6) { bad="four columns"; next }
      if (!header) {
        for (i=1;i<=4;i++) if (trim(cells[i+1]) != names[i]) bad="column " names[i]
        header=1; next
      }
      if (!separator) {
        for (i=2;i<=5;i++) if (trim(cells[i]) !~ /^:?-+(:)?$/) bad="separator"
        separator=1; next
      }
      rows++
      for (i=1;i<=4;i++) {
        value=trim(cells[i+1])
        if (value == "" || value ~ /^[{][A-Z0-9_]+[}]$/ || value ~ /^<[^>]+>$/ || tolower(value) ~ /^(n\/a|example|e[.]g[.]|todo|tbd)([ :]|$)/) bad="row " rows " column " names[i]
      }
    }
    END {
      if (!header || !separator || !rows) bad="header, separator and at least one substantive row"
      if (bad) print "Expected outcomes requires " bad
    }'
+++ reason=
+++ '[' -n '' ']'
+++ return 1
++ state=
++ fm_prep_surgical_declared /tmp/fm-task-delivery.r4jQpX/commented-surgical-direct-PR-reader/home/data/commented-surgical-direct-PR-reader/prep.md
++ grep -q '^- Preparation format:'
++ fm_prep_tier_read /tmp/fm-task-delivery.r4jQpX/commented-surgical-direct-PR-reader/home/data/commented-surgical-direct-PR-reader/prep.md
++ local file=/tmp/fm-task-delivery.r4jQpX/commented-surgical-direct-PR-reader/home/data/commented-surgical-direct-PR-reader/prep.md mode=body
++ '[' -f /tmp/fm-task-delivery.r4jQpX/commented-surgical-direct-PR-reader/home/data/commented-surgical-direct-PR-reader/prep.md ']'
++ '[' -r /tmp/fm-task-delivery.r4jQpX/commented-surgical-direct-PR-reader/home/data/commented-surgical-direct-PR-reader/prep.md ']'
++ fm_prep_body_text
++ awk -v keep_fences=no '
    function table_start(row, header, delimiter, cells, count, i, cell) {
      if (row >= NR) return 0
      header=lines[row]; delimiter=lines[row+1]
      sub(/^ ? ? ?/, "", header); sub(/^ ? ? ?/, "", delimiter)
      if (header ~ /^[[:space:]]/ || delimiter ~ /^[[:space:]]/) return 0
      gsub(/\\\|/, "", header)
      if (header !~ /\|/) return 0
      sub(/[[:space:]]+$/, "", header); sub(/[[:space:]]+$/, "", delimiter)
      sub(/^\|/, "", header); sub(/\|$/, "", header)
      sub(/^\|/, "", delimiter); sub(/\|$/, "", delimiter)
      count=split(header,cells,"|")
      if (!count || split(delimiter,cells,"|") != count) return 0
      for (i=1; i<=count; i++) {
        cell=cells[i]; gsub(/^[[:space:]]+|[[:space:]]+$/, "", cell)
        if (cell !~ /^:?-+:?$/) return 0
      }
      return 1
    }
    function closing_tick(s, size, row, probe, list_number) {
      while (1) {
        while (match(s, /`+/)) {
          if (RLENGTH == size) return 1
          s=substr(s,RSTART+RLENGTH)
        }
        if (++row > NR || lines[row] ~ /^[[:space:]]*$/) return 0
        s=lines[row]
        probe=s; sub(/^ ? ? ?/, "", probe)
        list_number=probe; sub(/[.)].*$/, "", list_number)
        if (probe ~ /^[0-9]+[.)][[:space:]]+[^[:space:]]/ && length(list_number) <= 9 && list_number+0 == 1) return 0
        if (table_start(row) || probe ~ /^```|^~~~|^#[#]?[#]?[#]?[#]?[#]?([[:space:]]|$)|^[-+*][[:space:]]+[^[:space:]]|^<!--/) return 0
      }
    }
    function uncomment(s, row, out, end, size) {
      out=""
      while (length(s)) {
        if (comment) {
          end=index(s,"-->"); if (!end) return out
          s=substr(s,end+3); comment=0
        } else if (inline_size) {
          if (!match(s,/`+/)) return out s
          size=RLENGTH
          out=out substr(s,1,RSTART+size-1)
          s=substr(s,RSTART+size)
          if (size == inline_size) inline_size=0
        } else if (substr(s,1,4) == "<!--") {
          comment=1; s=substr(s,5)
        } else if (substr(s,1,2) == "\\`" || substr(s,1,2) == "\\\\" || substr(s,1,2) == "\\<") {
          out=out substr(s,1,2); s=substr(s,3)
        } else if (substr(s,1,1) == "`") {
          match(s,/^`+/); size=RLENGTH
          out=out substr(s,1,size); s=substr(s,size+1)
          if (closing_tick(s,size,row)) inline_size=size
        } else {
          out=out substr(s,1,1); s=substr(s,2)
        }
      }
      return out
    }
    { lines[NR]=$0 }
    END {
      for (row=1; row<=NR; row++) {
        line=lines[row]
        if (!fenced && !comment && !inline_size) {
          if (line ~ /^[[:space:]]*$/) {
            paragraph=0; table=0
            print line
            continue
          }
          if (line ~ /^(    | ? ? ?\t)/ && (indented || !paragraph)) {
            indented=1; table=0
            if (keep_fences == "yes") print line
            continue
          }
          indented=0
        }
        scan=line
        spaces=0
        while (spaces < 3 && substr(scan,1,1) == " ") { scan=substr(scan,2); spaces++ }
        marker=substr(scan,1,1)
        marker_len=0
        if (marker == "`" || marker == "~") {
          while (substr(scan,marker_len+1,1) == marker) marker_len++
        }
        if (marker_len >= 3 && !comment && !inline_size) {
          paragraph=0; table=0
          rest=substr(scan,marker_len+1)
          if (!fenced) {
            fenced=1; fence_marker=marker; fence_len=marker_len
          } else if (marker == fence_marker && marker_len >= fence_len && rest ~ /^[[:space:]]*$/) {
            fenced=0
          }
          if (keep_fences == "yes") print line
          continue
        }
        if (fenced) {
          if (keep_fences == "yes") print line
          continue
        }
        line=uncomment(line,row)
        scan=line; sub(/^ ? ? ?/, "", scan)
        table=table_start(row) || (table && scan ~ /\|/)
        paragraph=(line !~ /^[[:space:]]*$/ && scan !~ /^#[#]?[#]?[#]?[#]?[#]?([[:space:]]|$)/ && !table)
        if (line ~ /^[[:space:]]*$/ && lines[row] !~ /^[[:space:]]*$/) continue
        print line
      }
    }'
++ fm_brief_heading_parse - '## Tier' body
++ local file=- 'heading=## Tier' mode=body input=-
++ '[' - = - ']'
++ input=/dev/stdin
++ awk -v 'heading=## Tier' -v mode=body '
    BEGIN {
      target_level = 0
      while (substr(heading, target_level + 1, 1) == "#") target_level++
    }
    {
      line = $0
      scan = line
      spaces = 0
      while (spaces < 3 && substr(scan, 1, 1) == " ") {
        scan = substr(scan, 2)
        spaces++
      }
      marker = substr(scan, 1, 1)
      marker_len = 0
      if (marker == "`" || marker == "~") {
        while (substr(scan, marker_len + 1, 1) == marker) marker_len++
      }
      is_fence = marker_len >= 3
      was_fenced = fenced

      if (is_fence) {
        rest = substr(scan, marker_len + 1)
        if (!fenced) {
          fenced = 1
          fence_marker = marker
          fence_len = marker_len
        } else if (marker == fence_marker && marker_len >= fence_len && rest ~ /^[[:space:]]*$/) {
          fenced = 0
        }
      }

      if (!found && !was_fenced && line == heading) {
        found = 1
        if (mode == "present") next
        grab = 1
        next
      }
      if (mode == "present" || !grab) next
      if (is_fence || was_fenced) {
        print line
        next
      }

      level = 0
      while (substr(scan, level + 1, 1) == "#") level++
      if (level > 0 && level <= target_level && substr(scan, level + 1, 1) ~ /^[[:space:]]?$/) exit
      print line
    }
    END {
      if (mode == "present" && !found) exit 1
    }
  ' /dev/stdin
++ fm_prep_certainty_reason /tmp/fm-task-delivery.r4jQpX/commented-surgical-direct-PR-reader/home/data/commented-surgical-direct-PR-reader/prep.md
++ local file=/tmp/fm-task-delivery.r4jQpX/commented-surgical-direct-PR-reader/home/data/commented-surgical-direct-PR-reader/prep.md field label evidence answer
++ fm_prep_tier_read /tmp/fm-task-delivery.r4jQpX/commented-surgical-direct-PR-reader/home/data/commented-surgical-direct-PR-reader/prep.md
++ local file=/tmp/fm-task-delivery.r4jQpX/commented-surgical-direct-PR-reader/home/data/commented-surgical-direct-PR-reader/prep.md mode=body
++ '[' -f /tmp/fm-task-delivery.r4jQpX/commented-surgical-direct-PR-reader/home/data/commented-surgical-direct-PR-reader/prep.md ']'
++ '[' -r /tmp/fm-task-delivery.r4jQpX/commented-surgical-direct-PR-reader/home/data/commented-surgical-direct-PR-reader/prep.md ']'
++ fm_prep_body_text
++ awk '
    /^- Preparation format:/ { n++; if ($0 != "- Preparation format: surgical") bad = 1 }
    END { exit !(n == 1 && !bad) }
  '
++ awk -v keep_fences=no '
    function table_start(row, header, delimiter, cells, count, i, cell) {
      if (row >= NR) return 0
      header=lines[row]; delimiter=lines[row+1]
      sub(/^ ? ? ?/, "", header); sub(/^ ? ? ?/, "", delimiter)
      if (header ~ /^[[:space:]]/ || delimiter ~ /^[[:space:]]/) return 0
      gsub(/\\\|/, "", header)
      if (header !~ /\|/) return 0
      sub(/[[:space:]]+$/, "", header); sub(/[[:space:]]+$/, "", delimiter)
      sub(/^\|/, "", header); sub(/\|$/, "", header)
      sub(/^\|/, "", delimiter); sub(/\|$/, "", delimiter)
      count=split(header,cells,"|")
      if (!count || split(delimiter,cells,"|") != count) return 0
      for (i=1; i<=count; i++) {
        cell=cells[i]; gsub(/^[[:space:]]+|[[:space:]]+$/, "", cell)
        if (cell !~ /^:?-+:?$/) return 0
      }
      return 1
    }
    function closing_tick(s, size, row, probe, list_number) {
      while (1) {
        while (match(s, /`+/)) {
          if (RLENGTH == size) return 1
          s=substr(s,RSTART+RLENGTH)
        }
        if (++row > NR || lines[row] ~ /^[[:space:]]*$/) return 0
        s=lines[row]
        probe=s; sub(/^ ? ? ?/, "", probe)
        list_number=probe; sub(/[.)].*$/, "", list_number)
        if (probe ~ /^[0-9]+[.)][[:space:]]+[^[:space:]]/ && length(list_number) <= 9 && list_number+0 == 1) return 0
        if (table_start(row) || probe ~ /^```|^~~~|^#[#]?[#]?[#]?[#]?[#]?([[:space:]]|$)|^[-+*][[:space:]]+[^[:space:]]|^<!--/) return 0
      }
    }
    function uncomment(s, row, out, end, size) {
      out=""
      while (length(s)) {
        if (comment) {
          end=index(s,"-->"); if (!end) return out
          s=substr(s,end+3); comment=0
        } else if (inline_size) {
          if (!match(s,/`+/)) return out s
          size=RLENGTH
          out=out substr(s,1,RSTART+size-1)
          s=substr(s,RSTART+size)
          if (size == inline_size) inline_size=0
        } else if (substr(s,1,4) == "<!--") {
          comment=1; s=substr(s,5)
        } else if (substr(s,1,2) == "\\`" || substr(s,1,2) == "\\\\" || substr(s,1,2) == "\\<") {
          out=out substr(s,1,2); s=substr(s,3)
        } else if (substr(s,1,1) == "`") {
          match(s,/^`+/); size=RLENGTH
          out=out substr(s,1,size); s=substr(s,size+1)
          if (closing_tick(s,size,row)) inline_size=size
        } else {
          out=out substr(s,1,1); s=substr(s,2)
        }
      }
      return out
    }
    { lines[NR]=$0 }
    END {
      for (row=1; row<=NR; row++) {
        line=lines[row]
        if (!fenced && !comment && !inline_size) {
          if (line ~ /^[[:space:]]*$/) {
            paragraph=0; table=0
            print line
            continue
          }
          if (line ~ /^(    | ? ? ?\t)/ && (indented || !paragraph)) {
            indented=1; table=0
            if (keep_fences == "yes") print line
            continue
          }
          indented=0
        }
        scan=line
        spaces=0
        while (spaces < 3 && substr(scan,1,1) == " ") { scan=substr(scan,2); spaces++ }
        marker=substr(scan,1,1)
        marker_len=0
        if (marker == "`" || marker == "~") {
          while (substr(scan,marker_len+1,1) == marker) marker_len++
        }
        if (marker_len >= 3 && !comment && !inline_size) {
          paragraph=0; table=0
          rest=substr(scan,marker_len+1)
          if (!fenced) {
            fenced=1; fence_marker=marker; fence_len=marker_len
          } else if (marker == fence_marker && marker_len >= fence_len && rest ~ /^[[:space:]]*$/) {
            fenced=0
          }
          if (keep_fences == "yes") print line
          continue
        }
        if (fenced) {
          if (keep_fences == "yes") print line
          continue
        }
        line=uncomment(line,row)
        scan=line; sub(/^ ? ? ?/, "", scan)
        table=table_start(row) || (table && scan ~ /\|/)
        paragraph=(line !~ /^[[:space:]]*$/ && scan !~ /^#[#]?[#]?[#]?[#]?[#]?([[:space:]]|$)/ && !table)
        if (line ~ /^[[:space:]]*$/ && lines[row] !~ /^[[:space:]]*$/) continue
        print line
      }
    }'
++ fm_brief_heading_parse - '## Tier' body
++ local file=- 'heading=## Tier' mode=body input=-
++ '[' - = - ']'
++ input=/dev/stdin
++ awk -v 'heading=## Tier' -v mode=body '
    BEGIN {
      target_level = 0
      while (substr(heading, target_level + 1, 1) == "#") target_level++
    }
    {
      line = $0
      scan = line
      spaces = 0
      while (spaces < 3 && substr(scan, 1, 1) == " ") {
        scan = substr(scan, 2)
        spaces++
      }
      marker = substr(scan, 1, 1)
      marker_len = 0
      if (marker == "`" || marker == "~") {
        while (substr(scan, marker_len + 1, 1) == marker) marker_len++
      }
      is_fence = marker_len >= 3
      was_fenced = fenced

      if (is_fence) {
        rest = substr(scan, marker_len + 1)
        if (!fenced) {
          fenced = 1
          fence_marker = marker
          fence_len = marker_len
        } else if (marker == fence_marker && marker_len >= fence_len && rest ~ /^[[:space:]]*$/) {
          fenced = 0
        }
      }

      if (!found && !was_fenced && line == heading) {
        found = 1
        if (mode == "present") next
        grab = 1
        next
      }
      if (mode == "present" || !grab) next
      if (is_fence || was_fenced) {
        print line
        next
      }

      level = 0
      while (substr(scan, level + 1, 1) == "#") level++
      if (level > 0 && level <= target_level && substr(scan, level + 1, 1) ~ /^[[:space:]]?$/) exit
      print line
    }
    END {
      if (mode == "present" && !found) exit 1
    }
  ' /dev/stdin
++ fm_prep_tier_read /tmp/fm-task-delivery.r4jQpX/commented-surgical-direct-PR-reader/home/data/commented-surgical-direct-PR-reader/prep.md
++ local file=/tmp/fm-task-delivery.r4jQpX/commented-surgical-direct-PR-reader/home/data/commented-surgical-direct-PR-reader/prep.md mode=body
++ '[' -f /tmp/fm-task-delivery.r4jQpX/commented-surgical-direct-PR-reader/home/data/commented-surgical-direct-PR-reader/prep.md ']'
++ '[' -r /tmp/fm-task-delivery.r4jQpX/commented-surgical-direct-PR-reader/home/data/commented-surgical-direct-PR-reader/prep.md ']'
++ awk '
    /^- Q[12] / {
      if (awaiting) bad = 1
      q = substr($0, 3, 2); seen[q]++; awaiting = 1
      next
    }
    awaiting {
      if ($0 ~ /^[[:space:]]*$/) next
      if (index($0, "Reason:") != 1) bad = 1
      value = substr($0, length("Reason:") + 1)
      gsub(/^[[:space:]]+|[[:space:]]+$/, "", value)
      if (value == "" || value ~ /^[{][A-Z0-9_]+[}]$/ || value ~ /^<[^>]+>$/) bad = 1
      awaiting = 0
    }
    /^- UI wiring:/ { ui++ }
    END { exit !(seen["Q1"] == 1 && seen["Q2"] == 1 && ui == 1 && !bad && !awaiting) }
  '
++ fm_prep_body_text
++ awk -v keep_fences=no '
    function table_start(row, header, delimiter, cells, count, i, cell) {
      if (row >= NR) return 0
      header=lines[row]; delimiter=lines[row+1]
      sub(/^ ? ? ?/, "", header); sub(/^ ? ? ?/, "", delimiter)
      if (header ~ /^[[:space:]]/ || delimiter ~ /^[[:space:]]/) return 0
      gsub(/\\\|/, "", header)
      if (header !~ /\|/) return 0
      sub(/[[:space:]]+$/, "", header); sub(/[[:space:]]+$/, "", delimiter)
      sub(/^\|/, "", header); sub(/\|$/, "", header)
      sub(/^\|/, "", delimiter); sub(/\|$/, "", delimiter)
      count=split(header,cells,"|")
      if (!count || split(delimiter,cells,"|") != count) return 0
      for (i=1; i<=count; i++) {
        cell=cells[i]; gsub(/^[[:space:]]+|[[:space:]]+$/, "", cell)
        if (cell !~ /^:?-+:?$/) return 0
      }
      return 1
    }
    function closing_tick(s, size, row, probe, list_number) {
      while (1) {
        while (match(s, /`+/)) {
          if (RLENGTH == size) return 1
          s=substr(s,RSTART+RLENGTH)
        }
        if (++row > NR || lines[row] ~ /^[[:space:]]*$/) return 0
        s=lines[row]
        probe=s; sub(/^ ? ? ?/, "", probe)
        list_number=probe; sub(/[.)].*$/, "", list_number)
        if (probe ~ /^[0-9]+[.)][[:space:]]+[^[:space:]]/ && length(list_number) <= 9 && list_number+0 == 1) return 0
        if (table_start(row) || probe ~ /^```|^~~~|^#[#]?[#]?[#]?[#]?[#]?([[:space:]]|$)|^[-+*][[:space:]]+[^[:space:]]|^<!--/) return 0
      }
    }
    function uncomment(s, row, out, end, size) {
      out=""
      while (length(s)) {
        if (comment) {
          end=index(s,"-->"); if (!end) return out
          s=substr(s,end+3); comment=0
        } else if (inline_size) {
          if (!match(s,/`+/)) return out s
          size=RLENGTH
          out=out substr(s,1,RSTART+size-1)
          s=substr(s,RSTART+size)
          if (size == inline_size) inline_size=0
        } else if (substr(s,1,4) == "<!--") {
          comment=1; s=substr(s,5)
        } else if (substr(s,1,2) == "\\`" || substr(s,1,2) == "\\\\" || substr(s,1,2) == "\\<") {
          out=out substr(s,1,2); s=substr(s,3)
        } else if (substr(s,1,1) == "`") {
          match(s,/^`+/); size=RLENGTH
          out=out substr(s,1,size); s=substr(s,size+1)
          if (closing_tick(s,size,row)) inline_size=size
        } else {
          out=out substr(s,1,1); s=substr(s,2)
        }
      }
      return out
    }
    { lines[NR]=$0 }
    END {
      for (row=1; row<=NR; row++) {
        line=lines[row]
        if (!fenced && !comment && !inline_size) {
          if (line ~ /^[[:space:]]*$/) {
            paragraph=0; table=0
            print line
            continue
          }
          if (line ~ /^(    | ? ? ?\t)/ && (indented || !paragraph)) {
            indented=1; table=0
            if (keep_fences == "yes") print line
            continue
          }
          indented=0
        }
        scan=line
        spaces=0
        while (spaces < 3 && substr(scan,1,1) == " ") { scan=substr(scan,2); spaces++ }
        marker=substr(scan,1,1)
        marker_len=0
        if (marker == "`" || marker == "~") {
          while (substr(scan,marker_len+1,1) == marker) marker_len++
        }
        if (marker_len >= 3 && !comment && !inline_size) {
          paragraph=0; table=0
          rest=substr(scan,marker_len+1)
          if (!fenced) {
            fenced=1; fence_marker=marker; fence_len=marker_len
          } else if (marker == fence_marker && marker_len >= fence_len && rest ~ /^[[:space:]]*$/) {
            fenced=0
          }
          if (keep_fences == "yes") print line
          continue
        }
        if (fenced) {
          if (keep_fences == "yes") print line
          continue
        }
        line=uncomment(line,row)
        scan=line; sub(/^ ? ? ?/, "", scan)
        table=table_start(row) || (table && scan ~ /\|/)
        paragraph=(line !~ /^[[:space:]]*$/ && scan !~ /^#[#]?[#]?[#]?[#]?[#]?([[:space:]]|$)/ && !table)
        if (line ~ /^[[:space:]]*$/ && lines[row] !~ /^[[:space:]]*$/) continue
        print line
      }
    }'
++ fm_brief_heading_parse - '## Tier' body
++ local file=- 'heading=## Tier' mode=body input=-
++ '[' - = - ']'
++ input=/dev/stdin
++ awk -v 'heading=## Tier' -v mode=body '
    BEGIN {
      target_level = 0
      while (substr(heading, target_level + 1, 1) == "#") target_level++
    }
    {
      line = $0
      scan = line
      spaces = 0
      while (spaces < 3 && substr(scan, 1, 1) == " ") {
        scan = substr(scan, 2)
        spaces++
      }
      marker = substr(scan, 1, 1)
      marker_len = 0
      if (marker == "`" || marker == "~") {
        while (substr(scan, marker_len + 1, 1) == marker) marker_len++
      }
      is_fence = marker_len >= 3
      was_fenced = fenced

      if (is_fence) {
        rest = substr(scan, marker_len + 1)
        if (!fenced) {
          fenced = 1
          fence_marker = marker
          fence_len = marker_len
        } else if (marker == fence_marker && marker_len >= fence_len && rest ~ /^[[:space:]]*$/) {
          fenced = 0
        }
      }

      if (!found && !was_fenced && line == heading) {
        found = 1
        if (mode == "present") next
        grab = 1
        next
      }
      if (mode == "present" || !grab) next
      if (is_fence || was_fenced) {
        print line
        next
      }

      level = 0
      while (substr(scan, level + 1, 1) == "#") level++
      if (level > 0 && level <= target_level && substr(scan, level + 1, 1) ~ /^[[:space:]]?$/) exit
      print line
    }
    END {
      if (mode == "present" && !found) exit 1
    }
  ' /dev/stdin
+++ fm_prep_answer /tmp/fm-task-delivery.r4jQpX/commented-surgical-direct-PR-reader/home/data/commented-surgical-direct-PR-reader/prep.md Q2
+++ local file=/tmp/fm-task-delivery.r4jQpX/commented-surgical-direct-PR-reader/home/data/commented-surgical-direct-PR-reader/prep.md question=Q2 answer
++++ awk -F: 'NF > 1 && !done { print $NF; done = 1 }'
++++ tr -d '[:space:].'
++++ fm_prep_labelled /tmp/fm-task-delivery.r4jQpX/commented-surgical-direct-PR-reader/home/data/commented-surgical-direct-PR-reader/prep.md '## Tier' Q2
++++ tr '[:upper:]' '[:lower:]'
++++ '[' '## Tier' = '## Tier' ']'
++++ fm_prep_tier_read /tmp/fm-task-delivery.r4jQpX/commented-surgical-direct-PR-reader/home/data/commented-surgical-direct-PR-reader/prep.md
++++ local file=/tmp/fm-task-delivery.r4jQpX/commented-surgical-direct-PR-reader/home/data/commented-surgical-direct-PR-reader/prep.md mode=body
++++ '[' -f /tmp/fm-task-delivery.r4jQpX/commented-surgical-direct-PR-reader/home/data/commented-surgical-direct-PR-reader/prep.md ']'
++++ '[' -r /tmp/fm-task-delivery.r4jQpX/commented-surgical-direct-PR-reader/home/data/commented-surgical-direct-PR-reader/prep.md ']'
++++ fm_prep_body_text
++++ fm_brief_heading_parse - '## Tier' body
++++ local file=- 'heading=## Tier' mode=body input=-
++++ '[' - = - ']'
++++ input=/dev/stdin
++++ awk -v 'heading=## Tier' -v mode=body '
    BEGIN {
      target_level = 0
      while (substr(heading, target_level + 1, 1) == "#") target_level++
    }
    {
      line = $0
      scan = line
      spaces = 0
      while (spaces < 3 && substr(scan, 1, 1) == " ") {
        scan = substr(scan, 2)
        spaces++
      }
      marker = substr(scan, 1, 1)
      marker_len = 0
      if (marker == "`" || marker == "~") {
        while (substr(scan, marker_len + 1, 1) == marker) marker_len++
      }
      is_fence = marker_len >= 3
      was_fenced = fenced

      if (is_fence) {
        rest = substr(scan, marker_len + 1)
        if (!fenced) {
          fenced = 1
          fence_marker = marker
          fence_len = marker_len
        } else if (marker == fence_marker && marker_len >= fence_len && rest ~ /^[[:space:]]*$/) {
          fenced = 0
        }
      }

      if (!found && !was_fenced && line == heading) {
        found = 1
        if (mode == "present") next
        grab = 1
        next
      }
      if (mode == "present" || !grab) next
      if (is_fence || was_fenced) {
        print line
        next
      }

      level = 0
      while (substr(scan, level + 1, 1) == "#") level++
      if (level > 0 && level <= target_level && substr(scan, level + 1, 1) ~ /^[[:space:]]?$/) exit
      print line
    }
    END {
      if (mode == "present" && !found) exit 1
    }
  ' /dev/stdin
++++ awk -v keep_fences=no '
    function table_start(row, header, delimiter, cells, count, i, cell) {
      if (row >= NR) return 0
      header=lines[row]; delimiter=lines[row+1]
      sub(/^ ? ? ?/, "", header); sub(/^ ? ? ?/, "", delimiter)
      if (header ~ /^[[:space:]]/ || delimiter ~ /^[[:space:]]/) return 0
      gsub(/\\\|/, "", header)
      if (header !~ /\|/) return 0
      sub(/[[:space:]]+$/, "", header); sub(/[[:space:]]+$/, "", delimiter)
      sub(/^\|/, "", header); sub(/\|$/, "", header)
      sub(/^\|/, "", delimiter); sub(/\|$/, "", delimiter)
      count=split(header,cells,"|")
      if (!count || split(delimiter,cells,"|") != count) return 0
      for (i=1; i<=count; i++) {
        cell=cells[i]; gsub(/^[[:space:]]+|[[:space:]]+$/, "", cell)
        if (cell !~ /^:?-+:?$/) return 0
      }
      return 1
    }
    function closing_tick(s, size, row, probe, list_number) {
      while (1) {
        while (match(s, /`+/)) {
          if (RLENGTH == size) return 1
          s=substr(s,RSTART+RLENGTH)
        }
        if (++row > NR || lines[row] ~ /^[[:space:]]*$/) return 0
        s=lines[row]
        probe=s; sub(/^ ? ? ?/, "", probe)
        list_number=probe; sub(/[.)].*$/, "", list_number)
        if (probe ~ /^[0-9]+[.)][[:space:]]+[^[:space:]]/ && length(list_number) <= 9 && list_number+0 == 1) return 0
        if (table_start(row) || probe ~ /^```|^~~~|^#[#]?[#]?[#]?[#]?[#]?([[:space:]]|$)|^[-+*][[:space:]]+[^[:space:]]|^<!--/) return 0
      }
    }
    function uncomment(s, row, out, end, size) {
      out=""
      while (length(s)) {
        if (comment) {
          end=index(s,"-->"); if (!end) return out
          s=substr(s,end+3); comment=0
        } else if (inline_size) {
          if (!match(s,/`+/)) return out s
          size=RLENGTH
          out=out substr(s,1,RSTART+size-1)
          s=substr(s,RSTART+size)
          if (size == inline_size) inline_size=0
        } else if (substr(s,1,4) == "<!--") {
          comment=1; s=substr(s,5)
        } else if (substr(s,1,2) == "\\`" || substr(s,1,2) == "\\\\" || substr(s,1,2) == "\\<") {
          out=out substr(s,1,2); s=substr(s,3)
        } else if (substr(s,1,1) == "`") {
          match(s,/^`+/); size=RLENGTH
          out=out substr(s,1,size); s=substr(s,size+1)
          if (closing_tick(s,size,row)) inline_size=size
        } else {
          out=out substr(s,1,1); s=substr(s,2)
        }
      }
      return out
    }
    { lines[NR]=$0 }
    END {
      for (row=1; row<=NR; row++) {
        line=lines[row]
        if (!fenced && !comment && !inline_size) {
          if (line ~ /^[[:space:]]*$/) {
            paragraph=0; table=0
            print line
            continue
          }
          if (line ~ /^(    | ? ? ?\t)/ && (indented || !paragraph)) {
            indented=1; table=0
            if (keep_fences == "yes") print line
            continue
          }
          indented=0
        }
        scan=line
        spaces=0
        while (spaces < 3 && substr(scan,1,1) == " ") { scan=substr(scan,2); spaces++ }
        marker=substr(scan,1,1)
        marker_len=0
        if (marker == "`" || marker == "~") {
          while (substr(scan,marker_len+1,1) == marker) marker_len++
        }
        if (marker_len >= 3 && !comment && !inline_size) {
          paragraph=0; table=0
          rest=substr(scan,marker_len+1)
          if (!fenced) {
            fenced=1; fence_marker=marker; fence_len=marker_len
          } else if (marker == fence_marker && marker_len >= fence_len && rest ~ /^[[:space:]]*$/) {
            fenced=0
          }
          if (keep_fences == "yes") print line
          continue
        }
        if (fenced) {
          if (keep_fences == "yes") print line
          continue
        }
        line=uncomment(line,row)
        scan=line; sub(/^ ? ? ?/, "", scan)
        table=table_start(row) || (table && scan ~ /\|/)
        paragraph=(line !~ /^[[:space:]]*$/ && scan !~ /^#[#]?[#]?[#]?[#]?[#]?([[:space:]]|$)/ && !table)
        if (line ~ /^[[:space:]]*$/ && lines[row] !~ /^[[:space:]]*$/) continue
        print line
      }
    }'
++++ awk -v q=Q2 'index($0, "- " q " ") == 1 { print substr($0, length(q) + 4) }'
+++ answer=no
+++ case "$answer" in
+++ printf '%s\n' no
++ '[' no '!=' no ']'
++ awk '
    /^- Changes (stored data|security|permissions|money|install|server|unit|setting|pin|store version):/ {
      value = $0; sub(/^.*:/, "", value); gsub(/^[[:space:]]+|[[:space:]]+$/, "", value)
      if (value != "no") bad = 1
    }
    END { exit !bad }
  '
++ fm_prep_tier_read /tmp/fm-task-delivery.r4jQpX/commented-surgical-direct-PR-reader/home/data/commented-surgical-direct-PR-reader/prep.md
++ local file=/tmp/fm-task-delivery.r4jQpX/commented-surgical-direct-PR-reader/home/data/commented-surgical-direct-PR-reader/prep.md mode=body
++ '[' -f /tmp/fm-task-delivery.r4jQpX/commented-surgical-direct-PR-reader/home/data/commented-surgical-direct-PR-reader/prep.md ']'
++ '[' -r /tmp/fm-task-delivery.r4jQpX/commented-surgical-direct-PR-reader/home/data/commented-surgical-direct-PR-reader/prep.md ']'
++ fm_prep_body_text
++ awk -v keep_fences=no '
    function table_start(row, header, delimiter, cells, count, i, cell) {
      if (row >= NR) return 0
      header=lines[row]; delimiter=lines[row+1]
      sub(/^ ? ? ?/, "", header); sub(/^ ? ? ?/, "", delimiter)
      if (header ~ /^[[:space:]]/ || delimiter ~ /^[[:space:]]/) return 0
      gsub(/\\\|/, "", header)
      if (header !~ /\|/) return 0
      sub(/[[:space:]]+$/, "", header); sub(/[[:space:]]+$/, "", delimiter)
      sub(/^\|/, "", header); sub(/\|$/, "", header)
      sub(/^\|/, "", delimiter); sub(/\|$/, "", delimiter)
      count=split(header,cells,"|")
      if (!count || split(delimiter,cells,"|") != count) return 0
      for (i=1; i<=count; i++) {
        cell=cells[i]; gsub(/^[[:space:]]+|[[:space:]]+$/, "", cell)
        if (cell !~ /^:?-+:?$/) return 0
      }
      return 1
    }
    function closing_tick(s, size, row, probe, list_number) {
      while (1) {
        while (match(s, /`+/)) {
          if (RLENGTH == size) return 1
          s=substr(s,RSTART+RLENGTH)
        }
        if (++row > NR || lines[row] ~ /^[[:space:]]*$/) return 0
        s=lines[row]
        probe=s; sub(/^ ? ? ?/, "", probe)
        list_number=probe; sub(/[.)].*$/, "", list_number)
        if (probe ~ /^[0-9]+[.)][[:space:]]+[^[:space:]]/ && length(list_number) <= 9 && list_number+0 == 1) return 0
        if (table_start(row) || probe ~ /^```|^~~~|^#[#]?[#]?[#]?[#]?[#]?([[:space:]]|$)|^[-+*][[:space:]]+[^[:space:]]|^<!--/) return 0
      }
    }
    function uncomment(s, row, out, end, size) {
      out=""
      while (length(s)) {
        if (comment) {
          end=index(s,"-->"); if (!end) return out
          s=substr(s,end+3); comment=0
        } else if (inline_size) {
          if (!match(s,/`+/)) return out s
          size=RLENGTH
          out=out substr(s,1,RSTART+size-1)
          s=substr(s,RSTART+size)
          if (size == inline_size) inline_size=0
        } else if (substr(s,1,4) == "<!--") {
          comment=1; s=substr(s,5)
        } else if (substr(s,1,2) == "\\`" || substr(s,1,2) == "\\\\" || substr(s,1,2) == "\\<") {
          out=out substr(s,1,2); s=substr(s,3)
        } else if (substr(s,1,1) == "`") {
          match(s,/^`+/); size=RLENGTH
          out=out substr(s,1,size); s=substr(s,size+1)
          if (closing_tick(s,size,row)) inline_size=size
        } else {
          out=out substr(s,1,1); s=substr(s,2)
        }
      }
      return out
    }
    { lines[NR]=$0 }
    END {
      for (row=1; row<=NR; row++) {
        line=lines[row]
        if (!fenced && !comment && !inline_size) {
          if (line ~ /^[[:space:]]*$/) {
            paragraph=0; table=0
            print line
            continue
          }
          if (line ~ /^(    | ? ? ?\t)/ && (indented || !paragraph)) {
            indented=1; table=0
            if (keep_fences == "yes") print line
            continue
          }
          indented=0
        }
        scan=line
        spaces=0
        while (spaces < 3 && substr(scan,1,1) == " ") { scan=substr(scan,2); spaces++ }
        marker=substr(scan,1,1)
        marker_len=0
        if (marker == "`" || marker == "~") {
          while (substr(scan,marker_len+1,1) == marker) marker_len++
        }
        if (marker_len >= 3 && !comment && !inline_size) {
          paragraph=0; table=0
          rest=substr(scan,marker_len+1)
          if (!fenced) {
            fenced=1; fence_marker=marker; fence_len=marker_len
          } else if (marker == fence_marker && marker_len >= fence_len && rest ~ /^[[:space:]]*$/) {
            fenced=0
          }
          if (keep_fences == "yes") print line
          continue
        }
        if (fenced) {
          if (keep_fences == "yes") print line
          continue
        }
        line=uncomment(line,row)
        scan=line; sub(/^ ? ? ?/, "", scan)
        table=table_start(row) || (table && scan ~ /\|/)
        paragraph=(line !~ /^[[:space:]]*$/ && scan !~ /^#[#]?[#]?[#]?[#]?[#]?([[:space:]]|$)/ && !table)
        if (line ~ /^[[:space:]]*$/ && lines[row] !~ /^[[:space:]]*$/) continue
        print line
      }
    }'
++ fm_brief_heading_parse - '## Tier' body
++ local file=- 'heading=## Tier' mode=body input=-
++ '[' - = - ']'
++ input=/dev/stdin
++ awk -v 'heading=## Tier' -v mode=body '
    BEGIN {
      target_level = 0
      while (substr(heading, target_level + 1, 1) == "#") target_level++
    }
    {
      line = $0
      scan = line
      spaces = 0
      while (spaces < 3 && substr(scan, 1, 1) == " ") {
        scan = substr(scan, 2)
        spaces++
      }
      marker = substr(scan, 1, 1)
      marker_len = 0
      if (marker == "`" || marker == "~") {
        while (substr(scan, marker_len + 1, 1) == marker) marker_len++
      }
      is_fence = marker_len >= 3
      was_fenced = fenced

      if (is_fence) {
        rest = substr(scan, marker_len + 1)
        if (!fenced) {
          fenced = 1
          fence_marker = marker
          fence_len = marker_len
        } else if (marker == fence_marker && marker_len >= fence_len && rest ~ /^[[:space:]]*$/) {
          fenced = 0
        }
      }

      if (!found && !was_fenced && line == heading) {
        found = 1
        if (mode == "present") next
        grab = 1
        next
      }
      if (mode == "present" || !grab) next
      if (is_fence || was_fenced) {
        print line
        next
      }

      level = 0
      while (substr(scan, level + 1, 1) == "#") level++
      if (level > 0 && level <= target_level && substr(scan, level + 1, 1) ~ /^[[:space:]]?$/) exit
      print line
    }
    END {
      if (mode == "present" && !found) exit 1
    }
  ' /dev/stdin
++ IFS='|'
++ read -r field label evidence
+++ fm_prep_labelled /tmp/fm-task-delivery.r4jQpX/commented-surgical-direct-PR-reader/home/data/commented-surgical-direct-PR-reader/prep.md '## Certainty' C1
+++ '[' '## Certainty' = '## Tier' ']'
+++ awk -v q=C1 'index($0, "- " q " ") == 1 { print substr($0, length(q) + 4) }'
+++ fm_brief_heading_body /tmp/fm-task-delivery.r4jQpX/commented-surgical-direct-PR-reader/home/data/commented-surgical-direct-PR-reader/prep.md '## Certainty'
+++ fm_brief_heading_parse /tmp/fm-task-delivery.r4jQpX/commented-surgical-direct-PR-reader/home/data/commented-surgical-direct-PR-reader/prep.md '## Certainty' body
+++ local file=/tmp/fm-task-delivery.r4jQpX/commented-surgical-direct-PR-reader/home/data/commented-surgical-direct-PR-reader/prep.md 'heading=## Certainty' mode=body input=/tmp/fm-task-delivery.r4jQpX/commented-surgical-direct-PR-reader/home/data/commented-surgical-direct-PR-reader/prep.md
+++ '[' /tmp/fm-task-delivery.r4jQpX/commented-surgical-direct-PR-reader/home/data/commented-surgical-direct-PR-reader/prep.md = - ']'
+++ '[' -f /tmp/fm-task-delivery.r4jQpX/commented-surgical-direct-PR-reader/home/data/commented-surgical-direct-PR-reader/prep.md ']'
+++ awk -v 'heading=## Certainty' -v mode=body '
    BEGIN {
      target_level = 0
      while (substr(heading, target_level + 1, 1) == "#") target_level++
    }
    {
      line = $0
      scan = line
      spaces = 0
      while (spaces < 3 && substr(scan, 1, 1) == " ") {
        scan = substr(scan, 2)
        spaces++
      }
      marker = substr(scan, 1, 1)
      marker_len = 0
      if (marker == "`" || marker == "~") {
        while (substr(scan, marker_len + 1, 1) == marker) marker_len++
      }
      is_fence = marker_len >= 3
      was_fenced = fenced

      if (is_fence) {
        rest = substr(scan, marker_len + 1)
        if (!fenced) {
          fenced = 1
          fence_marker = marker
          fence_len = marker_len
        } else if (marker == fence_marker && marker_len >= fence_len && rest ~ /^[[:space:]]*$/) {
          fenced = 0
        }
      }

      if (!found && !was_fenced && line == heading) {
        found = 1
        if (mode == "present") next
        grab = 1
        next
      }
      if (mode == "present" || !grab) next
      if (is_fence || was_fenced) {
        print line
        next
      }

      level = 0
      while (substr(scan, level + 1, 1) == "#") level++
      if (level > 0 && level <= target_level && substr(scan, level + 1, 1) ~ /^[[:space:]]?$/) exit
      print line
    }
    END {
      if (mode == "present" && !found) exit 1
    }
  ' /tmp/fm-task-delivery.r4jQpX/commented-surgical-direct-PR-reader/home/data/commented-surgical-direct-PR-reader/prep.md
++ answer='Exact changed files and line locations are known: yes'
++ case "$answer" in
++ answer=' yes'
+++ printf %s ' yes'
+++ sed 's/^[[:space:]]*//;s/[[:space:]]*$//'
++ answer=yes
++ '[' yes '!=' yes ']'
++ fm_brief_heading_body /tmp/fm-task-delivery.r4jQpX/commented-surgical-direct-PR-reader/home/data/commented-surgical-direct-PR-reader/prep.md '## Certainty'
++ fm_brief_heading_parse /tmp/fm-task-delivery.r4jQpX/commented-surgical-direct-PR-reader/home/data/commented-surgical-direct-PR-reader/prep.md '## Certainty' body
++ local file=/tmp/fm-task-delivery.r4jQpX/commented-surgical-direct-PR-reader/home/data/commented-surgical-direct-PR-reader/prep.md 'heading=## Certainty' mode=body input=/tmp/fm-task-delivery.r4jQpX/commented-surgical-direct-PR-reader/home/data/commented-surgical-direct-PR-reader/prep.md
++ '[' /tmp/fm-task-delivery.r4jQpX/commented-surgical-direct-PR-reader/home/data/commented-surgical-direct-PR-reader/prep.md = - ']'
++ '[' -f /tmp/fm-task-delivery.r4jQpX/commented-surgical-direct-PR-reader/home/data/commented-surgical-direct-PR-reader/prep.md ']'
++ awk -v 'heading=## Certainty' -v mode=body '
    BEGIN {
      target_level = 0
      while (substr(heading, target_level + 1, 1) == "#") target_level++
    }
    {
      line = $0
      scan = line
      spaces = 0
      while (spaces < 3 && substr(scan, 1, 1) == " ") {
        scan = substr(scan, 2)
        spaces++
      }
      marker = substr(scan, 1, 1)
      marker_len = 0
      if (marker == "`" || marker == "~") {
        while (substr(scan, marker_len + 1, 1) == marker) marker_len++
      }
      is_fence = marker_len >= 3
      was_fenced = fenced

      if (is_fence) {
        rest = substr(scan, marker_len + 1)
        if (!fenced) {
          fenced = 1
          fence_marker = marker
          fence_len = marker_len
        } else if (marker == fence_marker && marker_len >= fence_len && rest ~ /^[[:space:]]*$/) {
          fenced = 0
        }
      }

      if (!found && !was_fenced && line == heading) {
        found = 1
        if (mode == "present") next
        grab = 1
        next
      }
      if (mode == "present" || !grab) next
      if (is_fence || was_fenced) {
        print line
        next
      }

      level = 0
      while (substr(scan, level + 1, 1) == "#") level++
      if (level > 0 && level <= target_level && substr(scan, level + 1, 1) ~ /^[[:space:]]?$/) exit
      print line
    }
    END {
      if (mode == "present" && !found) exit 1
    }
  ' /tmp/fm-task-delivery.r4jQpX/commented-surgical-direct-PR-reader/home/data/commented-surgical-direct-PR-reader/prep.md
++ awk -v f=C1 '
      index($0, "- " f) == 1 { n++; awaiting = 1; next }
      awaiting {
        if ($0 ~ /^[[:space:]]*$/) next
        if (index($0, "Evidence:") != 1) bad = 1
        value = substr($0, length("Evidence:") + 1)
        gsub(/^[[:space:]]+|[[:space:]]+$/, "", value)
        if (value == "" || value ~ /^[{][A-Z0-9_]+[}]$/ || value ~ /^<[^>]+>$/ || tolower(value) ~ /^(n\/a|unknown|unavailable|todo|tbd)([ :]|$)/) bad = 1
        awaiting = 0
      }
      END { exit !(n == 1 && !bad && !awaiting) }
    '
++ IFS='|'
++ read -r field label evidence
+++ fm_prep_labelled /tmp/fm-task-delivery.r4jQpX/commented-surgical-direct-PR-reader/home/data/commented-surgical-direct-PR-reader/prep.md '## Certainty' C2
+++ '[' '## Certainty' = '## Tier' ']'
+++ fm_brief_heading_body /tmp/fm-task-delivery.r4jQpX/commented-surgical-direct-PR-reader/home/data/commented-surgical-direct-PR-reader/prep.md '## Certainty'
+++ fm_brief_heading_parse /tmp/fm-task-delivery.r4jQpX/commented-surgical-direct-PR-reader/home/data/commented-surgical-direct-PR-reader/prep.md '## Certainty' body
+++ local file=/tmp/fm-task-delivery.r4jQpX/commented-surgical-direct-PR-reader/home/data/commented-surgical-direct-PR-reader/prep.md 'heading=## Certainty' mode=body input=/tmp/fm-task-delivery.r4jQpX/commented-surgical-direct-PR-reader/home/data/commented-surgical-direct-PR-reader/prep.md
+++ '[' /tmp/fm-task-delivery.r4jQpX/commented-surgical-direct-PR-reader/home/data/commented-surgical-direct-PR-reader/prep.md = - ']'
+++ '[' -f /tmp/fm-task-delivery.r4jQpX/commented-surgical-direct-PR-reader/home/data/commented-surgical-direct-PR-reader/prep.md ']'
+++ awk -v 'heading=## Certainty' -v mode=body '
    BEGIN {
      target_level = 0
      while (substr(heading, target_level + 1, 1) == "#") target_level++
    }
    {
      line = $0
      scan = line
      spaces = 0
      while (spaces < 3 && substr(scan, 1, 1) == " ") {
        scan = substr(scan, 2)
        spaces++
      }
      marker = substr(scan, 1, 1)
      marker_len = 0
      if (marker == "`" || marker == "~") {
        while (substr(scan, marker_len + 1, 1) == marker) marker_len++
      }
      is_fence = marker_len >= 3
      was_fenced = fenced

      if (is_fence) {
        rest = substr(scan, marker_len + 1)
        if (!fenced) {
          fenced = 1
          fence_marker = marker
          fence_len = marker_len
        } else if (marker == fence_marker && marker_len >= fence_len && rest ~ /^[[:space:]]*$/) {
          fenced = 0
        }
      }

      if (!found && !was_fenced && line == heading) {
        found = 1
        if (mode == "present") next
        grab = 1
        next
      }
      if (mode == "present" || !grab) next
      if (is_fence || was_fenced) {
        print line
        next
      }

      level = 0
      while (substr(scan, level + 1, 1) == "#") level++
      if (level > 0 && level <= target_level && substr(scan, level + 1, 1) ~ /^[[:space:]]?$/) exit
      print line
    }
    END {
      if (mode == "present" && !found) exit 1
    }
  ' /tmp/fm-task-delivery.r4jQpX/commented-surgical-direct-PR-reader/home/data/commented-surgical-direct-PR-reader/prep.md
+++ awk -v q=C2 'index($0, "- " q " ") == 1 { print substr($0, length(q) + 4) }'
++ answer='Impact lookup finds no caller outside the change and no shared module or contract: yes'
++ case "$answer" in
++ answer=' yes'
+++ sed 's/^[[:space:]]*//;s/[[:space:]]*$//'
+++ printf %s ' yes'
++ answer=yes
++ '[' yes '!=' yes ']'
++ fm_brief_heading_body /tmp/fm-task-delivery.r4jQpX/commented-surgical-direct-PR-reader/home/data/commented-surgical-direct-PR-reader/prep.md '## Certainty'
++ fm_brief_heading_parse /tmp/fm-task-delivery.r4jQpX/commented-surgical-direct-PR-reader/home/data/commented-surgical-direct-PR-reader/prep.md '## Certainty' body
++ local file=/tmp/fm-task-delivery.r4jQpX/commented-surgical-direct-PR-reader/home/data/commented-surgical-direct-PR-reader/prep.md 'heading=## Certainty' mode=body input=/tmp/fm-task-delivery.r4jQpX/commented-surgical-direct-PR-reader/home/data/commented-surgical-direct-PR-reader/prep.md
++ '[' /tmp/fm-task-delivery.r4jQpX/commented-surgical-direct-PR-reader/home/data/commented-surgical-direct-PR-reader/prep.md = - ']'
++ '[' -f /tmp/fm-task-delivery.r4jQpX/commented-surgical-direct-PR-reader/home/data/commented-surgical-direct-PR-reader/prep.md ']'
++ awk -v 'heading=## Certainty' -v mode=body '
    BEGIN {
      target_level = 0
      while (substr(heading, target_level + 1, 1) == "#") target_level++
    }
    {
      line = $0
      scan = line
      spaces = 0
      while (spaces < 3 && substr(scan, 1, 1) == " ") {
        scan = substr(scan, 2)
        spaces++
      }
      marker = substr(scan, 1, 1)
      marker_len = 0
      if (marker == "`" || marker == "~") {
        while (substr(scan, marker_len + 1, 1) == marker) marker_len++
      }
      is_fence = marker_len >= 3
      was_fenced = fenced

      if (is_fence) {
        rest = substr(scan, marker_len + 1)
        if (!fenced) {
          fenced = 1
          fence_marker = marker
          fence_len = marker_len
        } else if (marker == fence_marker && marker_len >= fence_len && rest ~ /^[[:space:]]*$/) {
          fenced = 0
        }
      }

      if (!found && !was_fenced && line == heading) {
        found = 1
        if (mode == "present") next
        grab = 1
        next
      }
      if (mode == "present" || !grab) next
      if (is_fence || was_fenced) {
        print line
        next
      }

      level = 0
      while (substr(scan, level + 1, 1) == "#") level++
      if (level > 0 && level <= target_level && substr(scan, level + 1, 1) ~ /^[[:space:]]?$/) exit
      print line
    }
    END {
      if (mode == "present" && !found) exit 1
    }
  ' /tmp/fm-task-delivery.r4jQpX/commented-surgical-direct-PR-reader/home/data/commented-surgical-direct-PR-reader/prep.md
++ awk -v f=C2 '
      index($0, "- " f) == 1 { n++; awaiting = 1; next }
      awaiting {
        if ($0 ~ /^[[:space:]]*$/) next
        if (index($0, "Evidence:") != 1) bad = 1
        value = substr($0, length("Evidence:") + 1)
        gsub(/^[[:space:]]+|[[:space:]]+$/, "", value)
        if (value == "" || value ~ /^[{][A-Z0-9_]+[}]$/ || value ~ /^<[^>]+>$/ || tolower(value) ~ /^(n\/a|unknown|unavailable|todo|tbd)([ :]|$)/) bad = 1
        awaiting = 0
      }
      END { exit !(n == 1 && !bad && !awaiting) }
    '
++ IFS='|'
++ read -r field label evidence
+++ fm_prep_labelled /tmp/fm-task-delivery.r4jQpX/commented-surgical-direct-PR-reader/home/data/commented-surgical-direct-PR-reader/prep.md '## Certainty' C3
+++ '[' '## Certainty' = '## Tier' ']'
+++ fm_brief_heading_body /tmp/fm-task-delivery.r4jQpX/commented-surgical-direct-PR-reader/home/data/commented-surgical-direct-PR-reader/prep.md '## Certainty'
+++ fm_brief_heading_parse /tmp/fm-task-delivery.r4jQpX/commented-surgical-direct-PR-reader/home/data/commented-surgical-direct-PR-reader/prep.md '## Certainty' body
+++ local file=/tmp/fm-task-delivery.r4jQpX/commented-surgical-direct-PR-reader/home/data/commented-surgical-direct-PR-reader/prep.md 'heading=## Certainty' mode=body input=/tmp/fm-task-delivery.r4jQpX/commented-surgical-direct-PR-reader/home/data/commented-surgical-direct-PR-reader/prep.md
+++ '[' /tmp/fm-task-delivery.r4jQpX/commented-surgical-direct-PR-reader/home/data/commented-surgical-direct-PR-reader/prep.md = - ']'
+++ '[' -f /tmp/fm-task-delivery.r4jQpX/commented-surgical-direct-PR-reader/home/data/commented-surgical-direct-PR-reader/prep.md ']'
+++ awk -v 'heading=## Certainty' -v mode=body '
    BEGIN {
      target_level = 0
      while (substr(heading, target_level + 1, 1) == "#") target_level++
    }
    {
      line = $0
      scan = line
      spaces = 0
      while (spaces < 3 && substr(scan, 1, 1) == " ") {
        scan = substr(scan, 2)
        spaces++
      }
      marker = substr(scan, 1, 1)
      marker_len = 0
      if (marker == "`" || marker == "~") {
        while (substr(scan, marker_len + 1, 1) == marker) marker_len++
      }
      is_fence = marker_len >= 3
      was_fenced = fenced

      if (is_fence) {
        rest = substr(scan, marker_len + 1)
        if (!fenced) {
          fenced = 1
          fence_marker = marker
          fence_len = marker_len
        } else if (marker == fence_marker && marker_len >= fence_len && rest ~ /^[[:space:]]*$/) {
          fenced = 0
        }
      }

      if (!found && !was_fenced && line == heading) {
        found = 1
        if (mode == "present") next
        grab = 1
        next
      }
      if (mode == "present" || !grab) next
      if (is_fence || was_fenced) {
        print line
        next
      }

      level = 0
      while (substr(scan, level + 1, 1) == "#") level++
      if (level > 0 && level <= target_level && substr(scan, level + 1, 1) ~ /^[[:space:]]?$/) exit
      print line
    }
    END {
      if (mode == "present" && !found) exit 1
    }
  ' /tmp/fm-task-delivery.r4jQpX/commented-surgical-direct-PR-reader/home/data/commented-surgical-direct-PR-reader/prep.md
+++ awk -v q=C3 'index($0, "- " q " ") == 1 { print substr($0, length(q) + 4) }'
++ answer='Stored data, security, permissions, money, install and server paths are untouched: yes'
++ case "$answer" in
++ answer=' yes'
+++ printf %s ' yes'
+++ sed 's/^[[:space:]]*//;s/[[:space:]]*$//'
++ answer=yes
++ '[' yes '!=' yes ']'
++ fm_brief_heading_body /tmp/fm-task-delivery.r4jQpX/commented-surgical-direct-PR-reader/home/data/commented-surgical-direct-PR-reader/prep.md '## Certainty'
++ fm_brief_heading_parse /tmp/fm-task-delivery.r4jQpX/commented-surgical-direct-PR-reader/home/data/commented-surgical-direct-PR-reader/prep.md '## Certainty' body
++ local file=/tmp/fm-task-delivery.r4jQpX/commented-surgical-direct-PR-reader/home/data/commented-surgical-direct-PR-reader/prep.md 'heading=## Certainty' mode=body input=/tmp/fm-task-delivery.r4jQpX/commented-surgical-direct-PR-reader/home/data/commented-surgical-direct-PR-reader/prep.md
++ '[' /tmp/fm-task-delivery.r4jQpX/commented-surgical-direct-PR-reader/home/data/commented-surgical-direct-PR-reader/prep.md = - ']'
++ '[' -f /tmp/fm-task-delivery.r4jQpX/commented-surgical-direct-PR-reader/home/data/commented-surgical-direct-PR-reader/prep.md ']'
++ awk -v 'heading=## Certainty' -v mode=body '
    BEGIN {
      target_level = 0
      while (substr(heading, target_level + 1, 1) == "#") target_level++
    }
    {
      line = $0
      scan = line
      spaces = 0
      while (spaces < 3 && substr(scan, 1, 1) == " ") {
        scan = substr(scan, 2)
        spaces++
      }
      marker = substr(scan, 1, 1)
      marker_len = 0
      if (marker == "`" || marker == "~") {
        while (substr(scan, marker_len + 1, 1) == marker) marker_len++
      }
      is_fence = marker_len >= 3
      was_fenced = fenced

      if (is_fence) {
        rest = substr(scan, marker_len + 1)
        if (!fenced) {
          fenced = 1
          fence_marker = marker
          fence_len = marker_len
        } else if (marker == fence_marker && marker_len >= fence_len && rest ~ /^[[:space:]]*$/) {
          fenced = 0
        }
      }

      if (!found && !was_fenced && line == heading) {
        found = 1
        if (mode == "present") next
        grab = 1
        next
      }
      if (mode == "present" || !grab) next
      if (is_fence || was_fenced) {
        print line
        next
      }

      level = 0
      while (substr(scan, level + 1, 1) == "#") level++
      if (level > 0 && level <= target_level && substr(scan, level + 1, 1) ~ /^[[:space:]]?$/) exit
      print line
    }
    END {
      if (mode == "present" && !found) exit 1
    }
  ' /tmp/fm-task-delivery.r4jQpX/commented-surgical-direct-PR-reader/home/data/commented-surgical-direct-PR-reader/prep.md
++ awk -v f=C3 '
      index($0, "- " f) == 1 { n++; awaiting = 1; next }
      awaiting {
        if ($0 ~ /^[[:space:]]*$/) next
        if (index($0, "Evidence:") != 1) bad = 1
        value = substr($0, length("Evidence:") + 1)
        gsub(/^[[:space:]]+|[[:space:]]+$/, "", value)
        if (value == "" || value ~ /^[{][A-Z0-9_]+[}]$/ || value ~ /^<[^>]+>$/ || tolower(value) ~ /^(n\/a|unknown|unavailable|todo|tbd)([ :]|$)/) bad = 1
        awaiting = 0
      }
      END { exit !(n == 1 && !bad && !awaiting) }
    '
++ IFS='|'
++ read -r field label evidence
+++ fm_prep_labelled /tmp/fm-task-delivery.r4jQpX/commented-surgical-direct-PR-reader/home/data/commented-surgical-direct-PR-reader/prep.md '## Certainty' C4
+++ '[' '## Certainty' = '## Tier' ']'
+++ fm_brief_heading_body /tmp/fm-task-delivery.r4jQpX/commented-surgical-direct-PR-reader/home/data/commented-surgical-direct-PR-reader/prep.md '## Certainty'
+++ fm_brief_heading_parse /tmp/fm-task-delivery.r4jQpX/commented-surgical-direct-PR-reader/home/data/commented-surgical-direct-PR-reader/prep.md '## Certainty' body
+++ local file=/tmp/fm-task-delivery.r4jQpX/commented-surgical-direct-PR-reader/home/data/commented-surgical-direct-PR-reader/prep.md 'heading=## Certainty' mode=body input=/tmp/fm-task-delivery.r4jQpX/commented-surgical-direct-PR-reader/home/data/commented-surgical-direct-PR-reader/prep.md
+++ '[' /tmp/fm-task-delivery.r4jQpX/commented-surgical-direct-PR-reader/home/data/commented-surgical-direct-PR-reader/prep.md = - ']'
+++ '[' -f /tmp/fm-task-delivery.r4jQpX/commented-surgical-direct-PR-reader/home/data/commented-surgical-direct-PR-reader/prep.md ']'
+++ awk -v 'heading=## Certainty' -v mode=body '
    BEGIN {
      target_level = 0
      while (substr(heading, target_level + 1, 1) == "#") target_level++
    }
    {
      line = $0
      scan = line
      spaces = 0
      while (spaces < 3 && substr(scan, 1, 1) == " ") {
        scan = substr(scan, 2)
        spaces++
      }
      marker = substr(scan, 1, 1)
      marker_len = 0
      if (marker == "`" || marker == "~") {
        while (substr(scan, marker_len + 1, 1) == marker) marker_len++
      }
      is_fence = marker_len >= 3
      was_fenced = fenced

      if (is_fence) {
        rest = substr(scan, marker_len + 1)
        if (!fenced) {
          fenced = 1
          fence_marker = marker
          fence_len = marker_len
        } else if (marker == fence_marker && marker_len >= fence_len && rest ~ /^[[:space:]]*$/) {
          fenced = 0
        }
      }

      if (!found && !was_fenced && line == heading) {
        found = 1
        if (mode == "present") next
        grab = 1
        next
      }
      if (mode == "present" || !grab) next
      if (is_fence || was_fenced) {
        print line
        next
      }

      level = 0
      while (substr(scan, level + 1, 1) == "#") level++
      if (level > 0 && level <= target_level && substr(scan, level + 1, 1) ~ /^[[:space:]]?$/) exit
      print line
    }
    END {
      if (mode == "present" && !found) exit 1
    }
  ' /tmp/fm-task-delivery.r4jQpX/commented-surgical-direct-PR-reader/home/data/commented-surgical-direct-PR-reader/prep.md
+++ awk -v q=C4 'index($0, "- " q " ") == 1 { print substr($0, length(q) + 4) }'
++ answer='The cause and the complete fix are known: yes'
++ case "$answer" in
++ answer=' yes'
+++ printf %s ' yes'
+++ sed 's/^[[:space:]]*//;s/[[:space:]]*$//'
++ answer=yes
++ '[' yes '!=' yes ']'
++ fm_brief_heading_body /tmp/fm-task-delivery.r4jQpX/commented-surgical-direct-PR-reader/home/data/commented-surgical-direct-PR-reader/prep.md '## Certainty'
++ fm_brief_heading_parse /tmp/fm-task-delivery.r4jQpX/commented-surgical-direct-PR-reader/home/data/commented-surgical-direct-PR-reader/prep.md '## Certainty' body
++ local file=/tmp/fm-task-delivery.r4jQpX/commented-surgical-direct-PR-reader/home/data/commented-surgical-direct-PR-reader/prep.md 'heading=## Certainty' mode=body input=/tmp/fm-task-delivery.r4jQpX/commented-surgical-direct-PR-reader/home/data/commented-surgical-direct-PR-reader/prep.md
++ awk -v f=C4 '
      index($0, "- " f) == 1 { n++; awaiting = 1; next }
      awaiting {
        if ($0 ~ /^[[:space:]]*$/) next
        if (index($0, "Evidence:") != 1) bad = 1
        value = substr($0, length("Evidence:") + 1)
++ '[' /tmp/fm-task-delivery.r4jQpX/commented-surgical-direct-PR-reader/home/data/commented-surgical-direct-PR-reader/prep.md = - ']'
        gsub(/^[[:space:]]+|[[:space:]]+$/, "", value)
++ '[' -f /tmp/fm-task-delivery.r4jQpX/commented-surgical-direct-PR-reader/home/data/commented-surgical-direct-PR-reader/prep.md ']'
        if (value == "" || value ~ /^[{][A-Z0-9_]+[}]$/ || value ~ /^<[^>]+>$/ || tolower(value) ~ /^(n\/a|unknown|unavailable|todo|tbd)([ :]|$)/) bad = 1
        awaiting = 0
      }
      END { exit !(n == 1 && !bad && !awaiting) }
    '
++ awk -v 'heading=## Certainty' -v mode=body '
    BEGIN {
      target_level = 0
      while (substr(heading, target_level + 1, 1) == "#") target_level++
    }
    {
      line = $0
      scan = line
      spaces = 0
      while (spaces < 3 && substr(scan, 1, 1) == " ") {
        scan = substr(scan, 2)
        spaces++
      }
      marker = substr(scan, 1, 1)
      marker_len = 0
      if (marker == "`" || marker == "~") {
        while (substr(scan, marker_len + 1, 1) == marker) marker_len++
      }
      is_fence = marker_len >= 3
      was_fenced = fenced

      if (is_fence) {
        rest = substr(scan, marker_len + 1)
        if (!fenced) {
          fenced = 1
          fence_marker = marker
          fence_len = marker_len
        } else if (marker == fence_marker && marker_len >= fence_len && rest ~ /^[[:space:]]*$/) {
          fenced = 0
        }
      }

      if (!found && !was_fenced && line == heading) {
        found = 1
        if (mode == "present") next
        grab = 1
        next
      }
      if (mode == "present" || !grab) next
      if (is_fence || was_fenced) {
        print line
        next
      }

      level = 0
      while (substr(scan, level + 1, 1) == "#") level++
      if (level > 0 && level <= target_level && substr(scan, level + 1, 1) ~ /^[[:space:]]?$/) exit
      print line
    }
    END {
      if (mode == "present" && !found) exit 1
    }
  ' /tmp/fm-task-delivery.r4jQpX/commented-surgical-direct-PR-reader/home/data/commented-surgical-direct-PR-reader/prep.md
++ IFS='|'
++ read -r field label evidence
+++ fm_prep_labelled /tmp/fm-task-delivery.r4jQpX/commented-surgical-direct-PR-reader/home/data/commented-surgical-direct-PR-reader/prep.md '## Certainty' C5
+++ '[' '## Certainty' = '## Tier' ']'
+++ fm_brief_heading_body /tmp/fm-task-delivery.r4jQpX/commented-surgical-direct-PR-reader/home/data/commented-surgical-direct-PR-reader/prep.md '## Certainty'
+++ fm_brief_heading_parse /tmp/fm-task-delivery.r4jQpX/commented-surgical-direct-PR-reader/home/data/commented-surgical-direct-PR-reader/prep.md '## Certainty' body
+++ local file=/tmp/fm-task-delivery.r4jQpX/commented-surgical-direct-PR-reader/home/data/commented-surgical-direct-PR-reader/prep.md 'heading=## Certainty' mode=body input=/tmp/fm-task-delivery.r4jQpX/commented-surgical-direct-PR-reader/home/data/commented-surgical-direct-PR-reader/prep.md
+++ awk -v q=C5 'index($0, "- " q " ") == 1 { print substr($0, length(q) + 4) }'
+++ '[' /tmp/fm-task-delivery.r4jQpX/commented-surgical-direct-PR-reader/home/data/commented-surgical-direct-PR-reader/prep.md = - ']'
+++ '[' -f /tmp/fm-task-delivery.r4jQpX/commented-surgical-direct-PR-reader/home/data/commented-surgical-direct-PR-reader/prep.md ']'
+++ awk -v 'heading=## Certainty' -v mode=body '
    BEGIN {
      target_level = 0
      while (substr(heading, target_level + 1, 1) == "#") target_level++
    }
    {
      line = $0
      scan = line
      spaces = 0
      while (spaces < 3 && substr(scan, 1, 1) == " ") {
        scan = substr(scan, 2)
        spaces++
      }
      marker = substr(scan, 1, 1)
      marker_len = 0
      if (marker == "`" || marker == "~") {
        while (substr(scan, marker_len + 1, 1) == marker) marker_len++
      }
      is_fence = marker_len >= 3
      was_fenced = fenced

      if (is_fence) {
        rest = substr(scan, marker_len + 1)
        if (!fenced) {
          fenced = 1
          fence_marker = marker
          fence_len = marker_len
        } else if (marker == fence_marker && marker_len >= fence_len && rest ~ /^[[:space:]]*$/) {
          fenced = 0
        }
      }

      if (!found && !was_fenced && line == heading) {
        found = 1
        if (mode == "present") next
        grab = 1
        next
      }
      if (mode == "present" || !grab) next
      if (is_fence || was_fenced) {
        print line
        next
      }

      level = 0
      while (substr(scan, level + 1, 1) == "#") level++
      if (level > 0 && level <= target_level && substr(scan, level + 1, 1) ~ /^[[:space:]]?$/) exit
      print line
    }
    END {
      if (mode == "present" && !found) exit 1
    }
  ' /tmp/fm-task-delivery.r4jQpX/commented-surgical-direct-PR-reader/home/data/commented-surgical-direct-PR-reader/prep.md
++ answer='One focused regression covers the entire changed behaviour: yes'
++ case "$answer" in
++ answer=' yes'
+++ sed 's/^[[:space:]]*//;s/[[:space:]]*$//'
+++ printf %s ' yes'
++ answer=yes
++ '[' yes '!=' yes ']'
++ fm_brief_heading_body /tmp/fm-task-delivery.r4jQpX/commented-surgical-direct-PR-reader/home/data/commented-surgical-direct-PR-reader/prep.md '## Certainty'
++ fm_brief_heading_parse /tmp/fm-task-delivery.r4jQpX/commented-surgical-direct-PR-reader/home/data/commented-surgical-direct-PR-reader/prep.md '## Certainty' body
++ local file=/tmp/fm-task-delivery.r4jQpX/commented-surgical-direct-PR-reader/home/data/commented-surgical-direct-PR-reader/prep.md 'heading=## Certainty' mode=body input=/tmp/fm-task-delivery.r4jQpX/commented-surgical-direct-PR-reader/home/data/commented-surgical-direct-PR-reader/prep.md
++ '[' /tmp/fm-task-delivery.r4jQpX/commented-surgical-direct-PR-reader/home/data/commented-surgical-direct-PR-reader/prep.md = - ']'
++ '[' -f /tmp/fm-task-delivery.r4jQpX/commented-surgical-direct-PR-reader/home/data/commented-surgical-direct-PR-reader/prep.md ']'
++ awk -v 'heading=## Certainty' -v mode=body '
    BEGIN {
      target_level = 0
      while (substr(heading, target_level + 1, 1) == "#") target_level++
    }
    {
      line = $0
      scan = line
      spaces = 0
      while (spaces < 3 && substr(scan, 1, 1) == " ") {
        scan = substr(scan, 2)
        spaces++
      }
      marker = substr(scan, 1, 1)
      marker_len = 0
      if (marker == "`" || marker == "~") {
        while (substr(scan, marker_len + 1, 1) == marker) marker_len++
      }
      is_fence = marker_len >= 3
      was_fenced = fenced

      if (is_fence) {
        rest = substr(scan, marker_len + 1)
        if (!fenced) {
          fenced = 1
          fence_marker = marker
          fence_len = marker_len
        } else if (marker == fence_marker && marker_len >= fence_len && rest ~ /^[[:space:]]*$/) {
          fenced = 0
        }
      }

      if (!found && !was_fenced && line == heading) {
        found = 1
        if (mode == "present") next
        grab = 1
        next
      }
      if (mode == "present" || !grab) next
      if (is_fence || was_fenced) {
        print line
        next
      }

      level = 0
      while (substr(scan, level + 1, 1) == "#") level++
      if (level > 0 && level <= target_level && substr(scan, level + 1, 1) ~ /^[[:space:]]?$/) exit
      print line
    }
    END {
      if (mode == "present" && !found) exit 1
    }
  ' /tmp/fm-task-delivery.r4jQpX/commented-surgical-direct-PR-reader/home/data/commented-surgical-direct-PR-reader/prep.md
++ awk -v f=C5 '
      index($0, "- " f) == 1 { n++; awaiting = 1; next }
      awaiting {
        if ($0 ~ /^[[:space:]]*$/) next
        if (index($0, "Evidence:") != 1) bad = 1
        value = substr($0, length("Evidence:") + 1)
        gsub(/^[[:space:]]+|[[:space:]]+$/, "", value)
        if (value == "" || value ~ /^[{][A-Z0-9_]+[}]$/ || value ~ /^<[^>]+>$/ || tolower(value) ~ /^(n\/a|unknown|unavailable|todo|tbd)([ :]|$)/) bad = 1
        awaiting = 0
      }
      END { exit !(n == 1 && !bad && !awaiting) }
    '
++ IFS='|'
++ read -r field label evidence
++ return 1
++ return 1
+ reason=
+ status=1
+ '[' 1 -eq 1 ']'
+ '[' -z '' ']'
+ pass 'surgical commented no-mistakes/live direct-PR: reader'
+ printf 'ok - %s\n' 'surgical commented no-mistakes/live direct-PR: reader'
+ for check in "${@:3}"
+ id=commented-surgical-direct-PR-missing
++ make_home commented-surgical-direct-PR-missing
++ local name=commented-surgical-direct-PR-missing home projects fakebin
++ shift
++ home=/tmp/fm-task-delivery.r4jQpX/commented-surgical-direct-PR-missing/home
++ projects=/tmp/fm-task-delivery.r4jQpX/commented-surgical-direct-PR-missing/projects
++ fakebin=/tmp/fm-task-delivery.r4jQpX/commented-surgical-direct-PR-missing/bin
++ mkdir -p /tmp/fm-task-delivery.r4jQpX/commented-surgical-direct-PR-missing/home/data /tmp/fm-task-delivery.r4jQpX/commented-surgical-direct-PR-missing/home/state /tmp/fm-task-delivery.r4jQpX/commented-surgical-direct-PR-missing/home/config /tmp/fm-task-delivery.r4jQpX/commented-surgical-direct-PR-missing/projects/proj /tmp/fm-task-delivery.r4jQpX/commented-surgical-direct-PR-missing/bin
++ git -C /tmp/fm-task-delivery.r4jQpX/commented-surgical-direct-PR-missing/projects/proj init -q
++ printf '#!/bin/sh\nprintf "%%s\\n" "$*" >> "%s/tmux.calls"\nexit 1\n' /tmp/fm-task-delivery.r4jQpX/commented-surgical-direct-PR-missing/bin
++ printf '#!/bin/sh\nprintf "%%s\\n" "$*" >> "%s/treehouse.calls"\nexit 1\n' /tmp/fm-task-delivery.r4jQpX/commented-surgical-direct-PR-missing/bin
++ chmod +x /tmp/fm-task-delivery.r4jQpX/commented-surgical-direct-PR-missing/bin/treehouse
++ chmod +x /tmp/fm-task-delivery.r4jQpX/commented-surgical-direct-PR-missing/bin/tmux
++ '[' 0 -gt 0 ']'
++ printf '%s\n' '/tmp/fm-task-delivery.r4jQpX/commented-surgical-direct-PR-missing/home|/tmp/fm-task-delivery.r4jQpX/commented-surgical-direct-PR-missing/projects/proj|/tmp/fm-task-delivery.r4jQpX/commented-surgical-direct-PR-missing/bin'
+ rec='/tmp/fm-task-delivery.r4jQpX/commented-surgical-direct-PR-missing/home|/tmp/fm-task-delivery.r4jQpX/commented-surgical-direct-PR-missing/projects/proj|/tmp/fm-task-delivery.r4jQpX/commented-surgical-direct-PR-missing/bin'
+ IFS='|'
+ read -r home proj fakebin
+ case "$declared" in
+ old_mode=no-mistakes
+ depth='checks-only (direct-PR)'
+ selected=direct-PR
+ '[' missing '!=' mismatch ']'
+ '[' missing '!=' local ']'
+ write_brief /tmp/fm-task-delivery.r4jQpX/commented-surgical-direct-PR-missing/home commented-surgical-direct-PR-missing direct-PR
+ local home=/tmp/fm-task-delivery.r4jQpX/commented-surgical-direct-PR-missing/home id=commented-surgical-direct-PR-missing mode=direct-PR
+ mkdir -p /tmp/fm-task-delivery.r4jQpX/commented-surgical-direct-PR-missing/home/data/commented-surgical-direct-PR-missing
+ printf 'You are a crewmate.\n\n# Task\n## Captain'\''s intent\nExercise the delivery contract.\n\n## Firstmate spec\nVerify the selected delivery behavior.\n\n# Definition of done\n'
+ '[' -z direct-PR ']'
+ printf 'Delivery contract: mode=%s\n' direct-PR
+ case "$mode" in
+ write_prep /tmp/fm-task-delivery.r4jQpX/commented-surgical-direct-PR-missing/home commented-surgical-direct-PR-missing
+ fm_test_prep_record /tmp/fm-task-delivery.r4jQpX/commented-surgical-direct-PR-missing/home/data commented-surgical-direct-PR-missing no no no direct-PR
+ local data=/tmp/fm-task-delivery.r4jQpX/commented-surgical-direct-PR-missing/home/data id=commented-surgical-direct-PR-missing q1=no q2=no ui=no depth_mode=direct-PR root prep
+++ dirname tests/prep-record-helper.sh
++ cd tests/..
++ pwd
+ root=/home/zcrew/.no-mistakes/worktrees/5124444c5bba/01M45JNGXNRJ522PPBNYHJF1VA
+ prep=/tmp/fm-task-delivery.r4jQpX/commented-surgical-direct-PR-missing/home/data/commented-surgical-direct-PR-missing/prep.md
+ '[' '!' -e /tmp/fm-task-delivery.r4jQpX/commented-surgical-direct-PR-missing/home/data/commented-surgical-direct-PR-missing/prep.md ']'
+ mkdir -p /tmp/fm-task-delivery.r4jQpX/commented-surgical-direct-PR-missing/home/data/commented-surgical-direct-PR-missing
+ FM_HOME=/tmp/fm-task-delivery.r4jQpX/commented-surgical-direct-PR-missing/home/data
+ FM_DATA_OVERRIDE=/tmp/fm-task-delivery.r4jQpX/commented-surgical-direct-PR-missing/home/data
+ /home/zcrew/.no-mistakes/worktrees/5124444c5bba/01M45JNGXNRJ522PPBNYHJF1VA/bin/fm-brief.sh commented-surgical-direct-PR-missing --prep
+ sed -e 's/{Q1}/no/' -e 's/{Q2}/no/' -e 's/{UI_WIRING}/no, spawn fixture./' -e 's/^{INTENT_AND_BOXES}$/Exercise the delivery contract in an isolated fixture./' -e 's/^{[A-Z0-9_]*}$/n\/a: spawn fixture./' /tmp/fm-task-delivery.r4jQpX/commented-surgical-direct-PR-missing/home/data/commented-surgical-direct-PR-missing/prep.md
+ mv /tmp/fm-task-delivery.r4jQpX/commented-surgical-direct-PR-missing/home/data/commented-surgical-direct-PR-missing/prep.md.filled /tmp/fm-task-delivery.r4jQpX/commented-surgical-direct-PR-missing/home/data/commented-surgical-direct-PR-missing/prep.md
+ fm_test_fill_prep_common /tmp/fm-task-delivery.r4jQpX/commented-surgical-direct-PR-missing/home/data/commented-surgical-direct-PR-missing/prep.md direct-PR
+ local prep=/tmp/fm-task-delivery.r4jQpX/commented-surgical-direct-PR-missing/home/data/commented-surgical-direct-PR-missing/prep.md depth
+ case "${2:-no-mistakes}" in
+ depth='checks-only (direct-PR)'
+ awk -v 'depth=checks-only (direct-PR)' '
    { gsub(/\{DELIVERY_DEPTH\}/, depth ", exercise the declared fixture delivery contract.")
      gsub(/\{CAPTAIN_RULINGS\}/, "Intent: exercise delivery admission; ruling: use an isolated fixture (test brief).")
      gsub(/\{STILL_VALID\}/, "proceed: inspected fixture base and task sources; delivery admission remains needed with no dependency.")
      gsub(/\{SIBLINGS_NAMED\}/, "Not a defect; searched fixture task records and delivery owners, none found.")
      gsub(/\{VALIDATION_ROUTE\}/, "bash bin/fm-test-run.sh tests/fm-task-delivery.test.sh; Bash fixture runtime, isolated home, baseline timing unknown; worker measures this bounded run, CI owns final regression.")
      gsub(/\{SCREEN_AND_REGION\}/, "n/a: no product screen is changed.")
      gsub(/\{RED_FIRST_PROOF\}/, "bash tests/fm-task-delivery.test.sh; remove the record; expect a preparation refusal; record observed RED before implementation.")
      gsub(/\{FIXTURE_ARITHMETIC\}/, "n/a: no calculated assertions.")
      gsub(/\{DATA_PATH_REACHABILITY\}/, "brief --prep writes data/id/prep.md; spawn reads that path; launch rendering is the fixture witness.")
      gsub(/\{SCOPE_ONLY_AS_ASKED\}/, "Exercise the requested delivery admission only; real endpoints and product changes are outside scope.")
      gsub(/\{AUTHOR_GATE_CHECK\}/, "bash -c '\'' . bin/fm-dod-lib.sh; fm_prep_unfilled_reason \"$1\" '\'' _ data/id/prep.md; run on final bytes before handoff and paste empty output and raw exit 1 (reason with exit 0 refuses).")
      gsub(/\{OUTCOME\}/, "Delivery admission")
      gsub(/\{OBSERVABLE_RESULT\}/, "Launch brief exists before the refusing backend")
      gsub(/\{WHERE_AND_HOW\}/, "bash tests/fm-task-delivery.test.sh; fixture spawn and launch-brief.md")
      gsub(/\{EXPECTED_VALUE\}/, "Brief present; no real endpoint created")
      print
    }' /tmp/fm-task-delivery.r4jQpX/commented-surgical-direct-PR-missing/home/data/commented-surgical-direct-PR-missing/prep.md
+ mv /tmp/fm-task-delivery.r4jQpX/commented-surgical-direct-PR-missing/home/data/commented-surgical-direct-PR-missing/prep.md.common /tmp/fm-task-delivery.r4jQpX/commented-surgical-direct-PR-missing/home/data/commented-surgical-direct-PR-missing/prep.md
+ '[' no = yes ']'
+ return 0
+ prep=/tmp/fm-task-delivery.r4jQpX/commented-surgical-direct-PR-missing/home/data/commented-surgical-direct-PR-missing/prep.md
+ '[' surgical = surgical ']'
+ rm /tmp/fm-task-delivery.r4jQpX/commented-surgical-direct-PR-missing/home/data/commented-surgical-direct-PR-missing/prep.md
+ FM_HOME=/tmp/fm-task-delivery.r4jQpX/commented-surgical-direct-PR-missing/home
+ /home/zcrew/.no-mistakes/worktrees/5124444c5bba/01M45JNGXNRJ522PPBNYHJF1VA/bin/fm-brief.sh commented-surgical-direct-PR-missing --prep --surgical
+ sed -E -e 's/\{Q1\}/yes/' -e 's/\{Q2\}/no/' -e 's/\{UI_WIRING\}/no, confined CLI output./' -e 's/\{Q[12]_REASON\}/Inspected confined output./' -e 's/\{C[1-5]\}/yes/' -e 's/\{C[1-5]_EVIDENCE\}/owned.sh:12; callers confined; cause reproduced; regression covers output; no sensitive paths./' /tmp/fm-task-delivery.r4jQpX/commented-surgical-direct-PR-missing/home/data/commented-surgical-direct-PR-missing/prep.md
+ mv /tmp/fm-task-delivery.r4jQpX/commented-surgical-direct-PR-missing/home/data/commented-surgical-direct-PR-missing/prep.md.f /tmp/fm-task-delivery.r4jQpX/commented-surgical-direct-PR-missing/home/data/commented-surgical-direct-PR-missing/prep.md
+ fm_test_fill_prep_common /tmp/fm-task-delivery.r4jQpX/commented-surgical-direct-PR-missing/home/data/commented-surgical-direct-PR-missing/prep.md direct-PR
+ local prep=/tmp/fm-task-delivery.r4jQpX/commented-surgical-direct-PR-missing/home/data/commented-surgical-direct-PR-missing/prep.md depth
+ case "${2:-no-mistakes}" in
+ depth='checks-only (direct-PR)'
+ awk -v 'depth=checks-only (direct-PR)' '
    { gsub(/\{DELIVERY_DEPTH\}/, depth ", exercise the declared fixture delivery contract.")
      gsub(/\{CAPTAIN_RULINGS\}/, "Intent: exercise delivery admission; ruling: use an isolated fixture (test brief).")
      gsub(/\{STILL_VALID\}/, "proceed: inspected fixture base and task sources; delivery admission remains needed with no dependency.")
      gsub(/\{SIBLINGS_NAMED\}/, "Not a defect; searched fixture task records and delivery owners, none found.")
      gsub(/\{VALIDATION_ROUTE\}/, "bash bin/fm-test-run.sh tests/fm-task-delivery.test.sh; Bash fixture runtime, isolated home, baseline timing unknown; worker measures this bounded run, CI owns final regression.")
      gsub(/\{SCREEN_AND_REGION\}/, "n/a: no product screen is changed.")
      gsub(/\{RED_FIRST_PROOF\}/, "bash tests/fm-task-delivery.test.sh; remove the record; expect a preparation refusal; record observed RED before implementation.")
      gsub(/\{FIXTURE_ARITHMETIC\}/, "n/a: no calculated assertions.")
      gsub(/\{DATA_PATH_REACHABILITY\}/, "brief --prep writes data/id/prep.md; spawn reads that path; launch rendering is the fixture witness.")
      gsub(/\{SCOPE_ONLY_AS_ASKED\}/, "Exercise the requested delivery admission only; real endpoints and product changes are outside scope.")
      gsub(/\{AUTHOR_GATE_CHECK\}/, "bash -c '\'' . bin/fm-dod-lib.sh; fm_prep_unfilled_reason \"$1\" '\'' _ data/id/prep.md; run on final bytes before handoff and paste empty output and raw exit 1 (reason with exit 0 refuses).")
      gsub(/\{OUTCOME\}/, "Delivery admission")
      gsub(/\{OBSERVABLE_RESULT\}/, "Launch brief exists before the refusing backend")
      gsub(/\{WHERE_AND_HOW\}/, "bash tests/fm-task-delivery.test.sh; fixture spawn and launch-brief.md")
      gsub(/\{EXPECTED_VALUE\}/, "Brief present; no real endpoint created")
      print
    }' /tmp/fm-task-delivery.r4jQpX/commented-surgical-direct-PR-missing/home/data/commented-surgical-direct-PR-missing/prep.md
+ mv /tmp/fm-task-delivery.r4jQpX/commented-surgical-direct-PR-missing/home/data/commented-surgical-direct-PR-missing/prep.md.common /tmp/fm-task-delivery.r4jQpX/commented-surgical-direct-PR-missing/home/data/commented-surgical-direct-PR-missing/prep.md
+ fm_test_prep_depth /tmp/fm-task-delivery.r4jQpX/commented-surgical-direct-PR-missing/home/data/commented-surgical-direct-PR-missing/prep.md direct-PR
+ local prep=/tmp/fm-task-delivery.r4jQpX/commented-surgical-direct-PR-missing/home/data/commented-surgical-direct-PR-missing/prep.md depth
+ case "$2" in
+ depth='checks-only (direct-PR)'
+ awk -v 'depth=checks-only (direct-PR)' '
    /^- Delivery depth:/ { next }
    { print }
    $0 == "## Tier" { print "- Delivery depth: " depth ", exercise the declared fixture delivery contract." }
  ' /tmp/fm-task-delivery.r4jQpX/commented-surgical-direct-PR-missing/home/data/commented-surgical-direct-PR-missing/prep.md
+ mv /tmp/fm-task-delivery.r4jQpX/commented-surgical-direct-PR-missing/home/data/commented-surgical-direct-PR-missing/prep.md.depth /tmp/fm-task-delivery.r4jQpX/commented-surgical-direct-PR-missing/home/data/commented-surgical-direct-PR-missing/prep.md
+ baseline=/tmp/fm-task-delivery.r4jQpX/commented-surgical-direct-PR-missing/home/live.prep
+ cp /tmp/fm-task-delivery.r4jQpX/commented-surgical-direct-PR-missing/home/data/commented-surgical-direct-PR-missing/prep.md /tmp/fm-task-delivery.r4jQpX/commented-surgical-direct-PR-missing/home/live.prep
+ printf '<!-- Previous preparation example\n## Tier\n'
+ printf '%s\n' '- Q1 does this change alter what a user sees or can do: no' '- Q2 does this change touch a shared module or a contract: no' '- UI wiring: no, old isolated example.'
+ '[' no-mistakes = direct-PR ']'
+ printf '%s\n' '- Delivery depth: checks + AI review (no-mistakes), old shared example.'
+ printf '\n-->\n'
+ case "$check" in
+ sed '/^- Delivery depth:/d' /tmp/fm-task-delivery.r4jQpX/commented-surgical-direct-PR-missing/home/live.prep
+ case "$check" in
++ fm_prep_delivery_mode /tmp/fm-task-delivery.r4jQpX/commented-surgical-direct-PR-missing/home/data/commented-surgical-direct-PR-missing/prep.md
++ cp /tmp/fm-task-delivery.r4jQpX/commented-surgical-direct-PR-missing/home/data/commented-surgical-direct-PR-missing/prep.md /home/zcrew/.no-mistakes/evidence/01M45JNGXNRJ522PPBNYHJF1VA/restored-context-surgical-direct-PR.input.md
++ review_original_delivery_mode /tmp/fm-task-delivery.r4jQpX/commented-surgical-direct-PR-missing/home/data/commented-surgical-direct-PR-missing/prep.md
++ local value reason mode
+++ awk '
    /^- Delivery depth:/ { seen++; value=substr($0,19) }
    END { if (seen == 1) print value }
  '
+++ fm_prep_tier_read /tmp/fm-task-delivery.r4jQpX/commented-surgical-direct-PR-missing/home/data/commented-surgical-direct-PR-missing/prep.md
+++ local file=/tmp/fm-task-delivery.r4jQpX/commented-surgical-direct-PR-missing/home/data/commented-surgical-direct-PR-missing/prep.md mode=body
+++ '[' -f /tmp/fm-task-delivery.r4jQpX/commented-surgical-direct-PR-missing/home/data/commented-surgical-direct-PR-missing/prep.md ']'
+++ '[' -r /tmp/fm-task-delivery.r4jQpX/commented-surgical-direct-PR-missing/home/data/commented-surgical-direct-PR-missing/prep.md ']'
+++ fm_brief_heading_parse - '## Tier' body
+++ local file=- 'heading=## Tier' mode=body input=-
+++ '[' - = - ']'
+++ input=/dev/stdin
+++ awk -v 'heading=## Tier' -v mode=body '
    BEGIN {
      target_level = 0
      while (substr(heading, target_level + 1, 1) == "#") target_level++
    }
    {
      line = $0
      scan = line
      spaces = 0
      while (spaces < 3 && substr(scan, 1, 1) == " ") {
        scan = substr(scan, 2)
        spaces++
      }
      marker = substr(scan, 1, 1)
      marker_len = 0
      if (marker == "`" || marker == "~") {
        while (substr(scan, marker_len + 1, 1) == marker) marker_len++
      }
      is_fence = marker_len >= 3
      was_fenced = fenced

      if (is_fence) {
        rest = substr(scan, marker_len + 1)
        if (!fenced) {
          fenced = 1
          fence_marker = marker
          fence_len = marker_len
        } else if (marker == fence_marker && marker_len >= fence_len && rest ~ /^[[:space:]]*$/) {
          fenced = 0
        }
      }

      if (!found && !was_fenced && line == heading) {
        found = 1
        if (mode == "present") next
        grab = 1
        next
      }
      if (mode == "present" || !grab) next
      if (is_fence || was_fenced) {
        print line
        next
      }

      level = 0
      while (substr(scan, level + 1, 1) == "#") level++
      if (level > 0 && level <= target_level && substr(scan, level + 1, 1) ~ /^[[:space:]]?$/) exit
      print line
    }
    END {
      if (mode == "present" && !found) exit 1
    }
  ' /dev/stdin
+++ fm_prep_body_text
+++ awk -v keep_fences=no '
    function table_start(row, header, delimiter, cells, count, i, cell) {
      if (row >= NR) return 0
      header=lines[row]; delimiter=lines[row+1]
      sub(/^ ? ? ?/, "", header); sub(/^ ? ? ?/, "", delimiter)
      if (header ~ /^[[:space:]]/ || delimiter ~ /^[[:space:]]/) return 0
      gsub(/\\\|/, "", header)
      if (header !~ /\|/) return 0
      sub(/[[:space:]]+$/, "", header); sub(/[[:space:]]+$/, "", delimiter)
      sub(/^\|/, "", header); sub(/\|$/, "", header)
      sub(/^\|/, "", delimiter); sub(/\|$/, "", delimiter)
      count=split(header,cells,"|")
      if (!count || split(delimiter,cells,"|") != count) return 0
      for (i=1; i<=count; i++) {
        cell=cells[i]; gsub(/^[[:space:]]+|[[:space:]]+$/, "", cell)
        if (cell !~ /^:?-+:?$/) return 0
      }
      return 1
    }
    function closing_tick(s, size, row, probe, list_number) {
      while (1) {
        while (match(s, /`+/)) {
          if (RLENGTH == size) return 1
          s=substr(s,RSTART+RLENGTH)
        }
        if (++row > NR || lines[row] ~ /^[[:space:]]*$/) return 0
        s=lines[row]
        probe=s; sub(/^ ? ? ?/, "", probe)
        list_number=probe; sub(/[.)].*$/, "", list_number)
        if (probe ~ /^[0-9]+[.)][[:space:]]+[^[:space:]]/ && length(list_number) <= 9 && list_number+0 == 1) return 0
        if (table_start(row) || probe ~ /^```|^~~~|^#[#]?[#]?[#]?[#]?[#]?([[:space:]]|$)|^[-+*][[:space:]]+[^[:space:]]|^<!--/) return 0
      }
    }
    function uncomment(s, row, out, end, size) {
      out=""
      while (length(s)) {
        if (comment) {
          end=index(s,"-->"); if (!end) return out
          s=substr(s,end+3); comment=0
        } else if (inline_size) {
          if (!match(s,/`+/)) return out s
          size=RLENGTH
          out=out substr(s,1,RSTART+size-1)
          s=substr(s,RSTART+size)
          if (size == inline_size) inline_size=0
        } else if (substr(s,1,4) == "<!--") {
          comment=1; s=substr(s,5)
        } else if (substr(s,1,2) == "\\`" || substr(s,1,2) == "\\\\" || substr(s,1,2) == "\\<") {
          out=out substr(s,1,2); s=substr(s,3)
        } else if (substr(s,1,1) == "`") {
          match(s,/^`+/); size=RLENGTH
          out=out substr(s,1,size); s=substr(s,size+1)
          if (closing_tick(s,size,row)) inline_size=size
        } else {
          out=out substr(s,1,1); s=substr(s,2)
        }
      }
      return out
    }
    { lines[NR]=$0 }
    END {
      for (row=1; row<=NR; row++) {
        line=lines[row]
        if (!fenced && !comment && !inline_size) {
          if (line ~ /^[[:space:]]*$/) {
            paragraph=0; table=0
            print line
            continue
          }
          if (line ~ /^(    | ? ? ?\t)/ && (indented || !paragraph)) {
            indented=1; table=0
            if (keep_fences == "yes") print line
            continue
          }
          indented=0
        }
        scan=line
        spaces=0
        while (spaces < 3 && substr(scan,1,1) == " ") { scan=substr(scan,2); spaces++ }
        marker=substr(scan,1,1)
        marker_len=0
        if (marker == "`" || marker == "~") {
          while (substr(scan,marker_len+1,1) == marker) marker_len++
        }
        if (marker_len >= 3 && !comment && !inline_size) {
          paragraph=0; table=0
          rest=substr(scan,marker_len+1)
          if (!fenced) {
            fenced=1; fence_marker=marker; fence_len=marker_len
          } else if (marker == fence_marker && marker_len >= fence_len && rest ~ /^[[:space:]]*$/) {
            fenced=0
          }
          if (keep_fences == "yes") print line
          continue
        }
        if (fenced) {
          if (keep_fences == "yes") print line
          continue
        }
        line=uncomment(line,row)
        scan=line; sub(/^ ? ? ?/, "", scan)
        table=table_start(row) || (table && scan ~ /\|/)
        paragraph=(line !~ /^[[:space:]]*$/ && scan !~ /^#[#]?[#]?[#]?[#]?[#]?([[:space:]]|$)/ && !table)
        if (line ~ /^[[:space:]]*$/ && lines[row] !~ /^[[:space:]]*$/) continue
        print line
      }
    }'
++ value=
++ case "$value" in
++ return 1
+ out=
+ status=1
+ '[' 1 -ne 0 ']'
+ '[' -z '' ']'
++ fm_prep_unfilled_reason /tmp/fm-task-delivery.r4jQpX/commented-surgical-direct-PR-missing/home/data/commented-surgical-direct-PR-missing/prep.md
++ local file=/tmp/fm-task-delivery.r4jQpX/commented-surgical-direct-PR-missing/home/data/commented-surgical-direct-PR-missing/prep.md tier heading placeholder required guide evidence state
++ '[' '!' -f /tmp/fm-task-delivery.r4jQpX/commented-surgical-direct-PR-missing/home/data/commented-surgical-direct-PR-missing/prep.md ']'
++ '[' '!' -r /tmp/fm-task-delivery.r4jQpX/commented-surgical-direct-PR-missing/home/data/commented-surgical-direct-PR-missing/prep.md ']'
++ fm_prep_tier_read /tmp/fm-task-delivery.r4jQpX/commented-surgical-direct-PR-missing/home/data/commented-surgical-direct-PR-missing/prep.md present
++ local file=/tmp/fm-task-delivery.r4jQpX/commented-surgical-direct-PR-missing/home/data/commented-surgical-direct-PR-missing/prep.md mode=present
++ '[' -f /tmp/fm-task-delivery.r4jQpX/commented-surgical-direct-PR-missing/home/data/commented-surgical-direct-PR-missing/prep.md ']'
++ '[' -r /tmp/fm-task-delivery.r4jQpX/commented-surgical-direct-PR-missing/home/data/commented-surgical-direct-PR-missing/prep.md ']'
++ fm_brief_heading_parse - '## Tier' present
++ local file=- 'heading=## Tier' mode=present input=-
++ '[' - = - ']'
++ input=/dev/stdin
++ awk -v 'heading=## Tier' -v mode=present '
    BEGIN {
      target_level = 0
      while (substr(heading, target_level + 1, 1) == "#") target_level++
    }
    {
      line = $0
      scan = line
      spaces = 0
      while (spaces < 3 && substr(scan, 1, 1) == " ") {
        scan = substr(scan, 2)
        spaces++
      }
      marker = substr(scan, 1, 1)
      marker_len = 0
      if (marker == "`" || marker == "~") {
        while (substr(scan, marker_len + 1, 1) == marker) marker_len++
      }
      is_fence = marker_len >= 3
      was_fenced = fenced

      if (is_fence) {
        rest = substr(scan, marker_len + 1)
        if (!fenced) {
          fenced = 1
          fence_marker = marker
          fence_len = marker_len
        } else if (marker == fence_marker && marker_len >= fence_len && rest ~ /^[[:space:]]*$/) {
          fenced = 0
        }
      }

      if (!found && !was_fenced && line == heading) {
        found = 1
        if (mode == "present") next
        grab = 1
        next
      }
      if (mode == "present" || !grab) next
      if (is_fence || was_fenced) {
        print line
        next
      }

      level = 0
      while (substr(scan, level + 1, 1) == "#") level++
      if (level > 0 && level <= target_level && substr(scan, level + 1, 1) ~ /^[[:space:]]?$/) exit
      print line
    }
    END {
      if (mode == "present" && !found) exit 1
    }
  ' /dev/stdin
++ fm_prep_body_text
++ awk -v keep_fences=no '
    function table_start(row, header, delimiter, cells, count, i, cell) {
      if (row >= NR) return 0
      header=lines[row]; delimiter=lines[row+1]
      sub(/^ ? ? ?/, "", header); sub(/^ ? ? ?/, "", delimiter)
      if (header ~ /^[[:space:]]/ || delimiter ~ /^[[:space:]]/) return 0
      gsub(/\\\|/, "", header)
      if (header !~ /\|/) return 0
      sub(/[[:space:]]+$/, "", header); sub(/[[:space:]]+$/, "", delimiter)
      sub(/^\|/, "", header); sub(/\|$/, "", header)
      sub(/^\|/, "", delimiter); sub(/\|$/, "", delimiter)
      count=split(header,cells,"|")
      if (!count || split(delimiter,cells,"|") != count) return 0
      for (i=1; i<=count; i++) {
        cell=cells[i]; gsub(/^[[:space:]]+|[[:space:]]+$/, "", cell)
        if (cell !~ /^:?-+:?$/) return 0
      }
      return 1
    }
    function closing_tick(s, size, row, probe, list_number) {
      while (1) {
        while (match(s, /`+/)) {
          if (RLENGTH == size) return 1
          s=substr(s,RSTART+RLENGTH)
        }
        if (++row > NR || lines[row] ~ /^[[:space:]]*$/) return 0
        s=lines[row]
        probe=s; sub(/^ ? ? ?/, "", probe)
        list_number=probe; sub(/[.)].*$/, "", list_number)
        if (probe ~ /^[0-9]+[.)][[:space:]]+[^[:space:]]/ && length(list_number) <= 9 && list_number+0 == 1) return 0
        if (table_start(row) || probe ~ /^```|^~~~|^#[#]?[#]?[#]?[#]?[#]?([[:space:]]|$)|^[-+*][[:space:]]+[^[:space:]]|^<!--/) return 0
      }
    }
    function uncomment(s, row, out, end, size) {
      out=""
      while (length(s)) {
        if (comment) {
          end=index(s,"-->"); if (!end) return out
          s=substr(s,end+3); comment=0
        } else if (inline_size) {
          if (!match(s,/`+/)) return out s
          size=RLENGTH
          out=out substr(s,1,RSTART+size-1)
          s=substr(s,RSTART+size)
          if (size == inline_size) inline_size=0
        } else if (substr(s,1,4) == "<!--") {
          comment=1; s=substr(s,5)
        } else if (substr(s,1,2) == "\\`" || substr(s,1,2) == "\\\\" || substr(s,1,2) == "\\<") {
          out=out substr(s,1,2); s=substr(s,3)
        } else if (substr(s,1,1) == "`") {
          match(s,/^`+/); size=RLENGTH
          out=out substr(s,1,size); s=substr(s,size+1)
          if (closing_tick(s,size,row)) inline_size=size
        } else {
          out=out substr(s,1,1); s=substr(s,2)
        }
      }
      return out
    }
    { lines[NR]=$0 }
    END {
      for (row=1; row<=NR; row++) {
        line=lines[row]
        if (!fenced && !comment && !inline_size) {
          if (line ~ /^[[:space:]]*$/) {
            paragraph=0; table=0
            print line
            continue
          }
          if (line ~ /^(    | ? ? ?\t)/ && (indented || !paragraph)) {
            indented=1; table=0
            if (keep_fences == "yes") print line
            continue
          }
          indented=0
        }
        scan=line
        spaces=0
        while (spaces < 3 && substr(scan,1,1) == " ") { scan=substr(scan,2); spaces++ }
        marker=substr(scan,1,1)
        marker_len=0
        if (marker == "`" || marker == "~") {
          while (substr(scan,marker_len+1,1) == marker) marker_len++
        }
        if (marker_len >= 3 && !comment && !inline_size) {
          paragraph=0; table=0
          rest=substr(scan,marker_len+1)
          if (!fenced) {
            fenced=1; fence_marker=marker; fence_len=marker_len
          } else if (marker == fence_marker && marker_len >= fence_len && rest ~ /^[[:space:]]*$/) {
            fenced=0
          }
          if (keep_fences == "yes") print line
          continue
        }
        if (fenced) {
          if (keep_fences == "yes") print line
          continue
        }
        line=uncomment(line,row)
        scan=line; sub(/^ ? ? ?/, "", scan)
        table=table_start(row) || (table && scan ~ /\|/)
        paragraph=(line !~ /^[[:space:]]*$/ && scan !~ /^#[#]?[#]?[#]?[#]?[#]?([[:space:]]|$)/ && !table)
        if (line ~ /^[[:space:]]*$/ && lines[row] !~ /^[[:space:]]*$/) continue
        print line
      }
    }'
+++ fm_prep_ui_wiring /tmp/fm-task-delivery.r4jQpX/commented-surgical-direct-PR-missing/home/data/commented-surgical-direct-PR-missing/prep.md
+++ local file=/tmp/fm-task-delivery.r4jQpX/commented-surgical-direct-PR-missing/home/data/commented-surgical-direct-PR-missing/prep.md line verdict reason
++++ fm_prep_ui_wiring_line /tmp/fm-task-delivery.r4jQpX/commented-surgical-direct-PR-missing/home/data/commented-surgical-direct-PR-missing/prep.md
++++ awk '
    index($0, "- UI wiring:") == 1 { print substr($0, length("- UI wiring:") + 1); exit }
++++ fm_prep_tier_read /tmp/fm-task-delivery.r4jQpX/commented-surgical-direct-PR-missing/home/data/commented-surgical-direct-PR-missing/prep.md
++++ local file=/tmp/fm-task-delivery.r4jQpX/commented-surgical-direct-PR-missing/home/data/commented-surgical-direct-PR-missing/prep.md mode=body
++++ '[' -f /tmp/fm-task-delivery.r4jQpX/commented-surgical-direct-PR-missing/home/data/commented-surgical-direct-PR-missing/prep.md ']'
++++ '[' -r /tmp/fm-task-delivery.r4jQpX/commented-surgical-direct-PR-missing/home/data/commented-surgical-direct-PR-missing/prep.md ']'
++++ fm_prep_body_text
++++ fm_brief_heading_parse - '## Tier' body
++++ awk -v keep_fences=no '
    function table_start(row, header, delimiter, cells, count, i, cell) {
      if (row >= NR) return 0
      header=lines[row]; delimiter=lines[row+1]
      sub(/^ ? ? ?/, "", header); sub(/^ ? ? ?/, "", delimiter)
      if (header ~ /^[[:space:]]/ || delimiter ~ /^[[:space:]]/) return 0
      gsub(/\\\|/, "", header)
      if (header !~ /\|/) return 0
      sub(/[[:space:]]+$/, "", header); sub(/[[:space:]]+$/, "", delimiter)
      sub(/^\|/, "", header); sub(/\|$/, "", header)
      sub(/^\|/, "", delimiter); sub(/\|$/, "", delimiter)
      count=split(header,cells,"|")
      if (!count || split(delimiter,cells,"|") != count) return 0
      for (i=1; i<=count; i++) {
        cell=cells[i]; gsub(/^[[:space:]]+|[[:space:]]+$/, "", cell)
        if (cell !~ /^:?-+:?$/) return 0
      }
      return 1
    }
    function closing_tick(s, size, row, probe, list_number) {
      while (1) {
        while (match(s, /`+/)) {
          if (RLENGTH == size) return 1
          s=substr(s,RSTART+RLENGTH)
        }
        if (++row > NR || lines[row] ~ /^[[:space:]]*$/) return 0
        s=lines[row]
        probe=s; sub(/^ ? ? ?/, "", probe)
        list_number=probe; sub(/[.)].*$/, "", list_number)
        if (probe ~ /^[0-9]+[.)][[:space:]]+[^[:space:]]/ && length(list_number) <= 9 && list_number+0 == 1) return 0
        if (table_start(row) || probe ~ /^```|^~~~|^#[#]?[#]?[#]?[#]?[#]?([[:space:]]|$)|^[-+*][[:space:]]+[^[:space:]]|^<!--/) return 0
      }
    }
    function uncomment(s, row, out, end, size) {
      out=""
      while (length(s)) {
        if (comment) {
          end=index(s,"-->"); if (!end) return out
          s=substr(s,end+3); comment=0
        } else if (inline_size) {
          if (!match(s,/`+/)) return out s
          size=RLENGTH
          out=out substr(s,1,RSTART+size-1)
          s=substr(s,RSTART+size)
          if (size == inline_size) inline_size=0
        } else if (substr(s,1,4) == "<!--") {
          comment=1; s=substr(s,5)
        } else if (substr(s,1,2) == "\\`" || substr(s,1,2) == "\\\\" || substr(s,1,2) == "\\<") {
          out=out substr(s,1,2); s=substr(s,3)
        } else if (substr(s,1,1) == "`") {
          match(s,/^`+/); size=RLENGTH
          out=out substr(s,1,size); s=substr(s,size+1)
          if (closing_tick(s,size,row)) inline_size=size
        } else {
          out=out substr(s,1,1); s=substr(s,2)
        }
      }
      return out
    }
    { lines[NR]=$0 }
    END {
      for (row=1; row<=NR; row++) {
        line=lines[row]
        if (!fenced && !comment && !inline_size) {
          if (line ~ /^[[:space:]]*$/) {
            paragraph=0; table=0
            print line
            continue
          }
          if (line ~ /^(    | ? ? ?\t)/ && (indented || !paragraph)) {
            indented=1; table=0
            if (keep_fences == "yes") print line
            continue
          }
          indented=0
        }
        scan=line
        spaces=0
        while (spaces < 3 && substr(scan,1,1) == " ") { scan=substr(scan,2); spaces++ }
        marker=substr(scan,1,1)
        marker_len=0
        if (marker == "`" || marker == "~") {
          while (substr(scan,marker_len+1,1) == marker) marker_len++
        }
        if (marker_len >= 3 && !comment && !inline_size) {
          paragraph=0; table=0
          rest=substr(scan,marker_len+1)
          if (!fenced) {
            fenced=1; fence_marker=marker; fence_len=marker_len
          } else if (marker == fence_marker && marker_len >= fence_len && rest ~ /^[[:space:]]*$/) {
            fenced=0
          }
          if (keep_fences == "yes") print line
          continue
        }
        if (fenced) {
          if (keep_fences == "yes") print line
          continue
        }
        line=uncomment(line,row)
        scan=line; sub(/^ ? ? ?/, "", scan)
        table=table_start(row) || (table && scan ~ /\|/)
        paragraph=(line !~ /^[[:space:]]*$/ && scan !~ /^#[#]?[#]?[#]?[#]?[#]?([[:space:]]|$)/ && !table)
        if (line ~ /^[[:space:]]*$/ && lines[row] !~ /^[[:space:]]*$/) continue
        print line
      }
    }'
++++ local file=- 'heading=## Tier' mode=body input=-
++++ '[' - = - ']'
++++ input=/dev/stdin
++++ awk -v 'heading=## Tier' -v mode=body '
    BEGIN {
      target_level = 0
      while (substr(heading, target_level + 1, 1) == "#") target_level++
    }
    {
      line = $0
      scan = line
      spaces = 0
      while (spaces < 3 && substr(scan, 1, 1) == " ") {
        scan = substr(scan, 2)
        spaces++
      }
      marker = substr(scan, 1, 1)
      marker_len = 0
      if (marker == "`" || marker == "~") {
        while (substr(scan, marker_len + 1, 1) == marker) marker_len++
      }
      is_fence = marker_len >= 3
      was_fenced = fenced

      if (is_fence) {
        rest = substr(scan, marker_len + 1)
        if (!fenced) {
          fenced = 1
          fence_marker = marker
          fence_len = marker_len
        } else if (marker == fence_marker && marker_len >= fence_len && rest ~ /^[[:space:]]*$/) {
          fenced = 0
        }
      }

      if (!found && !was_fenced && line == heading) {
        found = 1
        if (mode == "present") next
        grab = 1
        next
      }
      if (mode == "present" || !grab) next
      if (is_fence || was_fenced) {
        print line
        next
      }

      level = 0
      while (substr(scan, level + 1, 1) == "#") level++
      if (level > 0 && level <= target_level && substr(scan, level + 1, 1) ~ /^[[:space:]]?$/) exit
      print line
    }
    END {
      if (mode == "present" && !found) exit 1
    }
  ' /dev/stdin
  '
+++ line=' no, confined CLI output.'
++++ printf %s ' no, confined CLI output.'
++++ tr -d '[:space:].'
++++ tr '[:upper:]' '[:lower:]'
++++ sed 's/,.*//'
+++ verdict=no
++++ sed 's/^[^,]*,*//'
++++ printf %s ' no, confined CLI output.'
++++ tr -d '[:space:].'
+++ reason=confinedCLIoutput
+++ case "$verdict" in
+++ '[' -n confinedCLIoutput ']'
+++ printf '%s\n' no
++ '[' -z no ']'
+++ fm_prep_tier /tmp/fm-task-delivery.r4jQpX/commented-surgical-direct-PR-missing/home/data/commented-surgical-direct-PR-missing/prep.md
+++ local file=/tmp/fm-task-delivery.r4jQpX/commented-surgical-direct-PR-missing/home/data/commented-surgical-direct-PR-missing/prep.md q1 q2 ui
+++ fm_prep_tier_read /tmp/fm-task-delivery.r4jQpX/commented-surgical-direct-PR-missing/home/data/commented-surgical-direct-PR-missing/prep.md present
+++ local file=/tmp/fm-task-delivery.r4jQpX/commented-surgical-direct-PR-missing/home/data/commented-surgical-direct-PR-missing/prep.md mode=present
+++ '[' -f /tmp/fm-task-delivery.r4jQpX/commented-surgical-direct-PR-missing/home/data/commented-surgical-direct-PR-missing/prep.md ']'
+++ '[' -r /tmp/fm-task-delivery.r4jQpX/commented-surgical-direct-PR-missing/home/data/commented-surgical-direct-PR-missing/prep.md ']'
+++ fm_brief_heading_parse - '## Tier' present
+++ fm_prep_body_text
+++ awk -v keep_fences=no '
    function table_start(row, header, delimiter, cells, count, i, cell) {
      if (row >= NR) return 0
      header=lines[row]; delimiter=lines[row+1]
      sub(/^ ? ? ?/, "", header); sub(/^ ? ? ?/, "", delimiter)
      if (header ~ /^[[:space:]]/ || delimiter ~ /^[[:space:]]/) return 0
      gsub(/\\\|/, "", header)
      if (header !~ /\|/) return 0
      sub(/[[:space:]]+$/, "", header); sub(/[[:space:]]+$/, "", delimiter)
      sub(/^\|/, "", header); sub(/\|$/, "", header)
      sub(/^\|/, "", delimiter); sub(/\|$/, "", delimiter)
      count=split(header,cells,"|")
      if (!count || split(delimiter,cells,"|") != count) return 0
      for (i=1; i<=count; i++) {
        cell=cells[i]; gsub(/^[[:space:]]+|[[:space:]]+$/, "", cell)
        if (cell !~ /^:?-+:?$/) return 0
      }
      return 1
    }
    function closing_tick(s, size, row, probe, list_number) {
      while (1) {
        while (match(s, /`+/)) {
          if (RLENGTH == size) return 1
          s=substr(s,RSTART+RLENGTH)
        }
        if (++row > NR || lines[row] ~ /^[[:space:]]*$/) return 0
        s=lines[row]
        probe=s; sub(/^ ? ? ?/, "", probe)
        list_number=probe; sub(/[.)].*$/, "", list_number)
        if (probe ~ /^[0-9]+[.)][[:space:]]+[^[:space:]]/ && length(list_number) <= 9 && list_number+0 == 1) return 0
        if (table_start(row) || probe ~ /^```|^~~~|^#[#]?[#]?[#]?[#]?[#]?([[:space:]]|$)|^[-+*][[:space:]]+[^[:space:]]|^<!--/) return 0
      }
    }
    function uncomment(s, row, out, end, size) {
      out=""
      while (length(s)) {
        if (comment) {
          end=index(s,"-->"); if (!end) return out
          s=substr(s,end+3); comment=0
        } else if (inline_size) {
          if (!match(s,/`+/)) return out s
          size=RLENGTH
          out=out substr(s,1,RSTART+size-1)
          s=substr(s,RSTART+size)
          if (size == inline_size) inline_size=0
        } else if (substr(s,1,4) == "<!--") {
          comment=1; s=substr(s,5)
        } else if (substr(s,1,2) == "\\`" || substr(s,1,2) == "\\\\" || substr(s,1,2) == "\\<") {
          out=out substr(s,1,2); s=substr(s,3)
        } else if (substr(s,1,1) == "`") {
          match(s,/^`+/); size=RLENGTH
          out=out substr(s,1,size); s=substr(s,size+1)
          if (closing_tick(s,size,row)) inline_size=size
        } else {
          out=out substr(s,1,1); s=substr(s,2)
        }
      }
      return out
    }
    { lines[NR]=$0 }
    END {
      for (row=1; row<=NR; row++) {
        line=lines[row]
        if (!fenced && !comment && !inline_size) {
          if (line ~ /^[[:space:]]*$/) {
            paragraph=0; table=0
            print line
            continue
          }
          if (line ~ /^(    | ? ? ?\t)/ && (indented || !paragraph)) {
            indented=1; table=0
            if (keep_fences == "yes") print line
            continue
          }
          indented=0
        }
        scan=line
        spaces=0
        while (spaces < 3 && substr(scan,1,1) == " ") { scan=substr(scan,2); spaces++ }
        marker=substr(scan,1,1)
        marker_len=0
        if (marker == "`" || marker == "~") {
          while (substr(scan,marker_len+1,1) == marker) marker_len++
        }
        if (marker_len >= 3 && !comment && !inline_size) {
          paragraph=0; table=0
          rest=substr(scan,marker_len+1)
          if (!fenced) {
            fenced=1; fence_marker=marker; fence_len=marker_len
          } else if (marker == fence_marker && marker_len >= fence_len && rest ~ /^[[:space:]]*$/) {
            fenced=0
          }
          if (keep_fences == "yes") print line
          continue
        }
        if (fenced) {
          if (keep_fences == "yes") print line
          continue
        }
        line=uncomment(line,row)
        scan=line; sub(/^ ? ? ?/, "", scan)
        table=table_start(row) || (table && scan ~ /\|/)
        paragraph=(line !~ /^[[:space:]]*$/ && scan !~ /^#[#]?[#]?[#]?[#]?[#]?([[:space:]]|$)/ && !table)
        if (line ~ /^[[:space:]]*$/ && lines[row] !~ /^[[:space:]]*$/) continue
        print line
      }
    }'
+++ local file=- 'heading=## Tier' mode=present input=-
+++ '[' - = - ']'
+++ input=/dev/stdin
+++ awk -v 'heading=## Tier' -v mode=present '
    BEGIN {
      target_level = 0
      while (substr(heading, target_level + 1, 1) == "#") target_level++
    }
    {
      line = $0
      scan = line
      spaces = 0
      while (spaces < 3 && substr(scan, 1, 1) == " ") {
        scan = substr(scan, 2)
        spaces++
      }
      marker = substr(scan, 1, 1)
      marker_len = 0
      if (marker == "`" || marker == "~") {
        while (substr(scan, marker_len + 1, 1) == marker) marker_len++
      }
      is_fence = marker_len >= 3
      was_fenced = fenced

      if (is_fence) {
        rest = substr(scan, marker_len + 1)
        if (!fenced) {
          fenced = 1
          fence_marker = marker
          fence_len = marker_len
        } else if (marker == fence_marker && marker_len >= fence_len && rest ~ /^[[:space:]]*$/) {
          fenced = 0
        }
      }

      if (!found && !was_fenced && line == heading) {
        found = 1
        if (mode == "present") next
        grab = 1
        next
      }
      if (mode == "present" || !grab) next
      if (is_fence || was_fenced) {
        print line
        next
      }

      level = 0
      while (substr(scan, level + 1, 1) == "#") level++
      if (level > 0 && level <= target_level && substr(scan, level + 1, 1) ~ /^[[:space:]]?$/) exit
      print line
    }
    END {
      if (mode == "present" && !found) exit 1
    }
  ' /dev/stdin
++++ fm_prep_answer /tmp/fm-task-delivery.r4jQpX/commented-surgical-direct-PR-missing/home/data/commented-surgical-direct-PR-missing/prep.md Q1
++++ local file=/tmp/fm-task-delivery.r4jQpX/commented-surgical-direct-PR-missing/home/data/commented-surgical-direct-PR-missing/prep.md question=Q1 answer
+++++ fm_prep_labelled /tmp/fm-task-delivery.r4jQpX/commented-surgical-direct-PR-missing/home/data/commented-surgical-direct-PR-missing/prep.md '## Tier' Q1
+++++ tr -d '[:space:].'
+++++ tr '[:upper:]' '[:lower:]'
+++++ awk -v q=Q1 'index($0, "- " q " ") == 1 { print substr($0, length(q) + 4) }'
+++++ awk -F: 'NF > 1 && !done { print $NF; done = 1 }'
+++++ '[' '## Tier' = '## Tier' ']'
+++++ fm_prep_tier_read /tmp/fm-task-delivery.r4jQpX/commented-surgical-direct-PR-missing/home/data/commented-surgical-direct-PR-missing/prep.md
+++++ local file=/tmp/fm-task-delivery.r4jQpX/commented-surgical-direct-PR-missing/home/data/commented-surgical-direct-PR-missing/prep.md mode=body
+++++ '[' -f /tmp/fm-task-delivery.r4jQpX/commented-surgical-direct-PR-missing/home/data/commented-surgical-direct-PR-missing/prep.md ']'
+++++ '[' -r /tmp/fm-task-delivery.r4jQpX/commented-surgical-direct-PR-missing/home/data/commented-surgical-direct-PR-missing/prep.md ']'
+++++ fm_prep_body_text
+++++ fm_brief_heading_parse - '## Tier' body
+++++ awk -v keep_fences=no '
    function table_start(row, header, delimiter, cells, count, i, cell) {
      if (row >= NR) return 0
      header=lines[row]; delimiter=lines[row+1]
      sub(/^ ? ? ?/, "", header); sub(/^ ? ? ?/, "", delimiter)
+++++ local file=- 'heading=## Tier' mode=body input=-
      if (header ~ /^[[:space:]]/ || delimiter ~ /^[[:space:]]/) return 0
      gsub(/\\\|/, "", header)
      if (header !~ /\|/) return 0
      sub(/[[:space:]]+$/, "", header); sub(/[[:space:]]+$/, "", delimiter)
      sub(/^\|/, "", header); sub(/\|$/, "", header)
      sub(/^\|/, "", delimiter); sub(/\|$/, "", delimiter)
      count=split(header,cells,"|")
      if (!count || split(delimiter,cells,"|") != count) return 0
      for (i=1; i<=count; i++) {
        cell=cells[i]; gsub(/^[[:space:]]+|[[:space:]]+$/, "", cell)
        if (cell !~ /^:?-+:?$/) return 0
      }
      return 1
    }
    function closing_tick(s, size, row, probe, list_number) {
      while (1) {
        while (match(s, /`+/)) {
          if (RLENGTH == size) return 1
          s=substr(s,RSTART+RLENGTH)
        }
        if (++row > NR || lines[row] ~ /^[[:space:]]*$/) return 0
        s=lines[row]
        probe=s; sub(/^ ? ? ?/, "", probe)
        list_number=probe; sub(/[.)].*$/, "", list_number)
        if (probe ~ /^[0-9]+[.)][[:space:]]+[^[:space:]]/ && length(list_number) <= 9 && list_number+0 == 1) return 0
        if (table_start(row) || probe ~ /^```|^~~~|^#[#]?[#]?[#]?[#]?[#]?([[:space:]]|$)|^[-+*][[:space:]]+[^[:space:]]|^<!--/) return 0
      }
    }
    function uncomment(s, row, out, end, size) {
      out=""
      while (length(s)) {
        if (comment) {
          end=index(s,"-->"); if (!end) return out
          s=substr(s,end+3); comment=0
        } else if (inline_size) {
          if (!match(s,/`+/)) return out s
          size=RLENGTH
          out=out substr(s,1,RSTART+size-1)
          s=substr(s,RSTART+size)
          if (size == inline_size) inline_size=0
        } else if (substr(s,1,4) == "<!--") {
          comment=1; s=substr(s,5)
        } else if (substr(s,1,2) == "\\`" || substr(s,1,2) == "\\\\" || substr(s,1,2) == "\\<") {
          out=out substr(s,1,2); s=substr(s,3)
        } else if (substr(s,1,1) == "`") {
          match(s,/^`+/); size=RLENGTH
          out=out substr(s,1,size); s=substr(s,size+1)
          if (closing_tick(s,size,row)) inline_size=size
        } else {
          out=out substr(s,1,1); s=substr(s,2)
        }
      }
      return out
    }
    { lines[NR]=$0 }
    END {
      for (row=1; row<=NR; row++) {
        line=lines[row]
        if (!fenced && !comment && !inline_size) {
          if (line ~ /^[[:space:]]*$/) {
            paragraph=0; table=0
            print line
            continue
          }
          if (line ~ /^(    | ? ? ?\t)/ && (indented || !paragraph)) {
            indented=1; table=0
            if (keep_fences == "yes") print line
            continue
          }
          indented=0
        }
        scan=line
        spaces=0
        while (spaces < 3 && substr(scan,1,1) == " ") { scan=substr(scan,2); spaces++ }
        marker=substr(scan,1,1)
        marker_len=0
        if (marker == "`" || marker == "~") {
          while (substr(scan,marker_len+1,1) == marker) marker_len++
        }
        if (marker_len >= 3 && !comment && !inline_size) {
          paragraph=0; table=0
          rest=substr(scan,marker_len+1)
          if (!fenced) {
            fenced=1; fence_marker=marker; fence_len=marker_len
          } else if (marker == fence_marker && marker_len >= fence_len && rest ~ /^[[:space:]]*$/) {
            fenced=0
          }
          if (keep_fences == "yes") print line
          continue
        }
        if (fenced) {
          if (keep_fences == "yes") print line
          continue
        }
        line=uncomment(line,row)
        scan=line; sub(/^ ? ? ?/, "", scan)
        table=table_start(row) || (table && scan ~ /\|/)
        paragraph=(line !~ /^[[:space:]]*$/ && scan !~ /^#[#]?[#]?[#]?[#]?[#]?([[:space:]]|$)/ && !table)
        if (line ~ /^[[:space:]]*$/ && lines[row] !~ /^[[:space:]]*$/) continue
        print line
      }
    }'
+++++ '[' - = - ']'
+++++ input=/dev/stdin
+++++ awk -v 'heading=## Tier' -v mode=body '
    BEGIN {
      target_level = 0
      while (substr(heading, target_level + 1, 1) == "#") target_level++
    }
    {
      line = $0
      scan = line
      spaces = 0
      while (spaces < 3 && substr(scan, 1, 1) == " ") {
        scan = substr(scan, 2)
        spaces++
      }
      marker = substr(scan, 1, 1)
      marker_len = 0
      if (marker == "`" || marker == "~") {
        while (substr(scan, marker_len + 1, 1) == marker) marker_len++
      }
      is_fence = marker_len >= 3
      was_fenced = fenced

      if (is_fence) {
        rest = substr(scan, marker_len + 1)
        if (!fenced) {
          fenced = 1
          fence_marker = marker
          fence_len = marker_len
        } else if (marker == fence_marker && marker_len >= fence_len && rest ~ /^[[:space:]]*$/) {
          fenced = 0
        }
      }

      if (!found && !was_fenced && line == heading) {
        found = 1
        if (mode == "present") next
        grab = 1
        next
      }
      if (mode == "present" || !grab) next
      if (is_fence || was_fenced) {
        print line
        next
      }

      level = 0
      while (substr(scan, level + 1, 1) == "#") level++
      if (level > 0 && level <= target_level && substr(scan, level + 1, 1) ~ /^[[:space:]]?$/) exit
      print line
    }
    END {
      if (mode == "present" && !found) exit 1
    }
  ' /dev/stdin
++++ answer=yes
++++ case "$answer" in
++++ printf '%s\n' yes
+++ q1=yes
++++ fm_prep_answer /tmp/fm-task-delivery.r4jQpX/commented-surgical-direct-PR-missing/home/data/commented-surgical-direct-PR-missing/prep.md Q2
++++ local file=/tmp/fm-task-delivery.r4jQpX/commented-surgical-direct-PR-missing/home/data/commented-surgical-direct-PR-missing/prep.md question=Q2 answer
+++++ fm_prep_labelled /tmp/fm-task-delivery.r4jQpX/commented-surgical-direct-PR-missing/home/data/commented-surgical-direct-PR-missing/prep.md '## Tier' Q2
+++++ awk -F: 'NF > 1 && !done { print $NF; done = 1 }'
+++++ awk -v q=Q2 'index($0, "- " q " ") == 1 { print substr($0, length(q) + 4) }'
+++++ '[' '## Tier' = '## Tier' ']'
+++++ fm_prep_tier_read /tmp/fm-task-delivery.r4jQpX/commented-surgical-direct-PR-missing/home/data/commented-surgical-direct-PR-missing/prep.md
+++++ local file=/tmp/fm-task-delivery.r4jQpX/commented-surgical-direct-PR-missing/home/data/commented-surgical-direct-PR-missing/prep.md mode=body
+++++ '[' -f /tmp/fm-task-delivery.r4jQpX/commented-surgical-direct-PR-missing/home/data/commented-surgical-direct-PR-missing/prep.md ']'
+++++ '[' -r /tmp/fm-task-delivery.r4jQpX/commented-surgical-direct-PR-missing/home/data/commented-surgical-direct-PR-missing/prep.md ']'
+++++ fm_prep_body_text
+++++ awk -v keep_fences=no '
    function table_start(row, header, delimiter, cells, count, i, cell) {
      if (row >= NR) return 0
      header=lines[row]; delimiter=lines[row+1]
      sub(/^ ? ? ?/, "", header); sub(/^ ? ? ?/, "", delimiter)
      if (header ~ /^[[:space:]]/ || delimiter ~ /^[[:space:]]/) return 0
      gsub(/\\\|/, "", header)
      if (header !~ /\|/) return 0
      sub(/[[:space:]]+$/, "", header); sub(/[[:space:]]+$/, "", delimiter)
      sub(/^\|/, "", header); sub(/\|$/, "", header)
      sub(/^\|/, "", delimiter); sub(/\|$/, "", delimiter)
      count=split(header,cells,"|")
      if (!count || split(delimiter,cells,"|") != count) return 0
      for (i=1; i<=count; i++) {
        cell=cells[i]; gsub(/^[[:space:]]+|[[:space:]]+$/, "", cell)
        if (cell !~ /^:?-+:?$/) return 0
      }
      return 1
    }
    function closing_tick(s, size, row, probe, list_number) {
      while (1) {
        while (match(s, /`+/)) {
          if (RLENGTH == size) return 1
          s=substr(s,RSTART+RLENGTH)
        }
        if (++row > NR || lines[row] ~ /^[[:space:]]*$/) return 0
        s=lines[row]
        probe=s; sub(/^ ? ? ?/, "", probe)
        list_number=probe; sub(/[.)].*$/, "", list_number)
        if (probe ~ /^[0-9]+[.)][[:space:]]+[^[:space:]]/ && length(list_number) <= 9 && list_number+0 == 1) return 0
        if (table_start(row) || probe ~ /^```|^~~~|^#[#]?[#]?[#]?[#]?[#]?([[:space:]]|$)|^[-+*][[:space:]]+[^[:space:]]|^<!--/) return 0
      }
    }
    function uncomment(s, row, out, end, size) {
      out=""
      while (length(s)) {
        if (comment) {
          end=index(s,"-->"); if (!end) return out
          s=substr(s,end+3); comment=0
        } else if (inline_size) {
          if (!match(s,/`+/)) return out s
          size=RLENGTH
          out=out substr(s,1,RSTART+size-1)
          s=substr(s,RSTART+size)
          if (size == inline_size) inline_size=0
        } else if (substr(s,1,4) == "<!--") {
          comment=1; s=substr(s,5)
        } else if (substr(s,1,2) == "\\`" || substr(s,1,2) == "\\\\" || substr(s,1,2) == "\\<") {
          out=out substr(s,1,2); s=substr(s,3)
        } else if (substr(s,1,1) == "`") {
          match(s,/^`+/); size=RLENGTH
          out=out substr(s,1,size); s=substr(s,size+1)
          if (closing_tick(s,size,row)) inline_size=size
        } else {
          out=out substr(s,1,1); s=substr(s,2)
        }
      }
      return out
    }
    { lines[NR]=$0 }
    END {
      for (row=1; row<=NR; row++) {
        line=lines[row]
        if (!fenced && !comment && !inline_size) {
          if (line ~ /^[[:space:]]*$/) {
            paragraph=0; table=0
            print line
            continue
          }
          if (line ~ /^(    | ? ? ?\t)/ && (indented || !paragraph)) {
            indented=1; table=0
            if (keep_fences == "yes") print line
            continue
          }
          indented=0
        }
        scan=line
        spaces=0
        while (spaces < 3 && substr(scan,1,1) == " ") { scan=substr(scan,2); spaces++ }
        marker=substr(scan,1,1)
        marker_len=0
        if (marker == "`" || marker == "~") {
          while (substr(scan,marker_len+1,1) == marker) marker_len++
        }
        if (marker_len >= 3 && !comment && !inline_size) {
          paragraph=0; table=0
          rest=substr(scan,marker_len+1)
          if (!fenced) {
            fenced=1; fence_marker=marker; fence_len=marker_len
          } else if (marker == fence_marker && marker_len >= fence_len && rest ~ /^[[:space:]]*$/) {
            fenced=0
          }
          if (keep_fences == "yes") print line
          continue
        }
        if (fenced) {
          if (keep_fences == "yes") print line
          continue
        }
        line=uncomment(line,row)
        scan=line; sub(/^ ? ? ?/, "", scan)
        table=table_start(row) || (table && scan ~ /\|/)
        paragraph=(line !~ /^[[:space:]]*$/ && scan !~ /^#[#]?[#]?[#]?[#]?[#]?([[:space:]]|$)/ && !table)
        if (line ~ /^[[:space:]]*$/ && lines[row] !~ /^[[:space:]]*$/) continue
        print line
      }
    }'
+++++ tr '[:upper:]' '[:lower:]'
+++++ tr -d '[:space:].'
+++++ fm_brief_heading_parse - '## Tier' body
+++++ local file=- 'heading=## Tier' mode=body input=-
+++++ '[' - = - ']'
+++++ input=/dev/stdin
+++++ awk -v 'heading=## Tier' -v mode=body '
    BEGIN {
      target_level = 0
      while (substr(heading, target_level + 1, 1) == "#") target_level++
    }
    {
      line = $0
      scan = line
      spaces = 0
      while (spaces < 3 && substr(scan, 1, 1) == " ") {
        scan = substr(scan, 2)
        spaces++
      }
      marker = substr(scan, 1, 1)
      marker_len = 0
      if (marker == "`" || marker == "~") {
        while (substr(scan, marker_len + 1, 1) == marker) marker_len++
      }
      is_fence = marker_len >= 3
      was_fenced = fenced

      if (is_fence) {
        rest = substr(scan, marker_len + 1)
        if (!fenced) {
          fenced = 1
          fence_marker = marker
          fence_len = marker_len
        } else if (marker == fence_marker && marker_len >= fence_len && rest ~ /^[[:space:]]*$/) {
          fenced = 0
        }
      }

      if (!found && !was_fenced && line == heading) {
        found = 1
        if (mode == "present") next
        grab = 1
        next
      }
      if (mode == "present" || !grab) next
      if (is_fence || was_fenced) {
        print line
        next
      }

      level = 0
      while (substr(scan, level + 1, 1) == "#") level++
      if (level > 0 && level <= target_level && substr(scan, level + 1, 1) ~ /^[[:space:]]?$/) exit
      print line
    }
    END {
      if (mode == "present" && !found) exit 1
    }
  ' /dev/stdin
++++ answer=no
++++ case "$answer" in
++++ printf '%s\n' no
+++ q2=no
++++ fm_prep_ui_wiring /tmp/fm-task-delivery.r4jQpX/commented-surgical-direct-PR-missing/home/data/commented-surgical-direct-PR-missing/prep.md
++++ local file=/tmp/fm-task-delivery.r4jQpX/commented-surgical-direct-PR-missing/home/data/commented-surgical-direct-PR-missing/prep.md line verdict reason
+++++ fm_prep_ui_wiring_line /tmp/fm-task-delivery.r4jQpX/commented-surgical-direct-PR-missing/home/data/commented-surgical-direct-PR-missing/prep.md
+++++ fm_prep_tier_read /tmp/fm-task-delivery.r4jQpX/commented-surgical-direct-PR-missing/home/data/commented-surgical-direct-PR-missing/prep.md
+++++ local file=/tmp/fm-task-delivery.r4jQpX/commented-surgical-direct-PR-missing/home/data/commented-surgical-direct-PR-missing/prep.md mode=body
+++++ '[' -f /tmp/fm-task-delivery.r4jQpX/commented-surgical-direct-PR-missing/home/data/commented-surgical-direct-PR-missing/prep.md ']'
+++++ '[' -r /tmp/fm-task-delivery.r4jQpX/commented-surgical-direct-PR-missing/home/data/commented-surgical-direct-PR-missing/prep.md ']'
+++++ fm_prep_body_text
+++++ awk -v keep_fences=no '
    function table_start(row, header, delimiter, cells, count, i, cell) {
      if (row >= NR) return 0
+++++ awk '
    index($0, "- UI wiring:") == 1 { print substr($0, length("- UI wiring:") + 1); exit }
  '
      header=lines[row]; delimiter=lines[row+1]
      sub(/^ ? ? ?/, "", header); sub(/^ ? ? ?/, "", delimiter)
      if (header ~ /^[[:space:]]/ || delimiter ~ /^[[:space:]]/) return 0
      gsub(/\\\|/, "", header)
      if (header !~ /\|/) return 0
      sub(/[[:space:]]+$/, "", header); sub(/[[:space:]]+$/, "", delimiter)
      sub(/^\|/, "", header); sub(/\|$/, "", header)
      sub(/^\|/, "", delimiter); sub(/\|$/, "", delimiter)
      count=split(header,cells,"|")
      if (!count || split(delimiter,cells,"|") != count) return 0
      for (i=1; i<=count; i++) {
        cell=cells[i]; gsub(/^[[:space:]]+|[[:space:]]+$/, "", cell)
        if (cell !~ /^:?-+:?$/) return 0
      }
      return 1
    }
    function closing_tick(s, size, row, probe, list_number) {
      while (1) {
        while (match(s, /`+/)) {
          if (RLENGTH == size) return 1
          s=substr(s,RSTART+RLENGTH)
        }
        if (++row > NR || lines[row] ~ /^[[:space:]]*$/) return 0
        s=lines[row]
        probe=s; sub(/^ ? ? ?/, "", probe)
        list_number=probe; sub(/[.)].*$/, "", list_number)
        if (probe ~ /^[0-9]+[.)][[:space:]]+[^[:space:]]/ && length(list_number) <= 9 && list_number+0 == 1) return 0
        if (table_start(row) || probe ~ /^```|^~~~|^#[#]?[#]?[#]?[#]?[#]?([[:space:]]|$)|^[-+*][[:space:]]+[^[:space:]]|^<!--/) return 0
      }
    }
    function uncomment(s, row, out, end, size) {
      out=""
      while (length(s)) {
        if (comment) {
          end=index(s,"-->"); if (!end) return out
          s=substr(s,end+3); comment=0
        } else if (inline_size) {
          if (!match(s,/`+/)) return out s
          size=RLENGTH
          out=out substr(s,1,RSTART+size-1)
          s=substr(s,RSTART+size)
          if (size == inline_size) inline_size=0
        } else if (substr(s,1,4) == "<!--") {
          comment=1; s=substr(s,5)
        } else if (substr(s,1,2) == "\\`" || substr(s,1,2) == "\\\\" || substr(s,1,2) == "\\<") {
          out=out substr(s,1,2); s=substr(s,3)
        } else if (substr(s,1,1) == "`") {
          match(s,/^`+/); size=RLENGTH
          out=out substr(s,1,size); s=substr(s,size+1)
          if (closing_tick(s,size,row)) inline_size=size
        } else {
          out=out substr(s,1,1); s=substr(s,2)
        }
      }
      return out
    }
    { lines[NR]=$0 }
    END {
      for (row=1; row<=NR; row++) {
        line=lines[row]
        if (!fenced && !comment && !inline_size) {
          if (line ~ /^[[:space:]]*$/) {
            paragraph=0; table=0
            print line
            continue
          }
          if (line ~ /^(    | ? ? ?\t)/ && (indented || !paragraph)) {
            indented=1; table=0
            if (keep_fences == "yes") print line
            continue
          }
          indented=0
        }
        scan=line
        spaces=0
        while (spaces < 3 && substr(scan,1,1) == " ") { scan=substr(scan,2); spaces++ }
        marker=substr(scan,1,1)
        marker_len=0
        if (marker == "`" || marker == "~") {
          while (substr(scan,marker_len+1,1) == marker) marker_len++
        }
        if (marker_len >= 3 && !comment && !inline_size) {
          paragraph=0; table=0
          rest=substr(scan,marker_len+1)
          if (!fenced) {
            fenced=1; fence_marker=marker; fence_len=marker_len
          } else if (marker == fence_marker && marker_len >= fence_len && rest ~ /^[[:space:]]*$/) {
            fenced=0
          }
          if (keep_fences == "yes") print line
          continue
        }
        if (fenced) {
          if (keep_fences == "yes") print line
          continue
        }
        line=uncomment(line,row)
        scan=line; sub(/^ ? ? ?/, "", scan)
        table=table_start(row) || (table && scan ~ /\|/)
        paragraph=(line !~ /^[[:space:]]*$/ && scan !~ /^#[#]?[#]?[#]?[#]?[#]?([[:space:]]|$)/ && !table)
        if (line ~ /^[[:space:]]*$/ && lines[row] !~ /^[[:space:]]*$/) continue
        print line
      }
    }'
+++++ fm_brief_heading_parse - '## Tier' body
+++++ local file=- 'heading=## Tier' mode=body input=-
+++++ '[' - = - ']'
+++++ input=/dev/stdin
+++++ awk -v 'heading=## Tier' -v mode=body '
    BEGIN {
      target_level = 0
      while (substr(heading, target_level + 1, 1) == "#") target_level++
    }
    {
      line = $0
      scan = line
      spaces = 0
      while (spaces < 3 && substr(scan, 1, 1) == " ") {
        scan = substr(scan, 2)
        spaces++
      }
      marker = substr(scan, 1, 1)
      marker_len = 0
      if (marker == "`" || marker == "~") {
        while (substr(scan, marker_len + 1, 1) == marker) marker_len++
      }
      is_fence = marker_len >= 3
      was_fenced = fenced

      if (is_fence) {
        rest = substr(scan, marker_len + 1)
        if (!fenced) {
          fenced = 1
          fence_marker = marker
          fence_len = marker_len
        } else if (marker == fence_marker && marker_len >= fence_len && rest ~ /^[[:space:]]*$/) {
          fenced = 0
        }
      }

      if (!found && !was_fenced && line == heading) {
        found = 1
        if (mode == "present") next
        grab = 1
        next
      }
      if (mode == "present" || !grab) next
      if (is_fence || was_fenced) {
        print line
        next
      }

      level = 0
      while (substr(scan, level + 1, 1) == "#") level++
      if (level > 0 && level <= target_level && substr(scan, level + 1, 1) ~ /^[[:space:]]?$/) exit
      print line
    }
    END {
      if (mode == "present" && !found) exit 1
    }
  ' /dev/stdin
++++ line=' no, confined CLI output.'
+++++ sed 's/,.*//'
+++++ printf %s ' no, confined CLI output.'
+++++ tr '[:upper:]' '[:lower:]'
+++++ tr -d '[:space:].'
++++ verdict=no
+++++ printf %s ' no, confined CLI output.'
+++++ sed 's/^[^,]*,*//'
+++++ tr -d '[:space:].'
++++ reason=confinedCLIoutput
++++ case "$verdict" in
++++ '[' -n confinedCLIoutput ']'
++++ printf '%s\n' no
+++ ui=no
+++ '[' -z yes ']'
+++ '[' -z no ']'
+++ '[' -z no ']'
+++ '[' no = yes ']'
+++ '[' yes = yes ']'
+++ printf '2\n'
++ tier=2
++ '[' -z 2 ']'
++ fm_prep_delivery_mode /tmp/fm-task-delivery.r4jQpX/commented-surgical-direct-PR-missing/home/data/commented-surgical-direct-PR-missing/prep.md
++ cp /tmp/fm-task-delivery.r4jQpX/commented-surgical-direct-PR-missing/home/data/commented-surgical-direct-PR-missing/prep.md /home/zcrew/.no-mistakes/evidence/01M45JNGXNRJ522PPBNYHJF1VA/restored-context-surgical-direct-PR.input.md
++ review_original_delivery_mode /tmp/fm-task-delivery.r4jQpX/commented-surgical-direct-PR-missing/home/data/commented-surgical-direct-PR-missing/prep.md
++ local value reason mode
+++ fm_prep_tier_read /tmp/fm-task-delivery.r4jQpX/commented-surgical-direct-PR-missing/home/data/commented-surgical-direct-PR-missing/prep.md
+++ awk '
    /^- Delivery depth:/ { seen++; value=substr($0,19) }
    END { if (seen == 1) print value }
  '
+++ local file=/tmp/fm-task-delivery.r4jQpX/commented-surgical-direct-PR-missing/home/data/commented-surgical-direct-PR-missing/prep.md mode=body
+++ '[' -f /tmp/fm-task-delivery.r4jQpX/commented-surgical-direct-PR-missing/home/data/commented-surgical-direct-PR-missing/prep.md ']'
+++ '[' -r /tmp/fm-task-delivery.r4jQpX/commented-surgical-direct-PR-missing/home/data/commented-surgical-direct-PR-missing/prep.md ']'
+++ fm_prep_body_text
+++ awk -v keep_fences=no '
    function table_start(row, header, delimiter, cells, count, i, cell) {
      if (row >= NR) return 0
      header=lines[row]; delimiter=lines[row+1]
      sub(/^ ? ? ?/, "", header); sub(/^ ? ? ?/, "", delimiter)
      if (header ~ /^[[:space:]]/ || delimiter ~ /^[[:space:]]/) return 0
      gsub(/\\\|/, "", header)
      if (header !~ /\|/) return 0
      sub(/[[:space:]]+$/, "", header); sub(/[[:space:]]+$/, "", delimiter)
      sub(/^\|/, "", header); sub(/\|$/, "", header)
      sub(/^\|/, "", delimiter); sub(/\|$/, "", delimiter)
      count=split(header,cells,"|")
      if (!count || split(delimiter,cells,"|") != count) return 0
      for (i=1; i<=count; i++) {
        cell=cells[i]; gsub(/^[[:space:]]+|[[:space:]]+$/, "", cell)
        if (cell !~ /^:?-+:?$/) return 0
      }
      return 1
    }
    function closing_tick(s, size, row, probe, list_number) {
      while (1) {
        while (match(s, /`+/)) {
          if (RLENGTH == size) return 1
          s=substr(s,RSTART+RLENGTH)
        }
        if (++row > NR || lines[row] ~ /^[[:space:]]*$/) return 0
        s=lines[row]
        probe=s; sub(/^ ? ? ?/, "", probe)
        list_number=probe; sub(/[.)].*$/, "", list_number)
        if (probe ~ /^[0-9]+[.)][[:space:]]+[^[:space:]]/ && length(list_number) <= 9 && list_number+0 == 1) return 0
        if (table_start(row) || probe ~ /^```|^~~~|^#[#]?[#]?[#]?[#]?[#]?([[:space:]]|$)|^[-+*][[:space:]]+[^[:space:]]|^<!--/) return 0
      }
    }
    function uncomment(s, row, out, end, size) {
      out=""
      while (length(s)) {
        if (comment) {
          end=index(s,"-->"); if (!end) return out
          s=substr(s,end+3); comment=0
        } else if (inline_size) {
          if (!match(s,/`+/)) return out s
          size=RLENGTH
          out=out substr(s,1,RSTART+size-1)
          s=substr(s,RSTART+size)
          if (size == inline_size) inline_size=0
        } else if (substr(s,1,4) == "<!--") {
          comment=1; s=substr(s,5)
        } else if (substr(s,1,2) == "\\`" || substr(s,1,2) == "\\\\" || substr(s,1,2) == "\\<") {
          out=out substr(s,1,2); s=substr(s,3)
        } else if (substr(s,1,1) == "`") {
          match(s,/^`+/); size=RLENGTH
          out=out substr(s,1,size); s=substr(s,size+1)
          if (closing_tick(s,size,row)) inline_size=size
        } else {
          out=out substr(s,1,1); s=substr(s,2)
        }
      }
      return out
    }
    { lines[NR]=$0 }
    END {
      for (row=1; row<=NR; row++) {
        line=lines[row]
        if (!fenced && !comment && !inline_size) {
          if (line ~ /^[[:space:]]*$/) {
            paragraph=0; table=0
            print line
            continue
          }
          if (line ~ /^(    | ? ? ?\t)/ && (indented || !paragraph)) {
            indented=1; table=0
            if (keep_fences == "yes") print line
            continue
          }
          indented=0
        }
        scan=line
        spaces=0
        while (spaces < 3 && substr(scan,1,1) == " ") { scan=substr(scan,2); spaces++ }
        marker=substr(scan,1,1)
        marker_len=0
        if (marker == "`" || marker == "~") {
          while (substr(scan,marker_len+1,1) == marker) marker_len++
        }
        if (marker_len >= 3 && !comment && !inline_size) {
          paragraph=0; table=0
          rest=substr(scan,marker_len+1)
          if (!fenced) {
            fenced=1; fence_marker=marker; fence_len=marker_len
          } else if (marker == fence_marker && marker_len >= fence_len && rest ~ /^[[:space:]]*$/) {
            fenced=0
          }
          if (keep_fences == "yes") print line
          continue
        }
        if (fenced) {
          if (keep_fences == "yes") print line
          continue
        }
        line=uncomment(line,row)
        scan=line; sub(/^ ? ? ?/, "", scan)
        table=table_start(row) || (table && scan ~ /\|/)
        paragraph=(line !~ /^[[:space:]]*$/ && scan !~ /^#[#]?[#]?[#]?[#]?[#]?([[:space:]]|$)/ && !table)
        if (line ~ /^[[:space:]]*$/ && lines[row] !~ /^[[:space:]]*$/) continue
        print line
      }
    }'
+++ fm_brief_heading_parse - '## Tier' body
+++ local file=- 'heading=## Tier' mode=body input=-
+++ '[' - = - ']'
+++ input=/dev/stdin
+++ awk -v 'heading=## Tier' -v mode=body '
    BEGIN {
      target_level = 0
      while (substr(heading, target_level + 1, 1) == "#") target_level++
    }
    {
      line = $0
      scan = line
      spaces = 0
      while (spaces < 3 && substr(scan, 1, 1) == " ") {
        scan = substr(scan, 2)
        spaces++
      }
      marker = substr(scan, 1, 1)
      marker_len = 0
      if (marker == "`" || marker == "~") {
        while (substr(scan, marker_len + 1, 1) == marker) marker_len++
      }
      is_fence = marker_len >= 3
      was_fenced = fenced

      if (is_fence) {
        rest = substr(scan, marker_len + 1)
        if (!fenced) {
          fenced = 1
          fence_marker = marker
          fence_len = marker_len
        } else if (marker == fence_marker && marker_len >= fence_len && rest ~ /^[[:space:]]*$/) {
          fenced = 0
        }
      }

      if (!found && !was_fenced && line == heading) {
        found = 1
        if (mode == "present") next
        grab = 1
        next
      }
      if (mode == "present" || !grab) next
      if (is_fence || was_fenced) {
        print line
        next
      }

      level = 0
      while (substr(scan, level + 1, 1) == "#") level++
      if (level > 0 && level <= target_level && substr(scan, level + 1, 1) ~ /^[[:space:]]?$/) exit
      print line
    }
    END {
      if (mode == "present" && !found) exit 1
    }
  ' /dev/stdin
++ value=
++ case "$value" in
++ return 1
++ printf 'its %s requires one canonical Delivery depth choice and a substantive same-line reason in %s\n' '## Tier' /tmp/fm-task-delivery.r4jQpX/commented-surgical-direct-PR-missing/home/data/commented-surgical-direct-PR-missing/prep.md
++ return 0
+ reason='its ## Tier requires one canonical Delivery depth choice and a substantive same-line reason in /tmp/fm-task-delivery.r4jQpX/commented-surgical-direct-PR-missing/home/data/commented-surgical-direct-PR-missing/prep.md'
+ status=0
+ '[' 0 -eq 0 ']'
+ assert_contains 'its ## Tier requires one canonical Delivery depth choice and a substantive same-line reason in /tmp/fm-task-delivery.r4jQpX/commented-surgical-direct-PR-missing/home/data/commented-surgical-direct-PR-missing/prep.md' 'Delivery depth' 'surgical missing live depth refusal unnamed'
+ case "$1" in
+ :
+ pass 'surgical commented no-mistakes/live direct-PR: missing'
+ printf 'ok - %s\n' 'surgical commented no-mistakes/live direct-PR: missing'
+ for check in "${@:3}"
+ id=commented-surgical-direct-PR-malformed
++ make_home commented-surgical-direct-PR-malformed
++ local name=commented-surgical-direct-PR-malformed home projects fakebin
++ shift
++ home=/tmp/fm-task-delivery.r4jQpX/commented-surgical-direct-PR-malformed/home
++ projects=/tmp/fm-task-delivery.r4jQpX/commented-surgical-direct-PR-malformed/projects
++ fakebin=/tmp/fm-task-delivery.r4jQpX/commented-surgical-direct-PR-malformed/bin
++ mkdir -p /tmp/fm-task-delivery.r4jQpX/commented-surgical-direct-PR-malformed/home/data /tmp/fm-task-delivery.r4jQpX/commented-surgical-direct-PR-malformed/home/state /tmp/fm-task-delivery.r4jQpX/commented-surgical-direct-PR-malformed/home/config /tmp/fm-task-delivery.r4jQpX/commented-surgical-direct-PR-malformed/projects/proj /tmp/fm-task-delivery.r4jQpX/commented-surgical-direct-PR-malformed/bin
++ git -C /tmp/fm-task-delivery.r4jQpX/commented-surgical-direct-PR-malformed/projects/proj init -q
++ printf '#!/bin/sh\nprintf "%%s\\n" "$*" >> "%s/tmux.calls"\nexit 1\n' /tmp/fm-task-delivery.r4jQpX/commented-surgical-direct-PR-malformed/bin
++ printf '#!/bin/sh\nprintf "%%s\\n" "$*" >> "%s/treehouse.calls"\nexit 1\n' /tmp/fm-task-delivery.r4jQpX/commented-surgical-direct-PR-malformed/bin
++ chmod +x /tmp/fm-task-delivery.r4jQpX/commented-surgical-direct-PR-malformed/bin/treehouse
++ chmod +x /tmp/fm-task-delivery.r4jQpX/commented-surgical-direct-PR-malformed/bin/tmux
++ '[' 0 -gt 0 ']'
++ printf '%s\n' '/tmp/fm-task-delivery.r4jQpX/commented-surgical-direct-PR-malformed/home|/tmp/fm-task-delivery.r4jQpX/commented-surgical-direct-PR-malformed/projects/proj|/tmp/fm-task-delivery.r4jQpX/commented-surgical-direct-PR-malformed/bin'
+ rec='/tmp/fm-task-delivery.r4jQpX/commented-surgical-direct-PR-malformed/home|/tmp/fm-task-delivery.r4jQpX/commented-surgical-direct-PR-malformed/projects/proj|/tmp/fm-task-delivery.r4jQpX/commented-surgical-direct-PR-malformed/bin'
+ IFS='|'
+ read -r home proj fakebin
+ case "$declared" in
+ old_mode=no-mistakes
+ depth='checks-only (direct-PR)'
+ selected=direct-PR
+ '[' malformed '!=' mismatch ']'
+ '[' malformed '!=' local ']'
+ write_brief /tmp/fm-task-delivery.r4jQpX/commented-surgical-direct-PR-malformed/home commented-surgical-direct-PR-malformed direct-PR
+ local home=/tmp/fm-task-delivery.r4jQpX/commented-surgical-direct-PR-malformed/home id=commented-surgical-direct-PR-malformed mode=direct-PR
+ mkdir -p /tmp/fm-task-delivery.r4jQpX/commented-surgical-direct-PR-malformed/home/data/commented-surgical-direct-PR-malformed
+ printf 'You are a crewmate.\n\n# Task\n## Captain'\''s intent\nExercise the delivery contract.\n\n## Firstmate spec\nVerify the selected delivery behavior.\n\n# Definition of done\n'
+ '[' -z direct-PR ']'
+ printf 'Delivery contract: mode=%s\n' direct-PR
+ case "$mode" in
+ write_prep /tmp/fm-task-delivery.r4jQpX/commented-surgical-direct-PR-malformed/home commented-surgical-direct-PR-malformed
+ fm_test_prep_record /tmp/fm-task-delivery.r4jQpX/commented-surgical-direct-PR-malformed/home/data commented-surgical-direct-PR-malformed no no no direct-PR
+ local data=/tmp/fm-task-delivery.r4jQpX/commented-surgical-direct-PR-malformed/home/data id=commented-surgical-direct-PR-malformed q1=no q2=no ui=no depth_mode=direct-PR root prep
+++ dirname tests/prep-record-helper.sh
++ cd tests/..
++ pwd
+ root=/home/zcrew/.no-mistakes/worktrees/5124444c5bba/01M45JNGXNRJ522PPBNYHJF1VA
+ prep=/tmp/fm-task-delivery.r4jQpX/commented-surgical-direct-PR-malformed/home/data/commented-surgical-direct-PR-malformed/prep.md
+ '[' '!' -e /tmp/fm-task-delivery.r4jQpX/commented-surgical-direct-PR-malformed/home/data/commented-surgical-direct-PR-malformed/prep.md ']'
+ mkdir -p /tmp/fm-task-delivery.r4jQpX/commented-surgical-direct-PR-malformed/home/data/commented-surgical-direct-PR-malformed
+ FM_HOME=/tmp/fm-task-delivery.r4jQpX/commented-surgical-direct-PR-malformed/home/data
+ FM_DATA_OVERRIDE=/tmp/fm-task-delivery.r4jQpX/commented-surgical-direct-PR-malformed/home/data
+ /home/zcrew/.no-mistakes/worktrees/5124444c5bba/01M45JNGXNRJ522PPBNYHJF1VA/bin/fm-brief.sh commented-surgical-direct-PR-malformed --prep
+ sed -e 's/{Q1}/no/' -e 's/{Q2}/no/' -e 's/{UI_WIRING}/no, spawn fixture./' -e 's/^{INTENT_AND_BOXES}$/Exercise the delivery contract in an isolated fixture./' -e 's/^{[A-Z0-9_]*}$/n\/a: spawn fixture./' /tmp/fm-task-delivery.r4jQpX/commented-surgical-direct-PR-malformed/home/data/commented-surgical-direct-PR-malformed/prep.md
+ mv /tmp/fm-task-delivery.r4jQpX/commented-surgical-direct-PR-malformed/home/data/commented-surgical-direct-PR-malformed/prep.md.filled /tmp/fm-task-delivery.r4jQpX/commented-surgical-direct-PR-malformed/home/data/commented-surgical-direct-PR-malformed/prep.md
+ fm_test_fill_prep_common /tmp/fm-task-delivery.r4jQpX/commented-surgical-direct-PR-malformed/home/data/commented-surgical-direct-PR-malformed/prep.md direct-PR
+ local prep=/tmp/fm-task-delivery.r4jQpX/commented-surgical-direct-PR-malformed/home/data/commented-surgical-direct-PR-malformed/prep.md depth
+ case "${2:-no-mistakes}" in
+ depth='checks-only (direct-PR)'
+ awk -v 'depth=checks-only (direct-PR)' '
    { gsub(/\{DELIVERY_DEPTH\}/, depth ", exercise the declared fixture delivery contract.")
      gsub(/\{CAPTAIN_RULINGS\}/, "Intent: exercise delivery admission; ruling: use an isolated fixture (test brief).")
      gsub(/\{STILL_VALID\}/, "proceed: inspected fixture base and task sources; delivery admission remains needed with no dependency.")
      gsub(/\{SIBLINGS_NAMED\}/, "Not a defect; searched fixture task records and delivery owners, none found.")
      gsub(/\{VALIDATION_ROUTE\}/, "bash bin/fm-test-run.sh tests/fm-task-delivery.test.sh; Bash fixture runtime, isolated home, baseline timing unknown; worker measures this bounded run, CI owns final regression.")
      gsub(/\{SCREEN_AND_REGION\}/, "n/a: no product screen is changed.")
      gsub(/\{RED_FIRST_PROOF\}/, "bash tests/fm-task-delivery.test.sh; remove the record; expect a preparation refusal; record observed RED before implementation.")
      gsub(/\{FIXTURE_ARITHMETIC\}/, "n/a: no calculated assertions.")
      gsub(/\{DATA_PATH_REACHABILITY\}/, "brief --prep writes data/id/prep.md; spawn reads that path; launch rendering is the fixture witness.")
      gsub(/\{SCOPE_ONLY_AS_ASKED\}/, "Exercise the requested delivery admission only; real endpoints and product changes are outside scope.")
      gsub(/\{AUTHOR_GATE_CHECK\}/, "bash -c '\'' . bin/fm-dod-lib.sh; fm_prep_unfilled_reason \"$1\" '\'' _ data/id/prep.md; run on final bytes before handoff and paste empty output and raw exit 1 (reason with exit 0 refuses).")
      gsub(/\{OUTCOME\}/, "Delivery admission")
      gsub(/\{OBSERVABLE_RESULT\}/, "Launch brief exists before the refusing backend")
      gsub(/\{WHERE_AND_HOW\}/, "bash tests/fm-task-delivery.test.sh; fixture spawn and launch-brief.md")
      gsub(/\{EXPECTED_VALUE\}/, "Brief present; no real endpoint created")
      print
    }' /tmp/fm-task-delivery.r4jQpX/commented-surgical-direct-PR-malformed/home/data/commented-surgical-direct-PR-malformed/prep.md
+ mv /tmp/fm-task-delivery.r4jQpX/commented-surgical-direct-PR-malformed/home/data/commented-surgical-direct-PR-malformed/prep.md.common /tmp/fm-task-delivery.r4jQpX/commented-surgical-direct-PR-malformed/home/data/commented-surgical-direct-PR-malformed/prep.md
+ '[' no = yes ']'
+ return 0
+ prep=/tmp/fm-task-delivery.r4jQpX/commented-surgical-direct-PR-malformed/home/data/commented-surgical-direct-PR-malformed/prep.md
+ '[' surgical = surgical ']'
+ rm /tmp/fm-task-delivery.r4jQpX/commented-surgical-direct-PR-malformed/home/data/commented-surgical-direct-PR-malformed/prep.md
+ FM_HOME=/tmp/fm-task-delivery.r4jQpX/commented-surgical-direct-PR-malformed/home
+ /home/zcrew/.no-mistakes/worktrees/5124444c5bba/01M45JNGXNRJ522PPBNYHJF1VA/bin/fm-brief.sh commented-surgical-direct-PR-malformed --prep --surgical
+ sed -E -e 's/\{Q1\}/yes/' -e 's/\{Q2\}/no/' -e 's/\{UI_WIRING\}/no, confined CLI output./' -e 's/\{Q[12]_REASON\}/Inspected confined output./' -e 's/\{C[1-5]\}/yes/' -e 's/\{C[1-5]_EVIDENCE\}/owned.sh:12; callers confined; cause reproduced; regression covers output; no sensitive paths./' /tmp/fm-task-delivery.r4jQpX/commented-surgical-direct-PR-malformed/home/data/commented-surgical-direct-PR-malformed/prep.md
+ mv /tmp/fm-task-delivery.r4jQpX/commented-surgical-direct-PR-malformed/home/data/commented-surgical-direct-PR-malformed/prep.md.f /tmp/fm-task-delivery.r4jQpX/commented-surgical-direct-PR-malformed/home/data/commented-surgical-direct-PR-malformed/prep.md
+ fm_test_fill_prep_common /tmp/fm-task-delivery.r4jQpX/commented-surgical-direct-PR-malformed/home/data/commented-surgical-direct-PR-malformed/prep.md direct-PR
+ local prep=/tmp/fm-task-delivery.r4jQpX/commented-surgical-direct-PR-malformed/home/data/commented-surgical-direct-PR-malformed/prep.md depth
+ case "${2:-no-mistakes}" in
+ depth='checks-only (direct-PR)'
+ awk -v 'depth=checks-only (direct-PR)' '
    { gsub(/\{DELIVERY_DEPTH\}/, depth ", exercise the declared fixture delivery contract.")
      gsub(/\{CAPTAIN_RULINGS\}/, "Intent: exercise delivery admission; ruling: use an isolated fixture (test brief).")
      gsub(/\{STILL_VALID\}/, "proceed: inspected fixture base and task sources; delivery admission remains needed with no dependency.")
      gsub(/\{SIBLINGS_NAMED\}/, "Not a defect; searched fixture task records and delivery owners, none found.")
      gsub(/\{VALIDATION_ROUTE\}/, "bash bin/fm-test-run.sh tests/fm-task-delivery.test.sh; Bash fixture runtime, isolated home, baseline timing unknown; worker measures this bounded run, CI owns final regression.")
      gsub(/\{SCREEN_AND_REGION\}/, "n/a: no product screen is changed.")
      gsub(/\{RED_FIRST_PROOF\}/, "bash tests/fm-task-delivery.test.sh; remove the record; expect a preparation refusal; record observed RED before implementation.")
      gsub(/\{FIXTURE_ARITHMETIC\}/, "n/a: no calculated assertions.")
      gsub(/\{DATA_PATH_REACHABILITY\}/, "brief --prep writes data/id/prep.md; spawn reads that path; launch rendering is the fixture witness.")
      gsub(/\{SCOPE_ONLY_AS_ASKED\}/, "Exercise the requested delivery admission only; real endpoints and product changes are outside scope.")
      gsub(/\{AUTHOR_GATE_CHECK\}/, "bash -c '\'' . bin/fm-dod-lib.sh; fm_prep_unfilled_reason \"$1\" '\'' _ data/id/prep.md; run on final bytes before handoff and paste empty output and raw exit 1 (reason with exit 0 refuses).")
      gsub(/\{OUTCOME\}/, "Delivery admission")
      gsub(/\{OBSERVABLE_RESULT\}/, "Launch brief exists before the refusing backend")
      gsub(/\{WHERE_AND_HOW\}/, "bash tests/fm-task-delivery.test.sh; fixture spawn and launch-brief.md")
      gsub(/\{EXPECTED_VALUE\}/, "Brief present; no real endpoint created")
      print
    }' /tmp/fm-task-delivery.r4jQpX/commented-surgical-direct-PR-malformed/home/data/commented-surgical-direct-PR-malformed/prep.md
+ mv /tmp/fm-task-delivery.r4jQpX/commented-surgical-direct-PR-malformed/home/data/commented-surgical-direct-PR-malformed/prep.md.common /tmp/fm-task-delivery.r4jQpX/commented-surgical-direct-PR-malformed/home/data/commented-surgical-direct-PR-malformed/prep.md
+ fm_test_prep_depth /tmp/fm-task-delivery.r4jQpX/commented-surgical-direct-PR-malformed/home/data/commented-surgical-direct-PR-malformed/prep.md direct-PR
+ local prep=/tmp/fm-task-delivery.r4jQpX/commented-surgical-direct-PR-malformed/home/data/commented-surgical-direct-PR-malformed/prep.md depth
+ case "$2" in
+ depth='checks-only (direct-PR)'
+ awk -v 'depth=checks-only (direct-PR)' '
    /^- Delivery depth:/ { next }
    { print }
    $0 == "## Tier" { print "- Delivery depth: " depth ", exercise the declared fixture delivery contract." }
  ' /tmp/fm-task-delivery.r4jQpX/commented-surgical-direct-PR-malformed/home/data/commented-surgical-direct-PR-malformed/prep.md
+ mv /tmp/fm-task-delivery.r4jQpX/commented-surgical-direct-PR-malformed/home/data/commented-surgical-direct-PR-malformed/prep.md.depth /tmp/fm-task-delivery.r4jQpX/commented-surgical-direct-PR-malformed/home/data/commented-surgical-direct-PR-malformed/prep.md
+ baseline=/tmp/fm-task-delivery.r4jQpX/commented-surgical-direct-PR-malformed/home/live.prep
+ cp /tmp/fm-task-delivery.r4jQpX/commented-surgical-direct-PR-malformed/home/data/commented-surgical-direct-PR-malformed/prep.md /tmp/fm-task-delivery.r4jQpX/commented-surgical-direct-PR-malformed/home/live.prep
+ printf '<!-- Previous preparation example\n## Tier\n'
+ printf '%s\n' '- Q1 does this change alter what a user sees or can do: no' '- Q2 does this change touch a shared module or a contract: no' '- UI wiring: no, old isolated example.'
+ '[' no-mistakes = direct-PR ']'
+ printf '%s\n' '- Delivery depth: checks + AI review (no-mistakes), old shared example.'
+ printf '\n-->\n'
+ case "$check" in
+ sed 's/^- Delivery depth:.*$/- Delivery depth: unknown, live invalid choice./' /tmp/fm-task-delivery.r4jQpX/commented-surgical-direct-PR-malformed/home/live.prep
+ case "$check" in
++ fm_prep_delivery_mode /tmp/fm-task-delivery.r4jQpX/commented-surgical-direct-PR-malformed/home/data/commented-surgical-direct-PR-malformed/prep.md
++ cp /tmp/fm-task-delivery.r4jQpX/commented-surgical-direct-PR-malformed/home/data/commented-surgical-direct-PR-malformed/prep.md /home/zcrew/.no-mistakes/evidence/01M45JNGXNRJ522PPBNYHJF1VA/restored-context-surgical-direct-PR.input.md
++ review_original_delivery_mode /tmp/fm-task-delivery.r4jQpX/commented-surgical-direct-PR-malformed/home/data/commented-surgical-direct-PR-malformed/prep.md
++ local value reason mode
+++ awk '
    /^- Delivery depth:/ { seen++; value=substr($0,19) }
    END { if (seen == 1) print value }
+++ fm_prep_tier_read /tmp/fm-task-delivery.r4jQpX/commented-surgical-direct-PR-malformed/home/data/commented-surgical-direct-PR-malformed/prep.md
  '
+++ local file=/tmp/fm-task-delivery.r4jQpX/commented-surgical-direct-PR-malformed/home/data/commented-surgical-direct-PR-malformed/prep.md mode=body
+++ '[' -f /tmp/fm-task-delivery.r4jQpX/commented-surgical-direct-PR-malformed/home/data/commented-surgical-direct-PR-malformed/prep.md ']'
+++ '[' -r /tmp/fm-task-delivery.r4jQpX/commented-surgical-direct-PR-malformed/home/data/commented-surgical-direct-PR-malformed/prep.md ']'
+++ fm_brief_heading_parse - '## Tier' body
+++ local file=- 'heading=## Tier' mode=body input=-
+++ '[' - = - ']'
+++ input=/dev/stdin
+++ awk -v 'heading=## Tier' -v mode=body '
    BEGIN {
      target_level = 0
      while (substr(heading, target_level + 1, 1) == "#") target_level++
    }
    {
      line = $0
      scan = line
      spaces = 0
      while (spaces < 3 && substr(scan, 1, 1) == " ") {
        scan = substr(scan, 2)
        spaces++
      }
      marker = substr(scan, 1, 1)
      marker_len = 0
      if (marker == "`" || marker == "~") {
        while (substr(scan, marker_len + 1, 1) == marker) marker_len++
      }
      is_fence = marker_len >= 3
      was_fenced = fenced

      if (is_fence) {
        rest = substr(scan, marker_len + 1)
        if (!fenced) {
          fenced = 1
          fence_marker = marker
          fence_len = marker_len
        } else if (marker == fence_marker && marker_len >= fence_len && rest ~ /^[[:space:]]*$/) {
          fenced = 0
        }
      }

      if (!found && !was_fenced && line == heading) {
        found = 1
        if (mode == "present") next
        grab = 1
        next
      }
      if (mode == "present" || !grab) next
      if (is_fence || was_fenced) {
        print line
        next
      }

      level = 0
      while (substr(scan, level + 1, 1) == "#") level++
      if (level > 0 && level <= target_level && substr(scan, level + 1, 1) ~ /^[[:space:]]?$/) exit
      print line
    }
    END {
      if (mode == "present" && !found) exit 1
    }
  ' /dev/stdin
+++ fm_prep_body_text
+++ awk -v keep_fences=no '
    function table_start(row, header, delimiter, cells, count, i, cell) {
      if (row >= NR) return 0
      header=lines[row]; delimiter=lines[row+1]
      sub(/^ ? ? ?/, "", header); sub(/^ ? ? ?/, "", delimiter)
      if (header ~ /^[[:space:]]/ || delimiter ~ /^[[:space:]]/) return 0
      gsub(/\\\|/, "", header)
      if (header !~ /\|/) return 0
      sub(/[[:space:]]+$/, "", header); sub(/[[:space:]]+$/, "", delimiter)
      sub(/^\|/, "", header); sub(/\|$/, "", header)
      sub(/^\|/, "", delimiter); sub(/\|$/, "", delimiter)
      count=split(header,cells,"|")
      if (!count || split(delimiter,cells,"|") != count) return 0
      for (i=1; i<=count; i++) {
        cell=cells[i]; gsub(/^[[:space:]]+|[[:space:]]+$/, "", cell)
        if (cell !~ /^:?-+:?$/) return 0
      }
      return 1
    }
    function closing_tick(s, size, row, probe, list_number) {
      while (1) {
        while (match(s, /`+/)) {
          if (RLENGTH == size) return 1
          s=substr(s,RSTART+RLENGTH)
        }
        if (++row > NR || lines[row] ~ /^[[:space:]]*$/) return 0
        s=lines[row]
        probe=s; sub(/^ ? ? ?/, "", probe)
        list_number=probe; sub(/[.)].*$/, "", list_number)
        if (probe ~ /^[0-9]+[.)][[:space:]]+[^[:space:]]/ && length(list_number) <= 9 && list_number+0 == 1) return 0
        if (table_start(row) || probe ~ /^```|^~~~|^#[#]?[#]?[#]?[#]?[#]?([[:space:]]|$)|^[-+*][[:space:]]+[^[:space:]]|^<!--/) return 0
      }
    }
    function uncomment(s, row, out, end, size) {
      out=""
      while (length(s)) {
        if (comment) {
          end=index(s,"-->"); if (!end) return out
          s=substr(s,end+3); comment=0
        } else if (inline_size) {
          if (!match(s,/`+/)) return out s
          size=RLENGTH
          out=out substr(s,1,RSTART+size-1)
          s=substr(s,RSTART+size)
          if (size == inline_size) inline_size=0
        } else if (substr(s,1,4) == "<!--") {
          comment=1; s=substr(s,5)
        } else if (substr(s,1,2) == "\\`" || substr(s,1,2) == "\\\\" || substr(s,1,2) == "\\<") {
          out=out substr(s,1,2); s=substr(s,3)
        } else if (substr(s,1,1) == "`") {
          match(s,/^`+/); size=RLENGTH
          out=out substr(s,1,size); s=substr(s,size+1)
          if (closing_tick(s,size,row)) inline_size=size
        } else {
          out=out substr(s,1,1); s=substr(s,2)
        }
      }
      return out
    }
    { lines[NR]=$0 }
    END {
      for (row=1; row<=NR; row++) {
        line=lines[row]
        if (!fenced && !comment && !inline_size) {
          if (line ~ /^[[:space:]]*$/) {
            paragraph=0; table=0
            print line
            continue
          }
          if (line ~ /^(    | ? ? ?\t)/ && (indented || !paragraph)) {
            indented=1; table=0
            if (keep_fences == "yes") print line
            continue
          }
          indented=0
        }
        scan=line
        spaces=0
        while (spaces < 3 && substr(scan,1,1) == " ") { scan=substr(scan,2); spaces++ }
        marker=substr(scan,1,1)
        marker_len=0
        if (marker == "`" || marker == "~") {
          while (substr(scan,marker_len+1,1) == marker) marker_len++
        }
        if (marker_len >= 3 && !comment && !inline_size) {
          paragraph=0; table=0
          rest=substr(scan,marker_len+1)
          if (!fenced) {
            fenced=1; fence_marker=marker; fence_len=marker_len
          } else if (marker == fence_marker && marker_len >= fence_len && rest ~ /^[[:space:]]*$/) {
            fenced=0
          }
          if (keep_fences == "yes") print line
          continue
        }
        if (fenced) {
          if (keep_fences == "yes") print line
          continue
        }
        line=uncomment(line,row)
        scan=line; sub(/^ ? ? ?/, "", scan)
        table=table_start(row) || (table && scan ~ /\|/)
        paragraph=(line !~ /^[[:space:]]*$/ && scan !~ /^#[#]?[#]?[#]?[#]?[#]?([[:space:]]|$)/ && !table)
        if (line ~ /^[[:space:]]*$/ && lines[row] !~ /^[[:space:]]*$/) continue
        print line
      }
    }'
++ value='unknown, live invalid choice.'
++ case "$value" in
++ return 1
+ out=
+ status=1
+ '[' 1 -ne 0 ']'
+ '[' -z '' ']'
++ fm_prep_unfilled_reason /tmp/fm-task-delivery.r4jQpX/commented-surgical-direct-PR-malformed/home/data/commented-surgical-direct-PR-malformed/prep.md
++ local file=/tmp/fm-task-delivery.r4jQpX/commented-surgical-direct-PR-malformed/home/data/commented-surgical-direct-PR-malformed/prep.md tier heading placeholder required guide evidence state
++ '[' '!' -f /tmp/fm-task-delivery.r4jQpX/commented-surgical-direct-PR-malformed/home/data/commented-surgical-direct-PR-malformed/prep.md ']'
++ '[' '!' -r /tmp/fm-task-delivery.r4jQpX/commented-surgical-direct-PR-malformed/home/data/commented-surgical-direct-PR-malformed/prep.md ']'
++ fm_prep_tier_read /tmp/fm-task-delivery.r4jQpX/commented-surgical-direct-PR-malformed/home/data/commented-surgical-direct-PR-malformed/prep.md present
++ local file=/tmp/fm-task-delivery.r4jQpX/commented-surgical-direct-PR-malformed/home/data/commented-surgical-direct-PR-malformed/prep.md mode=present
++ '[' -f /tmp/fm-task-delivery.r4jQpX/commented-surgical-direct-PR-malformed/home/data/commented-surgical-direct-PR-malformed/prep.md ']'
++ '[' -r /tmp/fm-task-delivery.r4jQpX/commented-surgical-direct-PR-malformed/home/data/commented-surgical-direct-PR-malformed/prep.md ']'
++ fm_prep_body_text
++ awk -v keep_fences=no '
    function table_start(row, header, delimiter, cells, count, i, cell) {
      if (row >= NR) return 0
      header=lines[row]; delimiter=lines[row+1]
      sub(/^ ? ? ?/, "", header); sub(/^ ? ? ?/, "", delimiter)
      if (header ~ /^[[:space:]]/ || delimiter ~ /^[[:space:]]/) return 0
      gsub(/\\\|/, "", header)
      if (header !~ /\|/) return 0
      sub(/[[:space:]]+$/, "", header); sub(/[[:space:]]+$/, "", delimiter)
      sub(/^\|/, "", header); sub(/\|$/, "", header)
      sub(/^\|/, "", delimiter); sub(/\|$/, "", delimiter)
      count=split(header,cells,"|")
      if (!count || split(delimiter,cells,"|") != count) return 0
      for (i=1; i<=count; i++) {
        cell=cells[i]; gsub(/^[[:space:]]+|[[:space:]]+$/, "", cell)
        if (cell !~ /^:?-+:?$/) return 0
      }
      return 1
    }
    function closing_tick(s, size, row, probe, list_number) {
      while (1) {
        while (match(s, /`+/)) {
          if (RLENGTH == size) return 1
          s=substr(s,RSTART+RLENGTH)
        }
        if (++row > NR || lines[row] ~ /^[[:space:]]*$/) return 0
        s=lines[row]
        probe=s; sub(/^ ? ? ?/, "", probe)
        list_number=probe; sub(/[.)].*$/, "", list_number)
        if (probe ~ /^[0-9]+[.)][[:space:]]+[^[:space:]]/ && length(list_number) <= 9 && list_number+0 == 1) return 0
        if (table_start(row) || probe ~ /^```|^~~~|^#[#]?[#]?[#]?[#]?[#]?([[:space:]]|$)|^[-+*][[:space:]]+[^[:space:]]|^<!--/) return 0
      }
    }
    function uncomment(s, row, out, end, size) {
      out=""
      while (length(s)) {
        if (comment) {
          end=index(s,"-->"); if (!end) return out
          s=substr(s,end+3); comment=0
        } else if (inline_size) {
          if (!match(s,/`+/)) return out s
          size=RLENGTH
          out=out substr(s,1,RSTART+size-1)
          s=substr(s,RSTART+size)
          if (size == inline_size) inline_size=0
        } else if (substr(s,1,4) == "<!--") {
          comment=1; s=substr(s,5)
        } else if (substr(s,1,2) == "\\`" || substr(s,1,2) == "\\\\" || substr(s,1,2) == "\\<") {
          out=out substr(s,1,2); s=substr(s,3)
        } else if (substr(s,1,1) == "`") {
          match(s,/^`+/); size=RLENGTH
          out=out substr(s,1,size); s=substr(s,size+1)
          if (closing_tick(s,size,row)) inline_size=size
        } else {
          out=out substr(s,1,1); s=substr(s,2)
        }
      }
      return out
    }
    { lines[NR]=$0 }
    END {
      for (row=1; row<=NR; row++) {
        line=lines[row]
        if (!fenced && !comment && !inline_size) {
          if (line ~ /^[[:space:]]*$/) {
            paragraph=0; table=0
            print line
            continue
          }
          if (line ~ /^(    | ? ? ?\t)/ && (indented || !paragraph)) {
            indented=1; table=0
            if (keep_fences == "yes") print line
            continue
          }
          indented=0
        }
        scan=line
        spaces=0
        while (spaces < 3 && substr(scan,1,1) == " ") { scan=substr(scan,2); spaces++ }
        marker=substr(scan,1,1)
        marker_len=0
        if (marker == "`" || marker == "~") {
          while (substr(scan,marker_len+1,1) == marker) marker_len++
        }
        if (marker_len >= 3 && !comment && !inline_size) {
          paragraph=0; table=0
          rest=substr(scan,marker_len+1)
          if (!fenced) {
            fenced=1; fence_marker=marker; fence_len=marker_len
          } else if (marker == fence_marker && marker_len >= fence_len && rest ~ /^[[:space:]]*$/) {
            fenced=0
          }
          if (keep_fences == "yes") print line
          continue
        }
        if (fenced) {
          if (keep_fences == "yes") print line
          continue
        }
        line=uncomment(line,row)
        scan=line; sub(/^ ? ? ?/, "", scan)
        table=table_start(row) || (table && scan ~ /\|/)
        paragraph=(line !~ /^[[:space:]]*$/ && scan !~ /^#[#]?[#]?[#]?[#]?[#]?([[:space:]]|$)/ && !table)
        if (line ~ /^[[:space:]]*$/ && lines[row] !~ /^[[:space:]]*$/) continue
        print line
      }
    }'
++ fm_brief_heading_parse - '## Tier' present
++ local file=- 'heading=## Tier' mode=present input=-
++ '[' - = - ']'
++ input=/dev/stdin
++ awk -v 'heading=## Tier' -v mode=present '
    BEGIN {
      target_level = 0
      while (substr(heading, target_level + 1, 1) == "#") target_level++
    }
    {
      line = $0
      scan = line
      spaces = 0
      while (spaces < 3 && substr(scan, 1, 1) == " ") {
        scan = substr(scan, 2)
        spaces++
      }
      marker = substr(scan, 1, 1)
      marker_len = 0
      if (marker == "`" || marker == "~") {
        while (substr(scan, marker_len + 1, 1) == marker) marker_len++
      }
      is_fence = marker_len >= 3
      was_fenced = fenced

      if (is_fence) {
        rest = substr(scan, marker_len + 1)
        if (!fenced) {
          fenced = 1
          fence_marker = marker
          fence_len = marker_len
        } else if (marker == fence_marker && marker_len >= fence_len && rest ~ /^[[:space:]]*$/) {
          fenced = 0
        }
      }

      if (!found && !was_fenced && line == heading) {
        found = 1
        if (mode == "present") next
        grab = 1
        next
      }
      if (mode == "present" || !grab) next
      if (is_fence || was_fenced) {
        print line
        next
      }

      level = 0
      while (substr(scan, level + 1, 1) == "#") level++
      if (level > 0 && level <= target_level && substr(scan, level + 1, 1) ~ /^[[:space:]]?$/) exit
      print line
    }
    END {
      if (mode == "present" && !found) exit 1
    }
  ' /dev/stdin
+++ fm_prep_ui_wiring /tmp/fm-task-delivery.r4jQpX/commented-surgical-direct-PR-malformed/home/data/commented-surgical-direct-PR-malformed/prep.md
+++ local file=/tmp/fm-task-delivery.r4jQpX/commented-surgical-direct-PR-malformed/home/data/commented-surgical-direct-PR-malformed/prep.md line verdict reason
++++ fm_prep_ui_wiring_line /tmp/fm-task-delivery.r4jQpX/commented-surgical-direct-PR-malformed/home/data/commented-surgical-direct-PR-malformed/prep.md
++++ awk '
    index($0, "- UI wiring:") == 1 { print substr($0, length("- UI wiring:") + 1); exit }
  '
++++ fm_prep_tier_read /tmp/fm-task-delivery.r4jQpX/commented-surgical-direct-PR-malformed/home/data/commented-surgical-direct-PR-malformed/prep.md
++++ local file=/tmp/fm-task-delivery.r4jQpX/commented-surgical-direct-PR-malformed/home/data/commented-surgical-direct-PR-malformed/prep.md mode=body
++++ '[' -f /tmp/fm-task-delivery.r4jQpX/commented-surgical-direct-PR-malformed/home/data/commented-surgical-direct-PR-malformed/prep.md ']'
++++ '[' -r /tmp/fm-task-delivery.r4jQpX/commented-surgical-direct-PR-malformed/home/data/commented-surgical-direct-PR-malformed/prep.md ']'
++++ fm_prep_body_text
++++ awk -v keep_fences=no '
    function table_start(row, header, delimiter, cells, count, i, cell) {
      if (row >= NR) return 0
      header=lines[row]; delimiter=lines[row+1]
      sub(/^ ? ? ?/, "", header); sub(/^ ? ? ?/, "", delimiter)
      if (header ~ /^[[:space:]]/ || delimiter ~ /^[[:space:]]/) return 0
      gsub(/\\\|/, "", header)
      if (header !~ /\|/) return 0
      sub(/[[:space:]]+$/, "", header); sub(/[[:space:]]+$/, "", delimiter)
      sub(/^\|/, "", header); sub(/\|$/, "", header)
      sub(/^\|/, "", delimiter); sub(/\|$/, "", delimiter)
      count=split(header,cells,"|")
      if (!count || split(delimiter,cells,"|") != count) return 0
      for (i=1; i<=count; i++) {
        cell=cells[i]; gsub(/^[[:space:]]+|[[:space:]]+$/, "", cell)
        if (cell !~ /^:?-+:?$/) return 0
      }
      return 1
    }
    function closing_tick(s, size, row, probe, list_number) {
      while (1) {
        while (match(s, /`+/)) {
          if (RLENGTH == size) return 1
          s=substr(s,RSTART+RLENGTH)
        }
        if (++row > NR || lines[row] ~ /^[[:space:]]*$/) return 0
        s=lines[row]
        probe=s; sub(/^ ? ? ?/, "", probe)
        list_number=probe; sub(/[.)].*$/, "", list_number)
        if (probe ~ /^[0-9]+[.)][[:space:]]+[^[:space:]]/ && length(list_number) <= 9 && list_number+0 == 1) return 0
        if (table_start(row) || probe ~ /^```|^~~~|^#[#]?[#]?[#]?[#]?[#]?([[:space:]]|$)|^[-+*][[:space:]]+[^[:space:]]|^<!--/) return 0
      }
    }
    function uncomment(s, row, out, end, size) {
      out=""
      while (length(s)) {
        if (comment) {
          end=index(s,"-->"); if (!end) return out
          s=substr(s,end+3); comment=0
        } else if (inline_size) {
          if (!match(s,/`+/)) return out s
          size=RLENGTH
          out=out substr(s,1,RSTART+size-1)
          s=substr(s,RSTART+size)
          if (size == inline_size) inline_size=0
        } else if (substr(s,1,4) == "<!--") {
          comment=1; s=substr(s,5)
        } else if (substr(s,1,2) == "\\`" || substr(s,1,2) == "\\\\" || substr(s,1,2) == "\\<") {
          out=out substr(s,1,2); s=substr(s,3)
        } else if (substr(s,1,1) == "`") {
          match(s,/^`+/); size=RLENGTH
          out=out substr(s,1,size); s=substr(s,size+1)
          if (closing_tick(s,size,row)) inline_size=size
        } else {
          out=out substr(s,1,1); s=substr(s,2)
        }
      }
      return out
    }
    { lines[NR]=$0 }
    END {
      for (row=1; row<=NR; row++) {
        line=lines[row]
        if (!fenced && !comment && !inline_size) {
          if (line ~ /^[[:space:]]*$/) {
            paragraph=0; table=0
            print line
            continue
          }
          if (line ~ /^(    | ? ? ?\t)/ && (indented || !paragraph)) {
            indented=1; table=0
            if (keep_fences == "yes") print line
            continue
          }
          indented=0
        }
        scan=line
        spaces=0
        while (spaces < 3 && substr(scan,1,1) == " ") { scan=substr(scan,2); spaces++ }
        marker=substr(scan,1,1)
        marker_len=0
        if (marker == "`" || marker == "~") {
          while (substr(scan,marker_len+1,1) == marker) marker_len++
        }
        if (marker_len >= 3 && !comment && !inline_size) {
          paragraph=0; table=0
          rest=substr(scan,marker_len+1)
          if (!fenced) {
            fenced=1; fence_marker=marker; fence_len=marker_len
          } else if (marker == fence_marker && marker_len >= fence_len && rest ~ /^[[:space:]]*$/) {
            fenced=0
          }
          if (keep_fences == "yes") print line
          continue
        }
        if (fenced) {
          if (keep_fences == "yes") print line
          continue
        }
        line=uncomment(line,row)
        scan=line; sub(/^ ? ? ?/, "", scan)
        table=table_start(row) || (table && scan ~ /\|/)
        paragraph=(line !~ /^[[:space:]]*$/ && scan !~ /^#[#]?[#]?[#]?[#]?[#]?([[:space:]]|$)/ && !table)
        if (line ~ /^[[:space:]]*$/ && lines[row] !~ /^[[:space:]]*$/) continue
        print line
      }
    }'
++++ fm_brief_heading_parse - '## Tier' body
++++ local file=- 'heading=## Tier' mode=body input=-
++++ '[' - = - ']'
++++ input=/dev/stdin
++++ awk -v 'heading=## Tier' -v mode=body '
    BEGIN {
      target_level = 0
      while (substr(heading, target_level + 1, 1) == "#") target_level++
    }
    {
      line = $0
      scan = line
      spaces = 0
      while (spaces < 3 && substr(scan, 1, 1) == " ") {
        scan = substr(scan, 2)
        spaces++
      }
      marker = substr(scan, 1, 1)
      marker_len = 0
      if (marker == "`" || marker == "~") {
        while (substr(scan, marker_len + 1, 1) == marker) marker_len++
      }
      is_fence = marker_len >= 3
      was_fenced = fenced

      if (is_fence) {
        rest = substr(scan, marker_len + 1)
        if (!fenced) {
          fenced = 1
          fence_marker = marker
          fence_len = marker_len
        } else if (marker == fence_marker && marker_len >= fence_len && rest ~ /^[[:space:]]*$/) {
          fenced = 0
        }
      }

      if (!found && !was_fenced && line == heading) {
        found = 1
        if (mode == "present") next
        grab = 1
        next
      }
      if (mode == "present" || !grab) next
      if (is_fence || was_fenced) {
        print line
        next
      }

      level = 0
      while (substr(scan, level + 1, 1) == "#") level++
      if (level > 0 && level <= target_level && substr(scan, level + 1, 1) ~ /^[[:space:]]?$/) exit
      print line
    }
    END {
      if (mode == "present" && !found) exit 1
    }
  ' /dev/stdin
+++ line=' no, confined CLI output.'
++++ sed 's/,.*//'
++++ printf %s ' no, confined CLI output.'
++++ tr -d '[:space:].'
++++ tr '[:upper:]' '[:lower:]'
+++ verdict=no
++++ printf %s ' no, confined CLI output.'
++++ sed 's/^[^,]*,*//'
++++ tr -d '[:space:].'
+++ reason=confinedCLIoutput
+++ case "$verdict" in
+++ '[' -n confinedCLIoutput ']'
+++ printf '%s\n' no
++ '[' -z no ']'
+++ fm_prep_tier /tmp/fm-task-delivery.r4jQpX/commented-surgical-direct-PR-malformed/home/data/commented-surgical-direct-PR-malformed/prep.md
+++ local file=/tmp/fm-task-delivery.r4jQpX/commented-surgical-direct-PR-malformed/home/data/commented-surgical-direct-PR-malformed/prep.md q1 q2 ui
+++ fm_prep_tier_read /tmp/fm-task-delivery.r4jQpX/commented-surgical-direct-PR-malformed/home/data/commented-surgical-direct-PR-malformed/prep.md present
+++ local file=/tmp/fm-task-delivery.r4jQpX/commented-surgical-direct-PR-malformed/home/data/commented-surgical-direct-PR-malformed/prep.md mode=present
+++ '[' -f /tmp/fm-task-delivery.r4jQpX/commented-surgical-direct-PR-malformed/home/data/commented-surgical-direct-PR-malformed/prep.md ']'
+++ '[' -r /tmp/fm-task-delivery.r4jQpX/commented-surgical-direct-PR-malformed/home/data/commented-surgical-direct-PR-malformed/prep.md ']'
+++ fm_prep_body_text
+++ fm_brief_heading_parse - '## Tier' present
+++ local file=- 'heading=## Tier' mode=present input=-
+++ '[' - = - ']'
+++ input=/dev/stdin
+++ awk -v keep_fences=no '
    function table_start(row, header, delimiter, cells, count, i, cell) {
      if (row >= NR) return 0
      header=lines[row]; delimiter=lines[row+1]
      sub(/^ ? ? ?/, "", header); sub(/^ ? ? ?/, "", delimiter)
      if (header ~ /^[[:space:]]/ || delimiter ~ /^[[:space:]]/) return 0
      gsub(/\\\|/, "", header)
      if (header !~ /\|/) return 0
      sub(/[[:space:]]+$/, "", header); sub(/[[:space:]]+$/, "", delimiter)
      sub(/^\|/, "", header); sub(/\|$/, "", header)
      sub(/^\|/, "", delimiter); sub(/\|$/, "", delimiter)
      count=split(header,cells,"|")
      if (!count || split(delimiter,cells,"|") != count) return 0
      for (i=1; i<=count; i++) {
        cell=cells[i]; gsub(/^[[:space:]]+|[[:space:]]+$/, "", cell)
        if (cell !~ /^:?-+:?$/) return 0
      }
      return 1
    }
    function closing_tick(s, size, row, probe, list_number) {
      while (1) {
        while (match(s, /`+/)) {
          if (RLENGTH == size) return 1
          s=substr(s,RSTART+RLENGTH)
        }
        if (++row > NR || lines[row] ~ /^[[:space:]]*$/) return 0
        s=lines[row]
        probe=s; sub(/^ ? ? ?/, "", probe)
        list_number=probe; sub(/[.)].*$/, "", list_number)
        if (probe ~ /^[0-9]+[.)][[:space:]]+[^[:space:]]/ && length(list_number) <= 9 && list_number+0 == 1) return 0
        if (table_start(row) || probe ~ /^```|^~~~|^#[#]?[#]?[#]?[#]?[#]?([[:space:]]|$)|^[-+*][[:space:]]+[^[:space:]]|^<!--/) return 0
      }
    }
    function uncomment(s, row, out, end, size) {
      out=""
      while (length(s)) {
        if (comment) {
          end=index(s,"-->"); if (!end) return out
          s=substr(s,end+3); comment=0
        } else if (inline_size) {
          if (!match(s,/`+/)) return out s
          size=RLENGTH
          out=out substr(s,1,RSTART+size-1)
          s=substr(s,RSTART+size)
          if (size == inline_size) inline_size=0
        } else if (substr(s,1,4) == "<!--") {
          comment=1; s=substr(s,5)
        } else if (substr(s,1,2) == "\\`" || substr(s,1,2) == "\\\\" || substr(s,1,2) == "\\<") {
          out=out substr(s,1,2); s=substr(s,3)
        } else if (substr(s,1,1) == "`") {
          match(s,/^`+/); size=RLENGTH
          out=out substr(s,1,size); s=substr(s,size+1)
          if (closing_tick(s,size,row)) inline_size=size
        } else {
          out=out substr(s,1,1); s=substr(s,2)
        }
      }
      return out
    }
    { lines[NR]=$0 }
    END {
      for (row=1; row<=NR; row++) {
        line=lines[row]
        if (!fenced && !comment && !inline_size) {
          if (line ~ /^[[:space:]]*$/) {
            paragraph=0; table=0
            print line
            continue
          }
          if (line ~ /^(    | ? ? ?\t)/ && (indented || !paragraph)) {
            indented=1; table=0
            if (keep_fences == "yes") print line
            continue
          }
          indented=0
        }
        scan=line
        spaces=0
        while (spaces < 3 && substr(scan,1,1) == " ") { scan=substr(scan,2); spaces++ }
        marker=substr(scan,1,1)
        marker_len=0
        if (marker == "`" || marker == "~") {
          while (substr(scan,marker_len+1,1) == marker) marker_len++
        }
        if (marker_len >= 3 && !comment && !inline_size) {
          paragraph=0; table=0
          rest=substr(scan,marker_len+1)
          if (!fenced) {
            fenced=1; fence_marker=marker; fence_len=marker_len
          } else if (marker == fence_marker && marker_len >= fence_len && rest ~ /^[[:space:]]*$/) {
            fenced=0
          }
          if (keep_fences == "yes") print line
          continue
        }
        if (fenced) {
          if (keep_fences == "yes") print line
          continue
        }
        line=uncomment(line,row)
        scan=line; sub(/^ ? ? ?/, "", scan)
        table=table_start(row) || (table && scan ~ /\|/)
        paragraph=(line !~ /^[[:space:]]*$/ && scan !~ /^#[#]?[#]?[#]?[#]?[#]?([[:space:]]|$)/ && !table)
        if (line ~ /^[[:space:]]*$/ && lines[row] !~ /^[[:space:]]*$/) continue
        print line
      }
    }'
+++ awk -v 'heading=## Tier' -v mode=present '
    BEGIN {
      target_level = 0
      while (substr(heading, target_level + 1, 1) == "#") target_level++
    }
    {
      line = $0
      scan = line
      spaces = 0
      while (spaces < 3 && substr(scan, 1, 1) == " ") {
        scan = substr(scan, 2)
        spaces++
      }
      marker = substr(scan, 1, 1)
      marker_len = 0
      if (marker == "`" || marker == "~") {
        while (substr(scan, marker_len + 1, 1) == marker) marker_len++
      }
      is_fence = marker_len >= 3
      was_fenced = fenced

      if (is_fence) {
        rest = substr(scan, marker_len + 1)
        if (!fenced) {
          fenced = 1
          fence_marker = marker
          fence_len = marker_len
        } else if (marker == fence_marker && marker_len >= fence_len && rest ~ /^[[:space:]]*$/) {
          fenced = 0
        }
      }

      if (!found && !was_fenced && line == heading) {
        found = 1
        if (mode == "present") next
        grab = 1
        next
      }
      if (mode == "present" || !grab) next
      if (is_fence || was_fenced) {
        print line
        next
      }

      level = 0
      while (substr(scan, level + 1, 1) == "#") level++
      if (level > 0 && level <= target_level && substr(scan, level + 1, 1) ~ /^[[:space:]]?$/) exit
      print line
    }
    END {
      if (mode == "present" && !found) exit 1
    }
  ' /dev/stdin
++++ fm_prep_answer /tmp/fm-task-delivery.r4jQpX/commented-surgical-direct-PR-malformed/home/data/commented-surgical-direct-PR-malformed/prep.md Q1
++++ local file=/tmp/fm-task-delivery.r4jQpX/commented-surgical-direct-PR-malformed/home/data/commented-surgical-direct-PR-malformed/prep.md question=Q1 answer
+++++ fm_prep_labelled /tmp/fm-task-delivery.r4jQpX/commented-surgical-direct-PR-malformed/home/data/commented-surgical-direct-PR-malformed/prep.md '## Tier' Q1
+++++ awk -F: 'NF > 1 && !done { print $NF; done = 1 }'
+++++ tr '[:upper:]' '[:lower:]'
+++++ tr -d '[:space:].'
+++++ awk -v q=Q1 'index($0, "- " q " ") == 1 { print substr($0, length(q) + 4) }'
+++++ '[' '## Tier' = '## Tier' ']'
+++++ fm_prep_tier_read /tmp/fm-task-delivery.r4jQpX/commented-surgical-direct-PR-malformed/home/data/commented-surgical-direct-PR-malformed/prep.md
+++++ local file=/tmp/fm-task-delivery.r4jQpX/commented-surgical-direct-PR-malformed/home/data/commented-surgical-direct-PR-malformed/prep.md mode=body
+++++ '[' -f /tmp/fm-task-delivery.r4jQpX/commented-surgical-direct-PR-malformed/home/data/commented-surgical-direct-PR-malformed/prep.md ']'
+++++ '[' -r /tmp/fm-task-delivery.r4jQpX/commented-surgical-direct-PR-malformed/home/data/commented-surgical-direct-PR-malformed/prep.md ']'
+++++ fm_prep_body_text
+++++ awk -v keep_fences=no '
    function table_start(row, header, delimiter, cells, count, i, cell) {
      if (row >= NR) return 0
      header=lines[row]; delimiter=lines[row+1]
      sub(/^ ? ? ?/, "", header); sub(/^ ? ? ?/, "", delimiter)
      if (header ~ /^[[:space:]]/ || delimiter ~ /^[[:space:]]/) return 0
      gsub(/\\\|/, "", header)
      if (header !~ /\|/) return 0
      sub(/[[:space:]]+$/, "", header); sub(/[[:space:]]+$/, "", delimiter)
      sub(/^\|/, "", header); sub(/\|$/, "", header)
      sub(/^\|/, "", delimiter); sub(/\|$/, "", delimiter)
      count=split(header,cells,"|")
      if (!count || split(delimiter,cells,"|") != count) return 0
      for (i=1; i<=count; i++) {
        cell=cells[i]; gsub(/^[[:space:]]+|[[:space:]]+$/, "", cell)
        if (cell !~ /^:?-+:?$/) return 0
      }
      return 1
    }
    function closing_tick(s, size, row, probe, list_number) {
      while (1) {
        while (match(s, /`+/)) {
          if (RLENGTH == size) return 1
          s=substr(s,RSTART+RLENGTH)
        }
        if (++row > NR || lines[row] ~ /^[[:space:]]*$/) return 0
        s=lines[row]
        probe=s; sub(/^ ? ? ?/, "", probe)
        list_number=probe; sub(/[.)].*$/, "", list_number)
        if (probe ~ /^[0-9]+[.)][[:space:]]+[^[:space:]]/ && length(list_number) <= 9 && list_number+0 == 1) return 0
        if (table_start(row) || probe ~ /^```|^~~~|^#[#]?[#]?[#]?[#]?[#]?([[:space:]]|$)|^[-+*][[:space:]]+[^[:space:]]|^<!--/) return 0
      }
    }
    function uncomment(s, row, out, end, size) {
      out=""
      while (length(s)) {
        if (comment) {
          end=index(s,"-->"); if (!end) return out
          s=substr(s,end+3); comment=0
        } else if (inline_size) {
          if (!match(s,/`+/)) return out s
          size=RLENGTH
          out=out substr(s,1,RSTART+size-1)
          s=substr(s,RSTART+size)
          if (size == inline_size) inline_size=0
        } else if (substr(s,1,4) == "<!--") {
          comment=1; s=substr(s,5)
        } else if (substr(s,1,2) == "\\`" || substr(s,1,2) == "\\\\" || substr(s,1,2) == "\\<") {
          out=out substr(s,1,2); s=substr(s,3)
        } else if (substr(s,1,1) == "`") {
          match(s,/^`+/); size=RLENGTH
          out=out substr(s,1,size); s=substr(s,size+1)
          if (closing_tick(s,size,row)) inline_size=size
        } else {
          out=out substr(s,1,1); s=substr(s,2)
        }
      }
      return out
    }
    { lines[NR]=$0 }
    END {
      for (row=1; row<=NR; row++) {
        line=lines[row]
        if (!fenced && !comment && !inline_size) {
          if (line ~ /^[[:space:]]*$/) {
            paragraph=0; table=0
            print line
            continue
          }
          if (line ~ /^(    | ? ? ?\t)/ && (indented || !paragraph)) {
            indented=1; table=0
            if (keep_fences == "yes") print line
            continue
          }
          indented=0
        }
        scan=line
        spaces=0
        while (spaces < 3 && substr(scan,1,1) == " ") { scan=substr(scan,2); spaces++ }
        marker=substr(scan,1,1)
        marker_len=0
        if (marker == "`" || marker == "~") {
          while (substr(scan,marker_len+1,1) == marker) marker_len++
        }
        if (marker_len >= 3 && !comment && !inline_size) {
          paragraph=0; table=0
          rest=substr(scan,marker_len+1)
          if (!fenced) {
            fenced=1; fence_marker=marker; fence_len=marker_len
          } else if (marker == fence_marker && marker_len >= fence_len && rest ~ /^[[:space:]]*$/) {
            fenced=0
          }
          if (keep_fences == "yes") print line
          continue
        }
        if (fenced) {
          if (keep_fences == "yes") print line
          continue
        }
        line=uncomment(line,row)
        scan=line; sub(/^ ? ? ?/, "", scan)
        table=table_start(row) || (table && scan ~ /\|/)
        paragraph=(line !~ /^[[:space:]]*$/ && scan !~ /^#[#]?[#]?[#]?[#]?[#]?([[:space:]]|$)/ && !table)
        if (line ~ /^[[:space:]]*$/ && lines[row] !~ /^[[:space:]]*$/) continue
        print line
      }
    }'
+++++ fm_brief_heading_parse - '## Tier' body
+++++ local file=- 'heading=## Tier' mode=body input=-
+++++ '[' - = - ']'
+++++ input=/dev/stdin
+++++ awk -v 'heading=## Tier' -v mode=body '
    BEGIN {
      target_level = 0
      while (substr(heading, target_level + 1, 1) == "#") target_level++
    }
    {
      line = $0
      scan = line
      spaces = 0
      while (spaces < 3 && substr(scan, 1, 1) == " ") {
        scan = substr(scan, 2)
        spaces++
      }
      marker = substr(scan, 1, 1)
      marker_len = 0
      if (marker == "`" || marker == "~") {
        while (substr(scan, marker_len + 1, 1) == marker) marker_len++
      }
      is_fence = marker_len >= 3
      was_fenced = fenced

      if (is_fence) {
        rest = substr(scan, marker_len + 1)
        if (!fenced) {
          fenced = 1
          fence_marker = marker
          fence_len = marker_len
        } else if (marker == fence_marker && marker_len >= fence_len && rest ~ /^[[:space:]]*$/) {
          fenced = 0
        }
      }

      if (!found && !was_fenced && line == heading) {
        found = 1
        if (mode == "present") next
        grab = 1
        next
      }
      if (mode == "present" || !grab) next
      if (is_fence || was_fenced) {
        print line
        next
      }

      level = 0
      while (substr(scan, level + 1, 1) == "#") level++
      if (level > 0 && level <= target_level && substr(scan, level + 1, 1) ~ /^[[:space:]]?$/) exit
      print line
    }
    END {
      if (mode == "present" && !found) exit 1
    }
  ' /dev/stdin
++++ answer=yes
++++ case "$answer" in
++++ printf '%s\n' yes
+++ q1=yes
++++ fm_prep_answer /tmp/fm-task-delivery.r4jQpX/commented-surgical-direct-PR-malformed/home/data/commented-surgical-direct-PR-malformed/prep.md Q2
++++ local file=/tmp/fm-task-delivery.r4jQpX/commented-surgical-direct-PR-malformed/home/data/commented-surgical-direct-PR-malformed/prep.md question=Q2 answer
+++++ fm_prep_labelled /tmp/fm-task-delivery.r4jQpX/commented-surgical-direct-PR-malformed/home/data/commented-surgical-direct-PR-malformed/prep.md '## Tier' Q2
+++++ awk -v q=Q2 'index($0, "- " q " ") == 1 { print substr($0, length(q) + 4) }'
+++++ '[' '## Tier' = '## Tier' ']'
+++++ fm_prep_tier_read /tmp/fm-task-delivery.r4jQpX/commented-surgical-direct-PR-malformed/home/data/commented-surgical-direct-PR-malformed/prep.md
+++++ local file=/tmp/fm-task-delivery.r4jQpX/commented-surgical-direct-PR-malformed/home/data/commented-surgical-direct-PR-malformed/prep.md mode=body
+++++ '[' -f /tmp/fm-task-delivery.r4jQpX/commented-surgical-direct-PR-malformed/home/data/commented-surgical-direct-PR-malformed/prep.md ']'
+++++ '[' -r /tmp/fm-task-delivery.r4jQpX/commented-surgical-direct-PR-malformed/home/data/commented-surgical-direct-PR-malformed/prep.md ']'
+++++ tr '[:upper:]' '[:lower:]'
+++++ tr -d '[:space:].'
+++++ awk -F: 'NF > 1 && !done { print $NF; done = 1 }'
+++++ fm_brief_heading_parse - '## Tier' body
+++++ local file=- 'heading=## Tier' mode=body input=-
+++++ '[' - = - ']'
+++++ input=/dev/stdin
+++++ awk -v 'heading=## Tier' -v mode=body '
    BEGIN {
      target_level = 0
      while (substr(heading, target_level + 1, 1) == "#") target_level++
    }
    {
      line = $0
      scan = line
      spaces = 0
      while (spaces < 3 && substr(scan, 1, 1) == " ") {
        scan = substr(scan, 2)
        spaces++
      }
      marker = substr(scan, 1, 1)
      marker_len = 0
      if (marker == "`" || marker == "~") {
        while (substr(scan, marker_len + 1, 1) == marker) marker_len++
      }
      is_fence = marker_len >= 3
      was_fenced = fenced

      if (is_fence) {
        rest = substr(scan, marker_len + 1)
        if (!fenced) {
          fenced = 1
          fence_marker = marker
          fence_len = marker_len
        } else if (marker == fence_marker && marker_len >= fence_len && rest ~ /^[[:space:]]*$/) {
          fenced = 0
        }
      }

      if (!found && !was_fenced && line == heading) {
        found = 1
        if (mode == "present") next
        grab = 1
        next
      }
      if (mode == "present" || !grab) next
      if (is_fence || was_fenced) {
        print line
        next
      }

      level = 0
      while (substr(scan, level + 1, 1) == "#") level++
      if (level > 0 && level <= target_level && substr(scan, level + 1, 1) ~ /^[[:space:]]?$/) exit
      print line
    }
    END {
      if (mode == "present" && !found) exit 1
    }
  ' /dev/stdin
+++++ fm_prep_body_text
+++++ awk -v keep_fences=no '
    function table_start(row, header, delimiter, cells, count, i, cell) {
      if (row >= NR) return 0
      header=lines[row]; delimiter=lines[row+1]
      sub(/^ ? ? ?/, "", header); sub(/^ ? ? ?/, "", delimiter)
      if (header ~ /^[[:space:]]/ || delimiter ~ /^[[:space:]]/) return 0
      gsub(/\\\|/, "", header)
      if (header !~ /\|/) return 0
      sub(/[[:space:]]+$/, "", header); sub(/[[:space:]]+$/, "", delimiter)
      sub(/^\|/, "", header); sub(/\|$/, "", header)
      sub(/^\|/, "", delimiter); sub(/\|$/, "", delimiter)
      count=split(header,cells,"|")
      if (!count || split(delimiter,cells,"|") != count) return 0
      for (i=1; i<=count; i++) {
        cell=cells[i]; gsub(/^[[:space:]]+|[[:space:]]+$/, "", cell)
        if (cell !~ /^:?-+:?$/) return 0
      }
      return 1
    }
    function closing_tick(s, size, row, probe, list_number) {
      while (1) {
        while (match(s, /`+/)) {
          if (RLENGTH == size) return 1
          s=substr(s,RSTART+RLENGTH)
        }
        if (++row > NR || lines[row] ~ /^[[:space:]]*$/) return 0
        s=lines[row]
        probe=s; sub(/^ ? ? ?/, "", probe)
        list_number=probe; sub(/[.)].*$/, "", list_number)
        if (probe ~ /^[0-9]+[.)][[:space:]]+[^[:space:]]/ && length(list_number) <= 9 && list_number+0 == 1) return 0
        if (table_start(row) || probe ~ /^```|^~~~|^#[#]?[#]?[#]?[#]?[#]?([[:space:]]|$)|^[-+*][[:space:]]+[^[:space:]]|^<!--/) return 0
      }
    }
    function uncomment(s, row, out, end, size) {
      out=""
      while (length(s)) {
        if (comment) {
          end=index(s,"-->"); if (!end) return out
          s=substr(s,end+3); comment=0
        } else if (inline_size) {
          if (!match(s,/`+/)) return out s
          size=RLENGTH
          out=out substr(s,1,RSTART+size-1)
          s=substr(s,RSTART+size)
          if (size == inline_size) inline_size=0
        } else if (substr(s,1,4) == "<!--") {
          comment=1; s=substr(s,5)
        } else if (substr(s,1,2) == "\\`" || substr(s,1,2) == "\\\\" || substr(s,1,2) == "\\<") {
          out=out substr(s,1,2); s=substr(s,3)
        } else if (substr(s,1,1) == "`") {
          match(s,/^`+/); size=RLENGTH
          out=out substr(s,1,size); s=substr(s,size+1)
          if (closing_tick(s,size,row)) inline_size=size
        } else {
          out=out substr(s,1,1); s=substr(s,2)
        }
      }
      return out
    }
    { lines[NR]=$0 }
    END {
      for (row=1; row<=NR; row++) {
        line=lines[row]
        if (!fenced && !comment && !inline_size) {
          if (line ~ /^[[:space:]]*$/) {
            paragraph=0; table=0
            print line
            continue
          }
          if (line ~ /^(    | ? ? ?\t)/ && (indented || !paragraph)) {
            indented=1; table=0
            if (keep_fences == "yes") print line
            continue
          }
          indented=0
        }
        scan=line
        spaces=0
        while (spaces < 3 && substr(scan,1,1) == " ") { scan=substr(scan,2); spaces++ }
        marker=substr(scan,1,1)
        marker_len=0
        if (marker == "`" || marker == "~") {
          while (substr(scan,marker_len+1,1) == marker) marker_len++
        }
        if (marker_len >= 3 && !comment && !inline_size) {
          paragraph=0; table=0
          rest=substr(scan,marker_len+1)
          if (!fenced) {
            fenced=1; fence_marker=marker; fence_len=marker_len
          } else if (marker == fence_marker && marker_len >= fence_len && rest ~ /^[[:space:]]*$/) {
            fenced=0
          }
          if (keep_fences == "yes") print line
          continue
        }
        if (fenced) {
          if (keep_fences == "yes") print line
          continue
        }
        line=uncomment(line,row)
        scan=line; sub(/^ ? ? ?/, "", scan)
        table=table_start(row) || (table && scan ~ /\|/)
        paragraph=(line !~ /^[[:space:]]*$/ && scan !~ /^#[#]?[#]?[#]?[#]?[#]?([[:space:]]|$)/ && !table)
        if (line ~ /^[[:space:]]*$/ && lines[row] !~ /^[[:space:]]*$/) continue
        print line
      }
    }'
++++ answer=no
++++ case "$answer" in
++++ printf '%s\n' no
+++ q2=no
++++ fm_prep_ui_wiring /tmp/fm-task-delivery.r4jQpX/commented-surgical-direct-PR-malformed/home/data/commented-surgical-direct-PR-malformed/prep.md
++++ local file=/tmp/fm-task-delivery.r4jQpX/commented-surgical-direct-PR-malformed/home/data/commented-surgical-direct-PR-malformed/prep.md line verdict reason
+++++ fm_prep_ui_wiring_line /tmp/fm-task-delivery.r4jQpX/commented-surgical-direct-PR-malformed/home/data/commented-surgical-direct-PR-malformed/prep.md
+++++ awk '
    index($0, "- UI wiring:") == 1 { print substr($0, length("- UI wiring:") + 1); exit }
  '
+++++ fm_prep_tier_read /tmp/fm-task-delivery.r4jQpX/commented-surgical-direct-PR-malformed/home/data/commented-surgical-direct-PR-malformed/prep.md
+++++ local file=/tmp/fm-task-delivery.r4jQpX/commented-surgical-direct-PR-malformed/home/data/commented-surgical-direct-PR-malformed/prep.md mode=body
+++++ '[' -f /tmp/fm-task-delivery.r4jQpX/commented-surgical-direct-PR-malformed/home/data/commented-surgical-direct-PR-malformed/prep.md ']'
+++++ '[' -r /tmp/fm-task-delivery.r4jQpX/commented-surgical-direct-PR-malformed/home/data/commented-surgical-direct-PR-malformed/prep.md ']'
+++++ fm_prep_body_text
+++++ awk -v keep_fences=no '
    function table_start(row, header, delimiter, cells, count, i, cell) {
      if (row >= NR) return 0
      header=lines[row]; delimiter=lines[row+1]
      sub(/^ ? ? ?/, "", header); sub(/^ ? ? ?/, "", delimiter)
      if (header ~ /^[[:space:]]/ || delimiter ~ /^[[:space:]]/) return 0
      gsub(/\\\|/, "", header)
      if (header !~ /\|/) return 0
      sub(/[[:space:]]+$/, "", header); sub(/[[:space:]]+$/, "", delimiter)
      sub(/^\|/, "", header); sub(/\|$/, "", header)
      sub(/^\|/, "", delimiter); sub(/\|$/, "", delimiter)
      count=split(header,cells,"|")
      if (!count || split(delimiter,cells,"|") != count) return 0
      for (i=1; i<=count; i++) {
        cell=cells[i]; gsub(/^[[:space:]]+|[[:space:]]+$/, "", cell)
        if (cell !~ /^:?-+:?$/) return 0
      }
      return 1
    }
    function closing_tick(s, size, row, probe, list_number) {
      while (1) {
        while (match(s, /`+/)) {
          if (RLENGTH == size) return 1
          s=substr(s,RSTART+RLENGTH)
        }
        if (++row > NR || lines[row] ~ /^[[:space:]]*$/) return 0
        s=lines[row]
        probe=s; sub(/^ ? ? ?/, "", probe)
        list_number=probe; sub(/[.)].*$/, "", list_number)
        if (probe ~ /^[0-9]+[.)][[:space:]]+[^[:space:]]/ && length(list_number) <= 9 && list_number+0 == 1) return 0
        if (table_start(row) || probe ~ /^```|^~~~|^#[#]?[#]?[#]?[#]?[#]?([[:space:]]|$)|^[-+*][[:space:]]+[^[:space:]]|^<!--/) return 0
      }
    }
    function uncomment(s, row, out, end, size) {
      out=""
      while (length(s)) {
        if (comment) {
          end=index(s,"-->"); if (!end) return out
          s=substr(s,end+3); comment=0
        } else if (inline_size) {
          if (!match(s,/`+/)) return out s
          size=RLENGTH
          out=out substr(s,1,RSTART+size-1)
          s=substr(s,RSTART+size)
          if (size == inline_size) inline_size=0
        } else if (substr(s,1,4) == "<!--") {
          comment=1; s=substr(s,5)
        } else if (substr(s,1,2) == "\\`" || substr(s,1,2) == "\\\\" || substr(s,1,2) == "\\<") {
          out=out substr(s,1,2); s=substr(s,3)
        } else if (substr(s,1,1) == "`") {
          match(s,/^`+/); size=RLENGTH
          out=out substr(s,1,size); s=substr(s,size+1)
          if (closing_tick(s,size,row)) inline_size=size
        } else {
          out=out substr(s,1,1); s=substr(s,2)
        }
      }
      return out
    }
    { lines[NR]=$0 }
    END {
      for (row=1; row<=NR; row++) {
        line=lines[row]
        if (!fenced && !comment && !inline_size) {
          if (line ~ /^[[:space:]]*$/) {
            paragraph=0; table=0
            print line
            continue
          }
          if (line ~ /^(    | ? ? ?\t)/ && (indented || !paragraph)) {
            indented=1; table=0
            if (keep_fences == "yes") print line
            continue
          }
          indented=0
        }
        scan=line
        spaces=0
        while (spaces < 3 && substr(scan,1,1) == " ") { scan=substr(scan,2); spaces++ }
        marker=substr(scan,1,1)
        marker_len=0
        if (marker == "`" || marker == "~") {
          while (substr(scan,marker_len+1,1) == marker) marker_len++
        }
        if (marker_len >= 3 && !comment && !inline_size) {
          paragraph=0; table=0
          rest=substr(scan,marker_len+1)
          if (!fenced) {
            fenced=1; fence_marker=marker; fence_len=marker_len
          } else if (marker == fence_marker && marker_len >= fence_len && rest ~ /^[[:space:]]*$/) {
            fenced=0
          }
          if (keep_fences == "yes") print line
          continue
        }
        if (fenced) {
          if (keep_fences == "yes") print line
          continue
        }
        line=uncomment(line,row)
        scan=line; sub(/^ ? ? ?/, "", scan)
        table=table_start(row) || (table && scan ~ /\|/)
        paragraph=(line !~ /^[[:space:]]*$/ && scan !~ /^#[#]?[#]?[#]?[#]?[#]?([[:space:]]|$)/ && !table)
        if (line ~ /^[[:space:]]*$/ && lines[row] !~ /^[[:space:]]*$/) continue
        print line
      }
    }'
+++++ fm_brief_heading_parse - '## Tier' body
+++++ local file=- 'heading=## Tier' mode=body input=-
+++++ '[' - = - ']'
+++++ input=/dev/stdin
+++++ awk -v 'heading=## Tier' -v mode=body '
    BEGIN {
      target_level = 0
      while (substr(heading, target_level + 1, 1) == "#") target_level++
    }
    {
      line = $0
      scan = line
      spaces = 0
      while (spaces < 3 && substr(scan, 1, 1) == " ") {
        scan = substr(scan, 2)
        spaces++
      }
      marker = substr(scan, 1, 1)
      marker_len = 0
      if (marker == "`" || marker == "~") {
        while (substr(scan, marker_len + 1, 1) == marker) marker_len++
      }
      is_fence = marker_len >= 3
      was_fenced = fenced

      if (is_fence) {
        rest = substr(scan, marker_len + 1)
        if (!fenced) {
          fenced = 1
          fence_marker = marker
          fence_len = marker_len
        } else if (marker == fence_marker && marker_len >= fence_len && rest ~ /^[[:space:]]*$/) {
          fenced = 0
        }
      }

      if (!found && !was_fenced && line == heading) {
        found = 1
        if (mode == "present") next
        grab = 1
        next
      }
      if (mode == "present" || !grab) next
      if (is_fence || was_fenced) {
        print line
        next
      }

      level = 0
      while (substr(scan, level + 1, 1) == "#") level++
      if (level > 0 && level <= target_level && substr(scan, level + 1, 1) ~ /^[[:space:]]?$/) exit
      print line
    }
    END {
      if (mode == "present" && !found) exit 1
    }
  ' /dev/stdin
++++ line=' no, confined CLI output.'
+++++ sed 's/,.*//'
+++++ printf %s ' no, confined CLI output.'
+++++ tr -d '[:space:].'
+++++ tr '[:upper:]' '[:lower:]'
++++ verdict=no
+++++ printf %s ' no, confined CLI output.'
+++++ sed 's/^[^,]*,*//'
+++++ tr -d '[:space:].'
++++ reason=confinedCLIoutput
++++ case "$verdict" in
++++ '[' -n confinedCLIoutput ']'
++++ printf '%s\n' no
+++ ui=no
+++ '[' -z yes ']'
+++ '[' -z no ']'
+++ '[' -z no ']'
+++ '[' no = yes ']'
+++ '[' yes = yes ']'
+++ printf '2\n'
++ tier=2
++ '[' -z 2 ']'
++ fm_prep_delivery_mode /tmp/fm-task-delivery.r4jQpX/commented-surgical-direct-PR-malformed/home/data/commented-surgical-direct-PR-malformed/prep.md
++ cp /tmp/fm-task-delivery.r4jQpX/commented-surgical-direct-PR-malformed/home/data/commented-surgical-direct-PR-malformed/prep.md /home/zcrew/.no-mistakes/evidence/01M45JNGXNRJ522PPBNYHJF1VA/restored-context-surgical-direct-PR.input.md
++ review_original_delivery_mode /tmp/fm-task-delivery.r4jQpX/commented-surgical-direct-PR-malformed/home/data/commented-surgical-direct-PR-malformed/prep.md
++ local value reason mode
+++ fm_prep_tier_read /tmp/fm-task-delivery.r4jQpX/commented-surgical-direct-PR-malformed/home/data/commented-surgical-direct-PR-malformed/prep.md
+++ local file=/tmp/fm-task-delivery.r4jQpX/commented-surgical-direct-PR-malformed/home/data/commented-surgical-direct-PR-malformed/prep.md mode=body
+++ '[' -f /tmp/fm-task-delivery.r4jQpX/commented-surgical-direct-PR-malformed/home/data/commented-surgical-direct-PR-malformed/prep.md ']'
+++ '[' -r /tmp/fm-task-delivery.r4jQpX/commented-surgical-direct-PR-malformed/home/data/commented-surgical-direct-PR-malformed/prep.md ']'
+++ awk '
    /^- Delivery depth:/ { seen++; value=substr($0,19) }
    END { if (seen == 1) print value }
  '
+++ fm_prep_body_text
+++ awk -v keep_fences=no '
    function table_start(row, header, delimiter, cells, count, i, cell) {
      if (row >= NR) return 0
      header=lines[row]; delimiter=lines[row+1]
      sub(/^ ? ? ?/, "", header); sub(/^ ? ? ?/, "", delimiter)
      if (header ~ /^[[:space:]]/ || delimiter ~ /^[[:space:]]/) return 0
      gsub(/\\\|/, "", header)
      if (header !~ /\|/) return 0
      sub(/[[:space:]]+$/, "", header); sub(/[[:space:]]+$/, "", delimiter)
      sub(/^\|/, "", header); sub(/\|$/, "", header)
      sub(/^\|/, "", delimiter); sub(/\|$/, "", delimiter)
      count=split(header,cells,"|")
      if (!count || split(delimiter,cells,"|") != count) return 0
      for (i=1; i<=count; i++) {
        cell=cells[i]; gsub(/^[[:space:]]+|[[:space:]]+$/, "", cell)
        if (cell !~ /^:?-+:?$/) return 0
      }
      return 1
    }
    function closing_tick(s, size, row, probe, list_number) {
      while (1) {
        while (match(s, /`+/)) {
          if (RLENGTH == size) return 1
          s=substr(s,RSTART+RLENGTH)
        }
        if (++row > NR || lines[row] ~ /^[[:space:]]*$/) return 0
        s=lines[row]
        probe=s; sub(/^ ? ? ?/, "", probe)
        list_number=probe; sub(/[.)].*$/, "", list_number)
        if (probe ~ /^[0-9]+[.)][[:space:]]+[^[:space:]]/ && length(list_number) <= 9 && list_number+0 == 1) return 0
        if (table_start(row) || probe ~ /^```|^~~~|^#[#]?[#]?[#]?[#]?[#]?([[:space:]]|$)|^[-+*][[:space:]]+[^[:space:]]|^<!--/) return 0
      }
    }
    function uncomment(s, row, out, end, size) {
      out=""
      while (length(s)) {
        if (comment) {
          end=index(s,"-->"); if (!end) return out
          s=substr(s,end+3); comment=0
        } else if (inline_size) {
          if (!match(s,/`+/)) return out s
          size=RLENGTH
          out=out substr(s,1,RSTART+size-1)
          s=substr(s,RSTART+size)
          if (size == inline_size) inline_size=0
        } else if (substr(s,1,4) == "<!--") {
          comment=1; s=substr(s,5)
        } else if (substr(s,1,2) == "\\`" || substr(s,1,2) == "\\\\" || substr(s,1,2) == "\\<") {
          out=out substr(s,1,2); s=substr(s,3)
        } else if (substr(s,1,1) == "`") {
          match(s,/^`+/); size=RLENGTH
          out=out substr(s,1,size); s=substr(s,size+1)
          if (closing_tick(s,size,row)) inline_size=size
        } else {
          out=out substr(s,1,1); s=substr(s,2)
        }
      }
      return out
    }
    { lines[NR]=$0 }
    END {
      for (row=1; row<=NR; row++) {
        line=lines[row]
        if (!fenced && !comment && !inline_size) {
          if (line ~ /^[[:space:]]*$/) {
            paragraph=0; table=0
            print line
            continue
          }
          if (line ~ /^(    | ? ? ?\t)/ && (indented || !paragraph)) {
            indented=1; table=0
            if (keep_fences == "yes") print line
            continue
          }
          indented=0
        }
        scan=line
        spaces=0
        while (spaces < 3 && substr(scan,1,1) == " ") { scan=substr(scan,2); spaces++ }
        marker=substr(scan,1,1)
        marker_len=0
        if (marker == "`" || marker == "~") {
          while (substr(scan,marker_len+1,1) == marker) marker_len++
        }
        if (marker_len >= 3 && !comment && !inline_size) {
          paragraph=0; table=0
          rest=substr(scan,marker_len+1)
          if (!fenced) {
            fenced=1; fence_marker=marker; fence_len=marker_len
          } else if (marker == fence_marker && marker_len >= fence_len && rest ~ /^[[:space:]]*$/) {
            fenced=0
          }
          if (keep_fences == "yes") print line
          continue
        }
        if (fenced) {
          if (keep_fences == "yes") print line
          continue
        }
        line=uncomment(line,row)
        scan=line; sub(/^ ? ? ?/, "", scan)
        table=table_start(row) || (table && scan ~ /\|/)
        paragraph=(line !~ /^[[:space:]]*$/ && scan !~ /^#[#]?[#]?[#]?[#]?[#]?([[:space:]]|$)/ && !table)
        if (line ~ /^[[:space:]]*$/ && lines[row] !~ /^[[:space:]]*$/) continue
        print line
      }
    }'
+++ fm_brief_heading_parse - '## Tier' body
+++ local file=- 'heading=## Tier' mode=body input=-
+++ '[' - = - ']'
+++ input=/dev/stdin
+++ awk -v 'heading=## Tier' -v mode=body '
    BEGIN {
      target_level = 0
      while (substr(heading, target_level + 1, 1) == "#") target_level++
    }
    {
      line = $0
      scan = line
      spaces = 0
      while (spaces < 3 && substr(scan, 1, 1) == " ") {
        scan = substr(scan, 2)
        spaces++
      }
      marker = substr(scan, 1, 1)
      marker_len = 0
      if (marker == "`" || marker == "~") {
        while (substr(scan, marker_len + 1, 1) == marker) marker_len++
      }
      is_fence = marker_len >= 3
      was_fenced = fenced

      if (is_fence) {
        rest = substr(scan, marker_len + 1)
        if (!fenced) {
          fenced = 1
          fence_marker = marker
          fence_len = marker_len
        } else if (marker == fence_marker && marker_len >= fence_len && rest ~ /^[[:space:]]*$/) {
          fenced = 0
        }
      }

      if (!found && !was_fenced && line == heading) {
        found = 1
        if (mode == "present") next
        grab = 1
        next
      }
      if (mode == "present" || !grab) next
      if (is_fence || was_fenced) {
        print line
        next
      }

      level = 0
      while (substr(scan, level + 1, 1) == "#") level++
      if (level > 0 && level <= target_level && substr(scan, level + 1, 1) ~ /^[[:space:]]?$/) exit
      print line
    }
    END {
      if (mode == "present" && !found) exit 1
    }
  ' /dev/stdin
++ value='unknown, live invalid choice.'
++ case "$value" in
++ return 1
++ printf 'its %s requires one canonical Delivery depth choice and a substantive same-line reason in %s\n' '## Tier' /tmp/fm-task-delivery.r4jQpX/commented-surgical-direct-PR-malformed/home/data/commented-surgical-direct-PR-malformed/prep.md
++ return 0
+ reason='its ## Tier requires one canonical Delivery depth choice and a substantive same-line reason in /tmp/fm-task-delivery.r4jQpX/commented-surgical-direct-PR-malformed/home/data/commented-surgical-direct-PR-malformed/prep.md'
+ status=0
+ '[' 0 -eq 0 ']'
+ assert_contains 'its ## Tier requires one canonical Delivery depth choice and a substantive same-line reason in /tmp/fm-task-delivery.r4jQpX/commented-surgical-direct-PR-malformed/home/data/commented-surgical-direct-PR-malformed/prep.md' 'Delivery depth' 'surgical malformed live depth refusal unnamed'
+ case "$1" in
+ :
+ pass 'surgical commented no-mistakes/live direct-PR: malformed'
+ printf 'ok - %s\n' 'surgical commented no-mistakes/live direct-PR: malformed'
+ for check in "${@:3}"
+ id=commented-surgical-direct-PR-mismatch
++ make_home commented-surgical-direct-PR-mismatch
++ local name=commented-surgical-direct-PR-mismatch home projects fakebin
++ shift
++ home=/tmp/fm-task-delivery.r4jQpX/commented-surgical-direct-PR-mismatch/home
++ projects=/tmp/fm-task-delivery.r4jQpX/commented-surgical-direct-PR-mismatch/projects
++ fakebin=/tmp/fm-task-delivery.r4jQpX/commented-surgical-direct-PR-mismatch/bin
++ mkdir -p /tmp/fm-task-delivery.r4jQpX/commented-surgical-direct-PR-mismatch/home/data /tmp/fm-task-delivery.r4jQpX/commented-surgical-direct-PR-mismatch/home/state /tmp/fm-task-delivery.r4jQpX/commented-surgical-direct-PR-mismatch/home/config /tmp/fm-task-delivery.r4jQpX/commented-surgical-direct-PR-mismatch/projects/proj /tmp/fm-task-delivery.r4jQpX/commented-surgical-direct-PR-mismatch/bin
++ git -C /tmp/fm-task-delivery.r4jQpX/commented-surgical-direct-PR-mismatch/projects/proj init -q
++ printf '#!/bin/sh\nprintf "%%s\\n" "$*" >> "%s/tmux.calls"\nexit 1\n' /tmp/fm-task-delivery.r4jQpX/commented-surgical-direct-PR-mismatch/bin
++ printf '#!/bin/sh\nprintf "%%s\\n" "$*" >> "%s/treehouse.calls"\nexit 1\n' /tmp/fm-task-delivery.r4jQpX/commented-surgical-direct-PR-mismatch/bin
++ chmod +x /tmp/fm-task-delivery.r4jQpX/commented-surgical-direct-PR-mismatch/bin/treehouse
++ chmod +x /tmp/fm-task-delivery.r4jQpX/commented-surgical-direct-PR-mismatch/bin/tmux
++ '[' 0 -gt 0 ']'
++ printf '%s\n' '/tmp/fm-task-delivery.r4jQpX/commented-surgical-direct-PR-mismatch/home|/tmp/fm-task-delivery.r4jQpX/commented-surgical-direct-PR-mismatch/projects/proj|/tmp/fm-task-delivery.r4jQpX/commented-surgical-direct-PR-mismatch/bin'
+ rec='/tmp/fm-task-delivery.r4jQpX/commented-surgical-direct-PR-mismatch/home|/tmp/fm-task-delivery.r4jQpX/commented-surgical-direct-PR-mismatch/projects/proj|/tmp/fm-task-delivery.r4jQpX/commented-surgical-direct-PR-mismatch/bin'
+ IFS='|'
+ read -r home proj fakebin
+ case "$declared" in
+ old_mode=no-mistakes
+ depth='checks-only (direct-PR)'
+ selected=direct-PR
+ '[' mismatch '!=' mismatch ']'
+ selected=no-mistakes
+ '[' mismatch '!=' local ']'
+ write_brief /tmp/fm-task-delivery.r4jQpX/commented-surgical-direct-PR-mismatch/home commented-surgical-direct-PR-mismatch no-mistakes
+ local home=/tmp/fm-task-delivery.r4jQpX/commented-surgical-direct-PR-mismatch/home id=commented-surgical-direct-PR-mismatch mode=no-mistakes
+ mkdir -p /tmp/fm-task-delivery.r4jQpX/commented-surgical-direct-PR-mismatch/home/data/commented-surgical-direct-PR-mismatch
+ printf 'You are a crewmate.\n\n# Task\n## Captain'\''s intent\nExercise the delivery contract.\n\n## Firstmate spec\nVerify the selected delivery behavior.\n\n# Definition of done\n'
+ '[' -z no-mistakes ']'
+ printf 'Delivery contract: mode=%s\n' no-mistakes
+ case "$mode" in
+ write_prep /tmp/fm-task-delivery.r4jQpX/commented-surgical-direct-PR-mismatch/home commented-surgical-direct-PR-mismatch no no no no-mistakes
+ fm_test_prep_record /tmp/fm-task-delivery.r4jQpX/commented-surgical-direct-PR-mismatch/home/data commented-surgical-direct-PR-mismatch no no no no-mistakes
+ local data=/tmp/fm-task-delivery.r4jQpX/commented-surgical-direct-PR-mismatch/home/data id=commented-surgical-direct-PR-mismatch q1=no q2=no ui=no depth_mode=no-mistakes root prep
+++ dirname tests/prep-record-helper.sh
++ cd tests/..
++ pwd
+ root=/home/zcrew/.no-mistakes/worktrees/5124444c5bba/01M45JNGXNRJ522PPBNYHJF1VA
+ prep=/tmp/fm-task-delivery.r4jQpX/commented-surgical-direct-PR-mismatch/home/data/commented-surgical-direct-PR-mismatch/prep.md
+ '[' '!' -e /tmp/fm-task-delivery.r4jQpX/commented-surgical-direct-PR-mismatch/home/data/commented-surgical-direct-PR-mismatch/prep.md ']'
+ mkdir -p /tmp/fm-task-delivery.r4jQpX/commented-surgical-direct-PR-mismatch/home/data/commented-surgical-direct-PR-mismatch
+ FM_HOME=/tmp/fm-task-delivery.r4jQpX/commented-surgical-direct-PR-mismatch/home/data
+ FM_DATA_OVERRIDE=/tmp/fm-task-delivery.r4jQpX/commented-surgical-direct-PR-mismatch/home/data
+ /home/zcrew/.no-mistakes/worktrees/5124444c5bba/01M45JNGXNRJ522PPBNYHJF1VA/bin/fm-brief.sh commented-surgical-direct-PR-mismatch --prep
+ sed -e 's/{Q1}/no/' -e 's/{Q2}/no/' -e 's/{UI_WIRING}/no, spawn fixture./' -e 's/^{INTENT_AND_BOXES}$/Exercise the delivery contract in an isolated fixture./' -e 's/^{[A-Z0-9_]*}$/n\/a: spawn fixture./' /tmp/fm-task-delivery.r4jQpX/commented-surgical-direct-PR-mismatch/home/data/commented-surgical-direct-PR-mismatch/prep.md
+ mv /tmp/fm-task-delivery.r4jQpX/commented-surgical-direct-PR-mismatch/home/data/commented-surgical-direct-PR-mismatch/prep.md.filled /tmp/fm-task-delivery.r4jQpX/commented-surgical-direct-PR-mismatch/home/data/commented-surgical-direct-PR-mismatch/prep.md
+ fm_test_fill_prep_common /tmp/fm-task-delivery.r4jQpX/commented-surgical-direct-PR-mismatch/home/data/commented-surgical-direct-PR-mismatch/prep.md no-mistakes
+ local prep=/tmp/fm-task-delivery.r4jQpX/commented-surgical-direct-PR-mismatch/home/data/commented-surgical-direct-PR-mismatch/prep.md depth
+ case "${2:-no-mistakes}" in
+ depth='checks + AI review (no-mistakes)'
+ awk -v 'depth=checks + AI review (no-mistakes)' '
    { gsub(/\{DELIVERY_DEPTH\}/, depth ", exercise the declared fixture delivery contract.")
      gsub(/\{CAPTAIN_RULINGS\}/, "Intent: exercise delivery admission; ruling: use an isolated fixture (test brief).")
      gsub(/\{STILL_VALID\}/, "proceed: inspected fixture base and task sources; delivery admission remains needed with no dependency.")
      gsub(/\{SIBLINGS_NAMED\}/, "Not a defect; searched fixture task records and delivery owners, none found.")
      gsub(/\{VALIDATION_ROUTE\}/, "bash bin/fm-test-run.sh tests/fm-task-delivery.test.sh; Bash fixture runtime, isolated home, baseline timing unknown; worker measures this bounded run, CI owns final regression.")
      gsub(/\{SCREEN_AND_REGION\}/, "n/a: no product screen is changed.")
      gsub(/\{RED_FIRST_PROOF\}/, "bash tests/fm-task-delivery.test.sh; remove the record; expect a preparation refusal; record observed RED before implementation.")
      gsub(/\{FIXTURE_ARITHMETIC\}/, "n/a: no calculated assertions.")
      gsub(/\{DATA_PATH_REACHABILITY\}/, "brief --prep writes data/id/prep.md; spawn reads that path; launch rendering is the fixture witness.")
      gsub(/\{SCOPE_ONLY_AS_ASKED\}/, "Exercise the requested delivery admission only; real endpoints and product changes are outside scope.")
      gsub(/\{AUTHOR_GATE_CHECK\}/, "bash -c '\'' . bin/fm-dod-lib.sh; fm_prep_unfilled_reason \"$1\" '\'' _ data/id/prep.md; run on final bytes before handoff and paste empty output and raw exit 1 (reason with exit 0 refuses).")
      gsub(/\{OUTCOME\}/, "Delivery admission")
      gsub(/\{OBSERVABLE_RESULT\}/, "Launch brief exists before the refusing backend")
      gsub(/\{WHERE_AND_HOW\}/, "bash tests/fm-task-delivery.test.sh; fixture spawn and launch-brief.md")
      gsub(/\{EXPECTED_VALUE\}/, "Brief present; no real endpoint created")
      print
    }' /tmp/fm-task-delivery.r4jQpX/commented-surgical-direct-PR-mismatch/home/data/commented-surgical-direct-PR-mismatch/prep.md
+ mv /tmp/fm-task-delivery.r4jQpX/commented-surgical-direct-PR-mismatch/home/data/commented-surgical-direct-PR-mismatch/prep.md.common /tmp/fm-task-delivery.r4jQpX/commented-surgical-direct-PR-mismatch/home/data/commented-surgical-direct-PR-mismatch/prep.md
+ '[' no = yes ']'
+ return 0
+ prep=/tmp/fm-task-delivery.r4jQpX/commented-surgical-direct-PR-mismatch/home/data/commented-surgical-direct-PR-mismatch/prep.md
+ '[' surgical = surgical ']'
+ rm /tmp/fm-task-delivery.r4jQpX/commented-surgical-direct-PR-mismatch/home/data/commented-surgical-direct-PR-mismatch/prep.md
+ FM_HOME=/tmp/fm-task-delivery.r4jQpX/commented-surgical-direct-PR-mismatch/home
+ /home/zcrew/.no-mistakes/worktrees/5124444c5bba/01M45JNGXNRJ522PPBNYHJF1VA/bin/fm-brief.sh commented-surgical-direct-PR-mismatch --prep --surgical
+ sed -E -e 's/\{Q1\}/yes/' -e 's/\{Q2\}/no/' -e 's/\{UI_WIRING\}/no, confined CLI output./' -e 's/\{Q[12]_REASON\}/Inspected confined output./' -e 's/\{C[1-5]\}/yes/' -e 's/\{C[1-5]_EVIDENCE\}/owned.sh:12; callers confined; cause reproduced; regression covers output; no sensitive paths./' /tmp/fm-task-delivery.r4jQpX/commented-surgical-direct-PR-mismatch/home/data/commented-surgical-direct-PR-mismatch/prep.md
+ mv /tmp/fm-task-delivery.r4jQpX/commented-surgical-direct-PR-mismatch/home/data/commented-surgical-direct-PR-mismatch/prep.md.f /tmp/fm-task-delivery.r4jQpX/commented-surgical-direct-PR-mismatch/home/data/commented-surgical-direct-PR-mismatch/prep.md
+ fm_test_fill_prep_common /tmp/fm-task-delivery.r4jQpX/commented-surgical-direct-PR-mismatch/home/data/commented-surgical-direct-PR-mismatch/prep.md direct-PR
+ local prep=/tmp/fm-task-delivery.r4jQpX/commented-surgical-direct-PR-mismatch/home/data/commented-surgical-direct-PR-mismatch/prep.md depth
+ case "${2:-no-mistakes}" in
+ depth='checks-only (direct-PR)'
+ awk -v 'depth=checks-only (direct-PR)' '
    { gsub(/\{DELIVERY_DEPTH\}/, depth ", exercise the declared fixture delivery contract.")
      gsub(/\{CAPTAIN_RULINGS\}/, "Intent: exercise delivery admission; ruling: use an isolated fixture (test brief).")
      gsub(/\{STILL_VALID\}/, "proceed: inspected fixture base and task sources; delivery admission remains needed with no dependency.")
      gsub(/\{SIBLINGS_NAMED\}/, "Not a defect; searched fixture task records and delivery owners, none found.")
      gsub(/\{VALIDATION_ROUTE\}/, "bash bin/fm-test-run.sh tests/fm-task-delivery.test.sh; Bash fixture runtime, isolated home, baseline timing unknown; worker measures this bounded run, CI owns final regression.")
      gsub(/\{SCREEN_AND_REGION\}/, "n/a: no product screen is changed.")
      gsub(/\{RED_FIRST_PROOF\}/, "bash tests/fm-task-delivery.test.sh; remove the record; expect a preparation refusal; record observed RED before implementation.")
      gsub(/\{FIXTURE_ARITHMETIC\}/, "n/a: no calculated assertions.")
      gsub(/\{DATA_PATH_REACHABILITY\}/, "brief --prep writes data/id/prep.md; spawn reads that path; launch rendering is the fixture witness.")
      gsub(/\{SCOPE_ONLY_AS_ASKED\}/, "Exercise the requested delivery admission only; real endpoints and product changes are outside scope.")
      gsub(/\{AUTHOR_GATE_CHECK\}/, "bash -c '\'' . bin/fm-dod-lib.sh; fm_prep_unfilled_reason \"$1\" '\'' _ data/id/prep.md; run on final bytes before handoff and paste empty output and raw exit 1 (reason with exit 0 refuses).")
      gsub(/\{OUTCOME\}/, "Delivery admission")
      gsub(/\{OBSERVABLE_RESULT\}/, "Launch brief exists before the refusing backend")
      gsub(/\{WHERE_AND_HOW\}/, "bash tests/fm-task-delivery.test.sh; fixture spawn and launch-brief.md")
      gsub(/\{EXPECTED_VALUE\}/, "Brief present; no real endpoint created")
      print
    }' /tmp/fm-task-delivery.r4jQpX/commented-surgical-direct-PR-mismatch/home/data/commented-surgical-direct-PR-mismatch/prep.md
+ mv /tmp/fm-task-delivery.r4jQpX/commented-surgical-direct-PR-mismatch/home/data/commented-surgical-direct-PR-mismatch/prep.md.common /tmp/fm-task-delivery.r4jQpX/commented-surgical-direct-PR-mismatch/home/data/commented-surgical-direct-PR-mismatch/prep.md
+ fm_test_prep_depth /tmp/fm-task-delivery.r4jQpX/commented-surgical-direct-PR-mismatch/home/data/commented-surgical-direct-PR-mismatch/prep.md direct-PR
+ local prep=/tmp/fm-task-delivery.r4jQpX/commented-surgical-direct-PR-mismatch/home/data/commented-surgical-direct-PR-mismatch/prep.md depth
+ case "$2" in
+ depth='checks-only (direct-PR)'
+ awk -v 'depth=checks-only (direct-PR)' '
    /^- Delivery depth:/ { next }
    { print }
    $0 == "## Tier" { print "- Delivery depth: " depth ", exercise the declared fixture delivery contract." }
  ' /tmp/fm-task-delivery.r4jQpX/commented-surgical-direct-PR-mismatch/home/data/commented-surgical-direct-PR-mismatch/prep.md
+ mv /tmp/fm-task-delivery.r4jQpX/commented-surgical-direct-PR-mismatch/home/data/commented-surgical-direct-PR-mismatch/prep.md.depth /tmp/fm-task-delivery.r4jQpX/commented-surgical-direct-PR-mismatch/home/data/commented-surgical-direct-PR-mismatch/prep.md
+ baseline=/tmp/fm-task-delivery.r4jQpX/commented-surgical-direct-PR-mismatch/home/live.prep
+ cp /tmp/fm-task-delivery.r4jQpX/commented-surgical-direct-PR-mismatch/home/data/commented-surgical-direct-PR-mismatch/prep.md /tmp/fm-task-delivery.r4jQpX/commented-surgical-direct-PR-mismatch/home/live.prep
+ printf '<!-- Previous preparation example\n## Tier\n'
+ printf '%s\n' '- Q1 does this change alter what a user sees or can do: no' '- Q2 does this change touch a shared module or a contract: no' '- UI wiring: no, old isolated example.'
+ '[' no-mistakes = direct-PR ']'
+ printf '%s\n' '- Delivery depth: checks + AI review (no-mistakes), old shared example.'
+ printf '\n-->\n'
+ case "$check" in
+ cat /tmp/fm-task-delivery.r4jQpX/commented-surgical-direct-PR-mismatch/home/live.prep
+ case "$check" in
++ run_spawn /tmp/fm-task-delivery.r4jQpX/commented-surgical-direct-PR-mismatch/home /tmp/fm-task-delivery.r4jQpX/commented-surgical-direct-PR-mismatch/bin commented-surgical-direct-PR-mismatch /tmp/fm-task-delivery.r4jQpX/commented-surgical-direct-PR-mismatch/projects/proj claude --mode no-mistakes --yolo off
++ local result code item
++ cp /tmp/fm-task-delivery.r4jQpX/commented-surgical-direct-PR-mismatch/home/data/commented-surgical-direct-PR-mismatch/prep.md /home/zcrew/.no-mistakes/evidence/01M45JNGXNRJ522PPBNYHJF1VA/restored-context-surgical-direct-PR.input.md
+++ review_original_run_spawn /tmp/fm-task-delivery.r4jQpX/commented-surgical-direct-PR-mismatch/home /tmp/fm-task-delivery.r4jQpX/commented-surgical-direct-PR-mismatch/bin commented-surgical-direct-PR-mismatch /tmp/fm-task-delivery.r4jQpX/commented-surgical-direct-PR-mismatch/projects/proj claude --mode no-mistakes --yolo off
+++ local home=/tmp/fm-task-delivery.r4jQpX/commented-surgical-direct-PR-mismatch/home fakebin=/tmp/fm-task-delivery.r4jQpX/commented-surgical-direct-PR-mismatch/bin
+++ shift 2
+++ FM_ROOT_OVERRIDE=
+++ FM_HOME=/tmp/fm-task-delivery.r4jQpX/commented-surgical-direct-PR-mismatch/home
+++ FM_STATE_OVERRIDE=/tmp/fm-task-delivery.r4jQpX/commented-surgical-direct-PR-mismatch/home/state
+++ FM_DATA_OVERRIDE=/tmp/fm-task-delivery.r4jQpX/commented-surgical-direct-PR-mismatch/home/data
+++ FM_PROJECTS_OVERRIDE=/tmp/fm-task-delivery.r4jQpX/projects-unused
+++ FM_CONFIG_OVERRIDE=/tmp/fm-task-delivery.r4jQpX/commented-surgical-direct-PR-mismatch/home/config
+++ FM_SPAWN_NO_GUARD=1
+++ FM_BACKEND=tmux
+++ PATH=/tmp/fm-task-delivery.r4jQpX/commented-surgical-direct-PR-mismatch/bin:/home/zcrew/.npm-global/lib/node_modules/@openai/codex/node_modules/@openai/codex-linux-x64/vendor/x86_64-unknown-linux-musl/codex-path:/home/zcrew/.local/bin:/home/zcrew/.npm-global/bin:/usr/local/bin:/home/zcrew/.local/bin:/home/zcrew/.npm-global/bin:/home/zcrew/.local/bin:/home/zcrew/.local/bin:/home/zcrew/.npm-global/bin:/usr/local/bin:/home/zcrew/.codex/tmp/arg0/codex-arg0WBi1TG:/home/zcrew/.npm-global/lib/node_modules/@openai/codex/node_modules/@openai/codex-linux-x64/vendor/x86_64-unknown-linux-musl/codex-path:/home/zcrew/.local/bin:/home/zcrew/.npm-global/bin:/home/zcrew/.local/bin:/home/zcrew/.local/bin:/home/zcrew/.npm-global/bin:/usr/local/bin:/home/zcrew/.local/bin:/home/zcrew/go/bin:/home/zcrew/.cargo/bin:/home/zcrew/bin:/opt/homebrew/bin:/opt/homebrew/sbin:/usr/local/bin:/usr/local/sbin:/usr/bin:/bin:/usr/sbin:/sbin:/snap/bin
+++ /home/zcrew/.no-mistakes/worktrees/5124444c5bba/01M45JNGXNRJ522PPBNYHJF1VA/bin/fm-spawn.sh commented-surgical-direct-PR-mismatch /tmp/fm-task-delivery.r4jQpX/commented-surgical-direct-PR-mismatch/projects/proj claude --mode no-mistakes --yolo off
++ result='error: task commented-surgical-direct-PR-mismatch selected --mode no-mistakes but declared Delivery depth: checks-only (direct-PR); reconcile the flag and preparation before spawn'
++ code=1
++ for item in "$1/data/$3/launch-brief.md" "$1/state/$3.meta" "$2/tmux.calls" "$2/treehouse.calls"
++ '[' -f /tmp/fm-task-delivery.r4jQpX/commented-surgical-direct-PR-mismatch/home/data/commented-surgical-direct-PR-mismatch/launch-brief.md ']'
++ for item in "$1/data/$3/launch-brief.md" "$1/state/$3.meta" "$2/tmux.calls" "$2/treehouse.calls"
++ '[' -f /tmp/fm-task-delivery.r4jQpX/commented-surgical-direct-PR-mismatch/home/state/commented-surgical-direct-PR-mismatch.meta ']'
++ for item in "$1/data/$3/launch-brief.md" "$1/state/$3.meta" "$2/tmux.calls" "$2/treehouse.calls"
++ '[' -f /tmp/fm-task-delivery.r4jQpX/commented-surgical-direct-PR-mismatch/bin/tmux.calls ']'
++ for item in "$1/data/$3/launch-brief.md" "$1/state/$3.meta" "$2/tmux.calls" "$2/treehouse.calls"
++ '[' -f /tmp/fm-task-delivery.r4jQpX/commented-surgical-direct-PR-mismatch/bin/treehouse.calls ']'
++ find /tmp/fm-task-delivery.r4jQpX/commented-surgical-direct-PR-mismatch/home/state -name '*lock*'
++ printf '%s\n' 'error: task commented-surgical-direct-PR-mismatch selected --mode no-mistakes but declared Delivery depth: checks-only (direct-PR); reconcile the flag and preparation before spawn'
++ return 1
+ out='error: task commented-surgical-direct-PR-mismatch selected --mode no-mistakes but declared Delivery depth: checks-only (direct-PR); reconcile the flag and preparation before spawn'
+ status=1
+ '[' 1 -ne 0 ']'
+ '[' mismatch = mismatch ']'
+ assert_contains 'error: task commented-surgical-direct-PR-mismatch selected --mode no-mistakes but declared Delivery depth: checks-only (direct-PR); reconcile the flag and preparation before spawn' '--mode no-mistakes' 'surgical contradiction lost selected mode'
+ case "$1" in
+ :
+ assert_contains 'error: task commented-surgical-direct-PR-mismatch selected --mode no-mistakes but declared Delivery depth: checks-only (direct-PR); reconcile the flag and preparation before spawn' 'checks-only (direct-PR)' 'surgical contradiction lost LIVE depth'
+ case "$1" in
+ :
+ assert_contains 'error: task commented-surgical-direct-PR-mismatch selected --mode no-mistakes but declared Delivery depth: checks-only (direct-PR); reconcile the flag and preparation before spawn' commented-surgical-direct-PR-mismatch 'surgical contradiction lost task id'
+ case "$1" in
+ :
+ assert_contains 'error: task commented-surgical-direct-PR-mismatch selected --mode no-mistakes but declared Delivery depth: checks-only (direct-PR); reconcile the flag and preparation before spawn' reconcile 'surgical contradiction omitted repair'
+ case "$1" in
+ :
+ assert_absent /tmp/fm-task-delivery.r4jQpX/commented-surgical-direct-PR-mismatch/home/data/commented-surgical-direct-PR-mismatch/launch-brief.md 'surgical contradiction published brief'
+ '[' '!' -e /tmp/fm-task-delivery.r4jQpX/commented-surgical-direct-PR-mismatch/home/data/commented-surgical-direct-PR-mismatch/launch-brief.md ']'
+ assert_absent /tmp/fm-task-delivery.r4jQpX/commented-surgical-direct-PR-mismatch/home/state/commented-surgical-direct-PR-mismatch.meta 'surgical contradiction published metadata'
+ '[' '!' -e /tmp/fm-task-delivery.r4jQpX/commented-surgical-direct-PR-mismatch/home/state/commented-surgical-direct-PR-mismatch.meta ']'
+ assert_absent /tmp/fm-task-delivery.r4jQpX/commented-surgical-direct-PR-mismatch/bin/tmux.calls 'surgical contradiction reached backend'
+ '[' '!' -e /tmp/fm-task-delivery.r4jQpX/commented-surgical-direct-PR-mismatch/bin/tmux.calls ']'
+ assert_absent /tmp/fm-task-delivery.r4jQpX/commented-surgical-direct-PR-mismatch/bin/treehouse.calls 'surgical contradiction allocated worktree'
+ '[' '!' -e /tmp/fm-task-delivery.r4jQpX/commented-surgical-direct-PR-mismatch/bin/treehouse.calls ']'
++ find /tmp/fm-task-delivery.r4jQpX/commented-surgical-direct-PR-mismatch/home/state -name '*lock*'
++ wc -l
+ '[' 0 -eq 0 ']'
+ pass 'surgical commented no-mistakes/live direct-PR: mismatch'
+ printf 'ok - %s\n' 'surgical commented no-mistakes/live direct-PR: mismatch'
+ for check in "${@:3}"
+ id=commented-surgical-direct-PR-matched
++ make_home commented-surgical-direct-PR-matched
++ local name=commented-surgical-direct-PR-matched home projects fakebin
++ shift
++ home=/tmp/fm-task-delivery.r4jQpX/commented-surgical-direct-PR-matched/home
++ projects=/tmp/fm-task-delivery.r4jQpX/commented-surgical-direct-PR-matched/projects
++ fakebin=/tmp/fm-task-delivery.r4jQpX/commented-surgical-direct-PR-matched/bin
++ mkdir -p /tmp/fm-task-delivery.r4jQpX/commented-surgical-direct-PR-matched/home/data /tmp/fm-task-delivery.r4jQpX/commented-surgical-direct-PR-matched/home/state /tmp/fm-task-delivery.r4jQpX/commented-surgical-direct-PR-matched/home/config /tmp/fm-task-delivery.r4jQpX/commented-surgical-direct-PR-matched/projects/proj /tmp/fm-task-delivery.r4jQpX/commented-surgical-direct-PR-matched/bin
++ git -C /tmp/fm-task-delivery.r4jQpX/commented-surgical-direct-PR-matched/projects/proj init -q
++ printf '#!/bin/sh\nprintf "%%s\\n" "$*" >> "%s/tmux.calls"\nexit 1\n' /tmp/fm-task-delivery.r4jQpX/commented-surgical-direct-PR-matched/bin
++ printf '#!/bin/sh\nprintf "%%s\\n" "$*" >> "%s/treehouse.calls"\nexit 1\n' /tmp/fm-task-delivery.r4jQpX/commented-surgical-direct-PR-matched/bin
++ chmod +x /tmp/fm-task-delivery.r4jQpX/commented-surgical-direct-PR-matched/bin/treehouse
++ chmod +x /tmp/fm-task-delivery.r4jQpX/commented-surgical-direct-PR-matched/bin/tmux
++ '[' 0 -gt 0 ']'
++ printf '%s\n' '/tmp/fm-task-delivery.r4jQpX/commented-surgical-direct-PR-matched/home|/tmp/fm-task-delivery.r4jQpX/commented-surgical-direct-PR-matched/projects/proj|/tmp/fm-task-delivery.r4jQpX/commented-surgical-direct-PR-matched/bin'
+ rec='/tmp/fm-task-delivery.r4jQpX/commented-surgical-direct-PR-matched/home|/tmp/fm-task-delivery.r4jQpX/commented-surgical-direct-PR-matched/projects/proj|/tmp/fm-task-delivery.r4jQpX/commented-surgical-direct-PR-matched/bin'
+ IFS='|'
+ read -r home proj fakebin
+ case "$declared" in
+ old_mode=no-mistakes
+ depth='checks-only (direct-PR)'
+ selected=direct-PR
+ '[' matched '!=' mismatch ']'
+ '[' matched '!=' local ']'
+ write_brief /tmp/fm-task-delivery.r4jQpX/commented-surgical-direct-PR-matched/home commented-surgical-direct-PR-matched direct-PR
+ local home=/tmp/fm-task-delivery.r4jQpX/commented-surgical-direct-PR-matched/home id=commented-surgical-direct-PR-matched mode=direct-PR
+ mkdir -p /tmp/fm-task-delivery.r4jQpX/commented-surgical-direct-PR-matched/home/data/commented-surgical-direct-PR-matched
+ printf 'You are a crewmate.\n\n# Task\n## Captain'\''s intent\nExercise the delivery contract.\n\n## Firstmate spec\nVerify the selected delivery behavior.\n\n# Definition of done\n'
+ '[' -z direct-PR ']'
+ printf 'Delivery contract: mode=%s\n' direct-PR
+ case "$mode" in
+ write_prep /tmp/fm-task-delivery.r4jQpX/commented-surgical-direct-PR-matched/home commented-surgical-direct-PR-matched
+ fm_test_prep_record /tmp/fm-task-delivery.r4jQpX/commented-surgical-direct-PR-matched/home/data commented-surgical-direct-PR-matched no no no direct-PR
+ local data=/tmp/fm-task-delivery.r4jQpX/commented-surgical-direct-PR-matched/home/data id=commented-surgical-direct-PR-matched q1=no q2=no ui=no depth_mode=direct-PR root prep
+++ dirname tests/prep-record-helper.sh
++ cd tests/..
++ pwd
+ root=/home/zcrew/.no-mistakes/worktrees/5124444c5bba/01M45JNGXNRJ522PPBNYHJF1VA
+ prep=/tmp/fm-task-delivery.r4jQpX/commented-surgical-direct-PR-matched/home/data/commented-surgical-direct-PR-matched/prep.md
+ '[' '!' -e /tmp/fm-task-delivery.r4jQpX/commented-surgical-direct-PR-matched/home/data/commented-surgical-direct-PR-matched/prep.md ']'
+ mkdir -p /tmp/fm-task-delivery.r4jQpX/commented-surgical-direct-PR-matched/home/data/commented-surgical-direct-PR-matched
+ FM_HOME=/tmp/fm-task-delivery.r4jQpX/commented-surgical-direct-PR-matched/home/data
+ FM_DATA_OVERRIDE=/tmp/fm-task-delivery.r4jQpX/commented-surgical-direct-PR-matched/home/data
+ /home/zcrew/.no-mistakes/worktrees/5124444c5bba/01M45JNGXNRJ522PPBNYHJF1VA/bin/fm-brief.sh commented-surgical-direct-PR-matched --prep
+ sed -e 's/{Q1}/no/' -e 's/{Q2}/no/' -e 's/{UI_WIRING}/no, spawn fixture./' -e 's/^{INTENT_AND_BOXES}$/Exercise the delivery contract in an isolated fixture./' -e 's/^{[A-Z0-9_]*}$/n\/a: spawn fixture./' /tmp/fm-task-delivery.r4jQpX/commented-surgical-direct-PR-matched/home/data/commented-surgical-direct-PR-matched/prep.md
+ mv /tmp/fm-task-delivery.r4jQpX/commented-surgical-direct-PR-matched/home/data/commented-surgical-direct-PR-matched/prep.md.filled /tmp/fm-task-delivery.r4jQpX/commented-surgical-direct-PR-matched/home/data/commented-surgical-direct-PR-matched/prep.md
+ fm_test_fill_prep_common /tmp/fm-task-delivery.r4jQpX/commented-surgical-direct-PR-matched/home/data/commented-surgical-direct-PR-matched/prep.md direct-PR
+ local prep=/tmp/fm-task-delivery.r4jQpX/commented-surgical-direct-PR-matched/home/data/commented-surgical-direct-PR-matched/prep.md depth
+ case "${2:-no-mistakes}" in
+ depth='checks-only (direct-PR)'
+ awk -v 'depth=checks-only (direct-PR)' '
    { gsub(/\{DELIVERY_DEPTH\}/, depth ", exercise the declared fixture delivery contract.")
      gsub(/\{CAPTAIN_RULINGS\}/, "Intent: exercise delivery admission; ruling: use an isolated fixture (test brief).")
      gsub(/\{STILL_VALID\}/, "proceed: inspected fixture base and task sources; delivery admission remains needed with no dependency.")
      gsub(/\{SIBLINGS_NAMED\}/, "Not a defect; searched fixture task records and delivery owners, none found.")
      gsub(/\{VALIDATION_ROUTE\}/, "bash bin/fm-test-run.sh tests/fm-task-delivery.test.sh; Bash fixture runtime, isolated home, baseline timing unknown; worker measures this bounded run, CI owns final regression.")
      gsub(/\{SCREEN_AND_REGION\}/, "n/a: no product screen is changed.")
      gsub(/\{RED_FIRST_PROOF\}/, "bash tests/fm-task-delivery.test.sh; remove the record; expect a preparation refusal; record observed RED before implementation.")
      gsub(/\{FIXTURE_ARITHMETIC\}/, "n/a: no calculated assertions.")
      gsub(/\{DATA_PATH_REACHABILITY\}/, "brief --prep writes data/id/prep.md; spawn reads that path; launch rendering is the fixture witness.")
      gsub(/\{SCOPE_ONLY_AS_ASKED\}/, "Exercise the requested delivery admission only; real endpoints and product changes are outside scope.")
      gsub(/\{AUTHOR_GATE_CHECK\}/, "bash -c '\'' . bin/fm-dod-lib.sh; fm_prep_unfilled_reason \"$1\" '\'' _ data/id/prep.md; run on final bytes before handoff and paste empty output and raw exit 1 (reason with exit 0 refuses).")
      gsub(/\{OUTCOME\}/, "Delivery admission")
      gsub(/\{OBSERVABLE_RESULT\}/, "Launch brief exists before the refusing backend")
      gsub(/\{WHERE_AND_HOW\}/, "bash tests/fm-task-delivery.test.sh; fixture spawn and launch-brief.md")
      gsub(/\{EXPECTED_VALUE\}/, "Brief present; no real endpoint created")
      print
    }' /tmp/fm-task-delivery.r4jQpX/commented-surgical-direct-PR-matched/home/data/commented-surgical-direct-PR-matched/prep.md
+ mv /tmp/fm-task-delivery.r4jQpX/commented-surgical-direct-PR-matched/home/data/commented-surgical-direct-PR-matched/prep.md.common /tmp/fm-task-delivery.r4jQpX/commented-surgical-direct-PR-matched/home/data/commented-surgical-direct-PR-matched/prep.md
+ '[' no = yes ']'
+ return 0
+ prep=/tmp/fm-task-delivery.r4jQpX/commented-surgical-direct-PR-matched/home/data/commented-surgical-direct-PR-matched/prep.md
+ '[' surgical = surgical ']'
+ rm /tmp/fm-task-delivery.r4jQpX/commented-surgical-direct-PR-matched/home/data/commented-surgical-direct-PR-matched/prep.md
+ FM_HOME=/tmp/fm-task-delivery.r4jQpX/commented-surgical-direct-PR-matched/home
+ /home/zcrew/.no-mistakes/worktrees/5124444c5bba/01M45JNGXNRJ522PPBNYHJF1VA/bin/fm-brief.sh commented-surgical-direct-PR-matched --prep --surgical
+ sed -E -e 's/\{Q1\}/yes/' -e 's/\{Q2\}/no/' -e 's/\{UI_WIRING\}/no, confined CLI output./' -e 's/\{Q[12]_REASON\}/Inspected confined output./' -e 's/\{C[1-5]\}/yes/' -e 's/\{C[1-5]_EVIDENCE\}/owned.sh:12; callers confined; cause reproduced; regression covers output; no sensitive paths./' /tmp/fm-task-delivery.r4jQpX/commented-surgical-direct-PR-matched/home/data/commented-surgical-direct-PR-matched/prep.md
+ mv /tmp/fm-task-delivery.r4jQpX/commented-surgical-direct-PR-matched/home/data/commented-surgical-direct-PR-matched/prep.md.f /tmp/fm-task-delivery.r4jQpX/commented-surgical-direct-PR-matched/home/data/commented-surgical-direct-PR-matched/prep.md
+ fm_test_fill_prep_common /tmp/fm-task-delivery.r4jQpX/commented-surgical-direct-PR-matched/home/data/commented-surgical-direct-PR-matched/prep.md direct-PR
+ local prep=/tmp/fm-task-delivery.r4jQpX/commented-surgical-direct-PR-matched/home/data/commented-surgical-direct-PR-matched/prep.md depth
+ case "${2:-no-mistakes}" in
+ depth='checks-only (direct-PR)'
+ awk -v 'depth=checks-only (direct-PR)' '
    { gsub(/\{DELIVERY_DEPTH\}/, depth ", exercise the declared fixture delivery contract.")
      gsub(/\{CAPTAIN_RULINGS\}/, "Intent: exercise delivery admission; ruling: use an isolated fixture (test brief).")
      gsub(/\{STILL_VALID\}/, "proceed: inspected fixture base and task sources; delivery admission remains needed with no dependency.")
      gsub(/\{SIBLINGS_NAMED\}/, "Not a defect; searched fixture task records and delivery owners, none found.")
      gsub(/\{VALIDATION_ROUTE\}/, "bash bin/fm-test-run.sh tests/fm-task-delivery.test.sh; Bash fixture runtime, isolated home, baseline timing unknown; worker measures this bounded run, CI owns final regression.")
      gsub(/\{SCREEN_AND_REGION\}/, "n/a: no product screen is changed.")
      gsub(/\{RED_FIRST_PROOF\}/, "bash tests/fm-task-delivery.test.sh; remove the record; expect a preparation refusal; record observed RED before implementation.")
      gsub(/\{FIXTURE_ARITHMETIC\}/, "n/a: no calculated assertions.")
      gsub(/\{DATA_PATH_REACHABILITY\}/, "brief --prep writes data/id/prep.md; spawn reads that path; launch rendering is the fixture witness.")
      gsub(/\{SCOPE_ONLY_AS_ASKED\}/, "Exercise the requested delivery admission only; real endpoints and product changes are outside scope.")
      gsub(/\{AUTHOR_GATE_CHECK\}/, "bash -c '\'' . bin/fm-dod-lib.sh; fm_prep_unfilled_reason \"$1\" '\'' _ data/id/prep.md; run on final bytes before handoff and paste empty output and raw exit 1 (reason with exit 0 refuses).")
      gsub(/\{OUTCOME\}/, "Delivery admission")
      gsub(/\{OBSERVABLE_RESULT\}/, "Launch brief exists before the refusing backend")
      gsub(/\{WHERE_AND_HOW\}/, "bash tests/fm-task-delivery.test.sh; fixture spawn and launch-brief.md")
      gsub(/\{EXPECTED_VALUE\}/, "Brief present; no real endpoint created")
      print
    }' /tmp/fm-task-delivery.r4jQpX/commented-surgical-direct-PR-matched/home/data/commented-surgical-direct-PR-matched/prep.md
+ mv /tmp/fm-task-delivery.r4jQpX/commented-surgical-direct-PR-matched/home/data/commented-surgical-direct-PR-matched/prep.md.common /tmp/fm-task-delivery.r4jQpX/commented-surgical-direct-PR-matched/home/data/commented-surgical-direct-PR-matched/prep.md
+ fm_test_prep_depth /tmp/fm-task-delivery.r4jQpX/commented-surgical-direct-PR-matched/home/data/commented-surgical-direct-PR-matched/prep.md direct-PR
+ local prep=/tmp/fm-task-delivery.r4jQpX/commented-surgical-direct-PR-matched/home/data/commented-surgical-direct-PR-matched/prep.md depth
+ case "$2" in
+ depth='checks-only (direct-PR)'
+ awk -v 'depth=checks-only (direct-PR)' '
    /^- Delivery depth:/ { next }
    { print }
    $0 == "## Tier" { print "- Delivery depth: " depth ", exercise the declared fixture delivery contract." }
  ' /tmp/fm-task-delivery.r4jQpX/commented-surgical-direct-PR-matched/home/data/commented-surgical-direct-PR-matched/prep.md
+ mv /tmp/fm-task-delivery.r4jQpX/commented-surgical-direct-PR-matched/home/data/commented-surgical-direct-PR-matched/prep.md.depth /tmp/fm-task-delivery.r4jQpX/commented-surgical-direct-PR-matched/home/data/commented-surgical-direct-PR-matched/prep.md
+ baseline=/tmp/fm-task-delivery.r4jQpX/commented-surgical-direct-PR-matched/home/live.prep
+ cp /tmp/fm-task-delivery.r4jQpX/commented-surgical-direct-PR-matched/home/data/commented-surgical-direct-PR-matched/prep.md /tmp/fm-task-delivery.r4jQpX/commented-surgical-direct-PR-matched/home/live.prep
+ printf '<!-- Previous preparation example\n## Tier\n'
+ printf '%s\n' '- Q1 does this change alter what a user sees or can do: no' '- Q2 does this change touch a shared module or a contract: no' '- UI wiring: no, old isolated example.'
+ '[' no-mistakes = direct-PR ']'
+ printf '%s\n' '- Delivery depth: checks + AI review (no-mistakes), old shared example.'
+ printf '\n-->\n'
+ case "$check" in
+ cat /tmp/fm-task-delivery.r4jQpX/commented-surgical-direct-PR-matched/home/live.prep
+ case "$check" in
++ run_spawn /tmp/fm-task-delivery.r4jQpX/commented-surgical-direct-PR-matched/home /tmp/fm-task-delivery.r4jQpX/commented-surgical-direct-PR-matched/bin commented-surgical-direct-PR-matched /tmp/fm-task-delivery.r4jQpX/commented-surgical-direct-PR-matched/projects/proj claude --mode direct-PR --yolo off
++ local result code item
++ cp /tmp/fm-task-delivery.r4jQpX/commented-surgical-direct-PR-matched/home/data/commented-surgical-direct-PR-matched/prep.md /home/zcrew/.no-mistakes/evidence/01M45JNGXNRJ522PPBNYHJF1VA/restored-context-surgical-direct-PR.input.md
+++ review_original_run_spawn /tmp/fm-task-delivery.r4jQpX/commented-surgical-direct-PR-matched/home /tmp/fm-task-delivery.r4jQpX/commented-surgical-direct-PR-matched/bin commented-surgical-direct-PR-matched /tmp/fm-task-delivery.r4jQpX/commented-surgical-direct-PR-matched/projects/proj claude --mode direct-PR --yolo off
+++ local home=/tmp/fm-task-delivery.r4jQpX/commented-surgical-direct-PR-matched/home fakebin=/tmp/fm-task-delivery.r4jQpX/commented-surgical-direct-PR-matched/bin
+++ shift 2
+++ FM_ROOT_OVERRIDE=
+++ FM_HOME=/tmp/fm-task-delivery.r4jQpX/commented-surgical-direct-PR-matched/home
+++ FM_STATE_OVERRIDE=/tmp/fm-task-delivery.r4jQpX/commented-surgical-direct-PR-matched/home/state
+++ FM_DATA_OVERRIDE=/tmp/fm-task-delivery.r4jQpX/commented-surgical-direct-PR-matched/home/data
+++ FM_PROJECTS_OVERRIDE=/tmp/fm-task-delivery.r4jQpX/projects-unused
+++ FM_CONFIG_OVERRIDE=/tmp/fm-task-delivery.r4jQpX/commented-surgical-direct-PR-matched/home/config
+++ FM_SPAWN_NO_GUARD=1
+++ FM_BACKEND=tmux
+++ PATH=/tmp/fm-task-delivery.r4jQpX/commented-surgical-direct-PR-matched/bin:/home/zcrew/.npm-global/lib/node_modules/@openai/codex/node_modules/@openai/codex-linux-x64/vendor/x86_64-unknown-linux-musl/codex-path:/home/zcrew/.local/bin:/home/zcrew/.npm-global/bin:/usr/local/bin:/home/zcrew/.local/bin:/home/zcrew/.npm-global/bin:/home/zcrew/.local/bin:/home/zcrew/.local/bin:/home/zcrew/.npm-global/bin:/usr/local/bin:/home/zcrew/.codex/tmp/arg0/codex-arg0WBi1TG:/home/zcrew/.npm-global/lib/node_modules/@openai/codex/node_modules/@openai/codex-linux-x64/vendor/x86_64-unknown-linux-musl/codex-path:/home/zcrew/.local/bin:/home/zcrew/.npm-global/bin:/home/zcrew/.local/bin:/home/zcrew/.local/bin:/home/zcrew/.npm-global/bin:/usr/local/bin:/home/zcrew/.local/bin:/home/zcrew/go/bin:/home/zcrew/.cargo/bin:/home/zcrew/bin:/opt/homebrew/bin:/opt/homebrew/sbin:/usr/local/bin:/usr/local/sbin:/usr/bin:/bin:/usr/sbin:/sbin:/snap/bin
+++ /home/zcrew/.no-mistakes/worktrees/5124444c5bba/01M45JNGXNRJ522PPBNYHJF1VA/bin/fm-spawn.sh commented-surgical-direct-PR-matched /tmp/fm-task-delivery.r4jQpX/commented-surgical-direct-PR-matched/projects/proj claude --mode direct-PR --yolo off
++ result='warning: /tmp/fm-task-delivery.r4jQpX/commented-surgical-direct-PR-matched/home/data/commented-surgical-direct-PR-matched/launch-brief.md records no ship branch; defaulting to legacy branch fm/commented-surgical-direct-PR-matched
notice: commented-surgical-direct-PR-matched ships mode=direct-PR while the standing posture for proj is no-mistakes - less rigor than the captain'\''s standing posture; proceed only on a current explicit captain instruction or an intake judgment you can state'
++ code=1
++ for item in "$1/data/$3/launch-brief.md" "$1/state/$3.meta" "$2/tmux.calls" "$2/treehouse.calls"
++ '[' -f /tmp/fm-task-delivery.r4jQpX/commented-surgical-direct-PR-matched/home/data/commented-surgical-direct-PR-matched/launch-brief.md ']'
++ cp /tmp/fm-task-delivery.r4jQpX/commented-surgical-direct-PR-matched/home/data/commented-surgical-direct-PR-matched/launch-brief.md /home/zcrew/.no-mistakes/evidence/01M45JNGXNRJ522PPBNYHJF1VA/restored-context-surgical-direct-PR.input.md.launch-brief.md
++ for item in "$1/data/$3/launch-brief.md" "$1/state/$3.meta" "$2/tmux.calls" "$2/treehouse.calls"
++ '[' -f /tmp/fm-task-delivery.r4jQpX/commented-surgical-direct-PR-matched/home/state/commented-surgical-direct-PR-matched.meta ']'
++ for item in "$1/data/$3/launch-brief.md" "$1/state/$3.meta" "$2/tmux.calls" "$2/treehouse.calls"
++ '[' -f /tmp/fm-task-delivery.r4jQpX/commented-surgical-direct-PR-matched/bin/tmux.calls ']'
++ cp /tmp/fm-task-delivery.r4jQpX/commented-surgical-direct-PR-matched/bin/tmux.calls /home/zcrew/.no-mistakes/evidence/01M45JNGXNRJ522PPBNYHJF1VA/restored-context-surgical-direct-PR.input.md.tmux.calls
++ for item in "$1/data/$3/launch-brief.md" "$1/state/$3.meta" "$2/tmux.calls" "$2/treehouse.calls"
++ '[' -f /tmp/fm-task-delivery.r4jQpX/commented-surgical-direct-PR-matched/bin/treehouse.calls ']'
++ find /tmp/fm-task-delivery.r4jQpX/commented-surgical-direct-PR-matched/home/state -name '*lock*'
++ printf '%s\n' 'warning: /tmp/fm-task-delivery.r4jQpX/commented-surgical-direct-PR-matched/home/data/commented-surgical-direct-PR-matched/launch-brief.md records no ship branch; defaulting to legacy branch fm/commented-surgical-direct-PR-matched
notice: commented-surgical-direct-PR-matched ships mode=direct-PR while the standing posture for proj is no-mistakes - less rigor than the captain'\''s standing posture; proceed only on a current explicit captain instruction or an intake judgment you can state'
++ return 1
+ out='warning: /tmp/fm-task-delivery.r4jQpX/commented-surgical-direct-PR-matched/home/data/commented-surgical-direct-PR-matched/launch-brief.md records no ship branch; defaulting to legacy branch fm/commented-surgical-direct-PR-matched
notice: commented-surgical-direct-PR-matched ships mode=direct-PR while the standing posture for proj is no-mistakes - less rigor than the captain'\''s standing posture; proceed only on a current explicit captain instruction or an intake judgment you can state'
+ status=1
+ '[' 1 -ne 0 ']'
+ '[' matched = mismatch ']'
+ assert_present /tmp/fm-task-delivery.r4jQpX/commented-surgical-direct-PR-matched/home/data/commented-surgical-direct-PR-matched/launch-brief.md 'surgical matched live depth refused: warning: /tmp/fm-task-delivery.r4jQpX/commented-surgical-direct-PR-matched/home/data/commented-surgical-direct-PR-matched/launch-brief.md records no ship branch; defaulting to legacy branch fm/commented-surgical-direct-PR-matched
notice: commented-surgical-direct-PR-matched ships mode=direct-PR while the standing posture for proj is no-mistakes - less rigor than the captain'\''s standing posture; proceed only on a current explicit captain instruction or an intake judgment you can state'
+ '[' -e /tmp/fm-task-delivery.r4jQpX/commented-surgical-direct-PR-matched/home/data/commented-surgical-direct-PR-matched/launch-brief.md ']'
+ assert_present /tmp/fm-task-delivery.r4jQpX/commented-surgical-direct-PR-matched/bin/tmux.calls 'surgical matched missed refusing backend: warning: /tmp/fm-task-delivery.r4jQpX/commented-surgical-direct-PR-matched/home/data/commented-surgical-direct-PR-matched/launch-brief.md records no ship branch; defaulting to legacy branch fm/commented-surgical-direct-PR-matched
notice: commented-surgical-direct-PR-matched ships mode=direct-PR while the standing posture for proj is no-mistakes - less rigor than the captain'\''s standing posture; proceed only on a current explicit captain instruction or an intake judgment you can state'
+ '[' -e /tmp/fm-task-delivery.r4jQpX/commented-surgical-direct-PR-matched/bin/tmux.calls ']'
+ assert_grep . /tmp/fm-task-delivery.r4jQpX/commented-surgical-direct-PR-matched/bin/tmux.calls 'surgical matched backend log empty'
+ grep -F -- . /tmp/fm-task-delivery.r4jQpX/commented-surgical-direct-PR-matched/bin/tmux.calls
+ assert_not_contains 'warning: /tmp/fm-task-delivery.r4jQpX/commented-surgical-direct-PR-matched/home/data/commented-surgical-direct-PR-matched/launch-brief.md records no ship branch; defaulting to legacy branch fm/commented-surgical-direct-PR-matched
notice: commented-surgical-direct-PR-matched ships mode=direct-PR while the standing posture for proj is no-mistakes - less rigor than the captain'\''s standing posture; proceed only on a current explicit captain instruction or an intake judgment you can state' 'Delivery depth' 'surgical matched depth refused'
+ case "$1" in
+ :
+ pass 'surgical commented no-mistakes/live direct-PR: matched'
+ printf 'ok - %s\n' 'surgical commented no-mistakes/live direct-PR: matched'
+ for check in "${@:3}"
+ id=commented-surgical-direct-PR-local
++ make_home commented-surgical-direct-PR-local
++ local name=commented-surgical-direct-PR-local home projects fakebin
++ shift
++ home=/tmp/fm-task-delivery.r4jQpX/commented-surgical-direct-PR-local/home
++ projects=/tmp/fm-task-delivery.r4jQpX/commented-surgical-direct-PR-local/projects
++ fakebin=/tmp/fm-task-delivery.r4jQpX/commented-surgical-direct-PR-local/bin
++ mkdir -p /tmp/fm-task-delivery.r4jQpX/commented-surgical-direct-PR-local/home/data /tmp/fm-task-delivery.r4jQpX/commented-surgical-direct-PR-local/home/state /tmp/fm-task-delivery.r4jQpX/commented-surgical-direct-PR-local/home/config /tmp/fm-task-delivery.r4jQpX/commented-surgical-direct-PR-local/projects/proj /tmp/fm-task-delivery.r4jQpX/commented-surgical-direct-PR-local/bin
++ git -C /tmp/fm-task-delivery.r4jQpX/commented-surgical-direct-PR-local/projects/proj init -q
++ printf '#!/bin/sh\nprintf "%%s\\n" "$*" >> "%s/tmux.calls"\nexit 1\n' /tmp/fm-task-delivery.r4jQpX/commented-surgical-direct-PR-local/bin
++ printf '#!/bin/sh\nprintf "%%s\\n" "$*" >> "%s/treehouse.calls"\nexit 1\n' /tmp/fm-task-delivery.r4jQpX/commented-surgical-direct-PR-local/bin
++ chmod +x /tmp/fm-task-delivery.r4jQpX/commented-surgical-direct-PR-local/bin/treehouse
++ chmod +x /tmp/fm-task-delivery.r4jQpX/commented-surgical-direct-PR-local/bin/tmux
++ '[' 0 -gt 0 ']'
++ printf '%s\n' '/tmp/fm-task-delivery.r4jQpX/commented-surgical-direct-PR-local/home|/tmp/fm-task-delivery.r4jQpX/commented-surgical-direct-PR-local/projects/proj|/tmp/fm-task-delivery.r4jQpX/commented-surgical-direct-PR-local/bin'
+ rec='/tmp/fm-task-delivery.r4jQpX/commented-surgical-direct-PR-local/home|/tmp/fm-task-delivery.r4jQpX/commented-surgical-direct-PR-local/projects/proj|/tmp/fm-task-delivery.r4jQpX/commented-surgical-direct-PR-local/bin'
+ IFS='|'
+ read -r home proj fakebin
+ case "$declared" in
+ old_mode=no-mistakes
+ depth='checks-only (direct-PR)'
+ selected=direct-PR
+ '[' local '!=' mismatch ']'
+ '[' local '!=' local ']'
+ selected=local-only
+ write_brief /tmp/fm-task-delivery.r4jQpX/commented-surgical-direct-PR-local/home commented-surgical-direct-PR-local local-only
+ local home=/tmp/fm-task-delivery.r4jQpX/commented-surgical-direct-PR-local/home id=commented-surgical-direct-PR-local mode=local-only
+ mkdir -p /tmp/fm-task-delivery.r4jQpX/commented-surgical-direct-PR-local/home/data/commented-surgical-direct-PR-local
+ printf 'You are a crewmate.\n\n# Task\n## Captain'\''s intent\nExercise the delivery contract.\n\n## Firstmate spec\nVerify the selected delivery behavior.\n\n# Definition of done\n'
+ '[' -z local-only ']'
+ printf 'Delivery contract: mode=%s\n' local-only
+ case "$mode" in
+ write_prep /tmp/fm-task-delivery.r4jQpX/commented-surgical-direct-PR-local/home commented-surgical-direct-PR-local
+ fm_test_prep_record /tmp/fm-task-delivery.r4jQpX/commented-surgical-direct-PR-local/home/data commented-surgical-direct-PR-local no no no direct-PR
+ local data=/tmp/fm-task-delivery.r4jQpX/commented-surgical-direct-PR-local/home/data id=commented-surgical-direct-PR-local q1=no q2=no ui=no depth_mode=direct-PR root prep
+++ dirname tests/prep-record-helper.sh
++ cd tests/..
++ pwd
+ root=/home/zcrew/.no-mistakes/worktrees/5124444c5bba/01M45JNGXNRJ522PPBNYHJF1VA
+ prep=/tmp/fm-task-delivery.r4jQpX/commented-surgical-direct-PR-local/home/data/commented-surgical-direct-PR-local/prep.md
+ '[' '!' -e /tmp/fm-task-delivery.r4jQpX/commented-surgical-direct-PR-local/home/data/commented-surgical-direct-PR-local/prep.md ']'
+ mkdir -p /tmp/fm-task-delivery.r4jQpX/commented-surgical-direct-PR-local/home/data/commented-surgical-direct-PR-local
+ FM_HOME=/tmp/fm-task-delivery.r4jQpX/commented-surgical-direct-PR-local/home/data
+ FM_DATA_OVERRIDE=/tmp/fm-task-delivery.r4jQpX/commented-surgical-direct-PR-local/home/data
+ /home/zcrew/.no-mistakes/worktrees/5124444c5bba/01M45JNGXNRJ522PPBNYHJF1VA/bin/fm-brief.sh commented-surgical-direct-PR-local --prep
+ sed -e 's/{Q1}/no/' -e 's/{Q2}/no/' -e 's/{UI_WIRING}/no, spawn fixture./' -e 's/^{INTENT_AND_BOXES}$/Exercise the delivery contract in an isolated fixture./' -e 's/^{[A-Z0-9_]*}$/n\/a: spawn fixture./' /tmp/fm-task-delivery.r4jQpX/commented-surgical-direct-PR-local/home/data/commented-surgical-direct-PR-local/prep.md
+ mv /tmp/fm-task-delivery.r4jQpX/commented-surgical-direct-PR-local/home/data/commented-surgical-direct-PR-local/prep.md.filled /tmp/fm-task-delivery.r4jQpX/commented-surgical-direct-PR-local/home/data/commented-surgical-direct-PR-local/prep.md
+ fm_test_fill_prep_common /tmp/fm-task-delivery.r4jQpX/commented-surgical-direct-PR-local/home/data/commented-surgical-direct-PR-local/prep.md direct-PR
+ local prep=/tmp/fm-task-delivery.r4jQpX/commented-surgical-direct-PR-local/home/data/commented-surgical-direct-PR-local/prep.md depth
+ case "${2:-no-mistakes}" in
+ depth='checks-only (direct-PR)'
+ awk -v 'depth=checks-only (direct-PR)' '
    { gsub(/\{DELIVERY_DEPTH\}/, depth ", exercise the declared fixture delivery contract.")
      gsub(/\{CAPTAIN_RULINGS\}/, "Intent: exercise delivery admission; ruling: use an isolated fixture (test brief).")
      gsub(/\{STILL_VALID\}/, "proceed: inspected fixture base and task sources; delivery admission remains needed with no dependency.")
      gsub(/\{SIBLINGS_NAMED\}/, "Not a defect; searched fixture task records and delivery owners, none found.")
      gsub(/\{VALIDATION_ROUTE\}/, "bash bin/fm-test-run.sh tests/fm-task-delivery.test.sh; Bash fixture runtime, isolated home, baseline timing unknown; worker measures this bounded run, CI owns final regression.")
      gsub(/\{SCREEN_AND_REGION\}/, "n/a: no product screen is changed.")
      gsub(/\{RED_FIRST_PROOF\}/, "bash tests/fm-task-delivery.test.sh; remove the record; expect a preparation refusal; record observed RED before implementation.")
      gsub(/\{FIXTURE_ARITHMETIC\}/, "n/a: no calculated assertions.")
      gsub(/\{DATA_PATH_REACHABILITY\}/, "brief --prep writes data/id/prep.md; spawn reads that path; launch rendering is the fixture witness.")
      gsub(/\{SCOPE_ONLY_AS_ASKED\}/, "Exercise the requested delivery admission only; real endpoints and product changes are outside scope.")
      gsub(/\{AUTHOR_GATE_CHECK\}/, "bash -c '\'' . bin/fm-dod-lib.sh; fm_prep_unfilled_reason \"$1\" '\'' _ data/id/prep.md; run on final bytes before handoff and paste empty output and raw exit 1 (reason with exit 0 refuses).")
      gsub(/\{OUTCOME\}/, "Delivery admission")
      gsub(/\{OBSERVABLE_RESULT\}/, "Launch brief exists before the refusing backend")
      gsub(/\{WHERE_AND_HOW\}/, "bash tests/fm-task-delivery.test.sh; fixture spawn and launch-brief.md")
      gsub(/\{EXPECTED_VALUE\}/, "Brief present; no real endpoint created")
      print
    }' /tmp/fm-task-delivery.r4jQpX/commented-surgical-direct-PR-local/home/data/commented-surgical-direct-PR-local/prep.md
+ mv /tmp/fm-task-delivery.r4jQpX/commented-surgical-direct-PR-local/home/data/commented-surgical-direct-PR-local/prep.md.common /tmp/fm-task-delivery.r4jQpX/commented-surgical-direct-PR-local/home/data/commented-surgical-direct-PR-local/prep.md
+ '[' no = yes ']'
+ return 0
+ prep=/tmp/fm-task-delivery.r4jQpX/commented-surgical-direct-PR-local/home/data/commented-surgical-direct-PR-local/prep.md
+ '[' surgical = surgical ']'
+ rm /tmp/fm-task-delivery.r4jQpX/commented-surgical-direct-PR-local/home/data/commented-surgical-direct-PR-local/prep.md
+ FM_HOME=/tmp/fm-task-delivery.r4jQpX/commented-surgical-direct-PR-local/home
+ /home/zcrew/.no-mistakes/worktrees/5124444c5bba/01M45JNGXNRJ522PPBNYHJF1VA/bin/fm-brief.sh commented-surgical-direct-PR-local --prep --surgical
+ sed -E -e 's/\{Q1\}/yes/' -e 's/\{Q2\}/no/' -e 's/\{UI_WIRING\}/no, confined CLI output./' -e 's/\{Q[12]_REASON\}/Inspected confined output./' -e 's/\{C[1-5]\}/yes/' -e 's/\{C[1-5]_EVIDENCE\}/owned.sh:12; callers confined; cause reproduced; regression covers output; no sensitive paths./' /tmp/fm-task-delivery.r4jQpX/commented-surgical-direct-PR-local/home/data/commented-surgical-direct-PR-local/prep.md
+ mv /tmp/fm-task-delivery.r4jQpX/commented-surgical-direct-PR-local/home/data/commented-surgical-direct-PR-local/prep.md.f /tmp/fm-task-delivery.r4jQpX/commented-surgical-direct-PR-local/home/data/commented-surgical-direct-PR-local/prep.md
+ fm_test_fill_prep_common /tmp/fm-task-delivery.r4jQpX/commented-surgical-direct-PR-local/home/data/commented-surgical-direct-PR-local/prep.md direct-PR
+ local prep=/tmp/fm-task-delivery.r4jQpX/commented-surgical-direct-PR-local/home/data/commented-surgical-direct-PR-local/prep.md depth
+ case "${2:-no-mistakes}" in
+ depth='checks-only (direct-PR)'
+ awk -v 'depth=checks-only (direct-PR)' '
    { gsub(/\{DELIVERY_DEPTH\}/, depth ", exercise the declared fixture delivery contract.")
      gsub(/\{CAPTAIN_RULINGS\}/, "Intent: exercise delivery admission; ruling: use an isolated fixture (test brief).")
      gsub(/\{STILL_VALID\}/, "proceed: inspected fixture base and task sources; delivery admission remains needed with no dependency.")
      gsub(/\{SIBLINGS_NAMED\}/, "Not a defect; searched fixture task records and delivery owners, none found.")
      gsub(/\{VALIDATION_ROUTE\}/, "bash bin/fm-test-run.sh tests/fm-task-delivery.test.sh; Bash fixture runtime, isolated home, baseline timing unknown; worker measures this bounded run, CI owns final regression.")
      gsub(/\{SCREEN_AND_REGION\}/, "n/a: no product screen is changed.")
      gsub(/\{RED_FIRST_PROOF\}/, "bash tests/fm-task-delivery.test.sh; remove the record; expect a preparation refusal; record observed RED before implementation.")
      gsub(/\{FIXTURE_ARITHMETIC\}/, "n/a: no calculated assertions.")
      gsub(/\{DATA_PATH_REACHABILITY\}/, "brief --prep writes data/id/prep.md; spawn reads that path; launch rendering is the fixture witness.")
      gsub(/\{SCOPE_ONLY_AS_ASKED\}/, "Exercise the requested delivery admission only; real endpoints and product changes are outside scope.")
      gsub(/\{AUTHOR_GATE_CHECK\}/, "bash -c '\'' . bin/fm-dod-lib.sh; fm_prep_unfilled_reason \"$1\" '\'' _ data/id/prep.md; run on final bytes before handoff and paste empty output and raw exit 1 (reason with exit 0 refuses).")
      gsub(/\{OUTCOME\}/, "Delivery admission")
      gsub(/\{OBSERVABLE_RESULT\}/, "Launch brief exists before the refusing backend")
      gsub(/\{WHERE_AND_HOW\}/, "bash tests/fm-task-delivery.test.sh; fixture spawn and launch-brief.md")
      gsub(/\{EXPECTED_VALUE\}/, "Brief present; no real endpoint created")
      print
    }' /tmp/fm-task-delivery.r4jQpX/commented-surgical-direct-PR-local/home/data/commented-surgical-direct-PR-local/prep.md
+ mv /tmp/fm-task-delivery.r4jQpX/commented-surgical-direct-PR-local/home/data/commented-surgical-direct-PR-local/prep.md.common /tmp/fm-task-delivery.r4jQpX/commented-surgical-direct-PR-local/home/data/commented-surgical-direct-PR-local/prep.md
+ fm_test_prep_depth /tmp/fm-task-delivery.r4jQpX/commented-surgical-direct-PR-local/home/data/commented-surgical-direct-PR-local/prep.md direct-PR
+ local prep=/tmp/fm-task-delivery.r4jQpX/commented-surgical-direct-PR-local/home/data/commented-surgical-direct-PR-local/prep.md depth
+ case "$2" in
+ depth='checks-only (direct-PR)'
+ awk -v 'depth=checks-only (direct-PR)' '
    /^- Delivery depth:/ { next }
    { print }
    $0 == "## Tier" { print "- Delivery depth: " depth ", exercise the declared fixture delivery contract." }
  ' /tmp/fm-task-delivery.r4jQpX/commented-surgical-direct-PR-local/home/data/commented-surgical-direct-PR-local/prep.md
+ mv /tmp/fm-task-delivery.r4jQpX/commented-surgical-direct-PR-local/home/data/commented-surgical-direct-PR-local/prep.md.depth /tmp/fm-task-delivery.r4jQpX/commented-surgical-direct-PR-local/home/data/commented-surgical-direct-PR-local/prep.md
+ baseline=/tmp/fm-task-delivery.r4jQpX/commented-surgical-direct-PR-local/home/live.prep
+ cp /tmp/fm-task-delivery.r4jQpX/commented-surgical-direct-PR-local/home/data/commented-surgical-direct-PR-local/prep.md /tmp/fm-task-delivery.r4jQpX/commented-surgical-direct-PR-local/home/live.prep
+ printf '<!-- Previous preparation example\n## Tier\n'
+ printf '%s\n' '- Q1 does this change alter what a user sees or can do: no' '- Q2 does this change touch a shared module or a contract: no' '- UI wiring: no, old isolated example.'
+ '[' no-mistakes = direct-PR ']'
+ printf '%s\n' '- Delivery depth: checks + AI review (no-mistakes), old shared example.'
+ printf '\n-->\n'
+ case "$check" in
+ cat /tmp/fm-task-delivery.r4jQpX/commented-surgical-direct-PR-local/home/live.prep
+ case "$check" in
++ run_spawn /tmp/fm-task-delivery.r4jQpX/commented-surgical-direct-PR-local/home /tmp/fm-task-delivery.r4jQpX/commented-surgical-direct-PR-local/bin commented-surgical-direct-PR-local /tmp/fm-task-delivery.r4jQpX/commented-surgical-direct-PR-local/projects/proj claude --mode local-only --yolo off
++ local result code item
++ cp /tmp/fm-task-delivery.r4jQpX/commented-surgical-direct-PR-local/home/data/commented-surgical-direct-PR-local/prep.md /home/zcrew/.no-mistakes/evidence/01M45JNGXNRJ522PPBNYHJF1VA/restored-context-surgical-direct-PR.input.md
+++ review_original_run_spawn /tmp/fm-task-delivery.r4jQpX/commented-surgical-direct-PR-local/home /tmp/fm-task-delivery.r4jQpX/commented-surgical-direct-PR-local/bin commented-surgical-direct-PR-local /tmp/fm-task-delivery.r4jQpX/commented-surgical-direct-PR-local/projects/proj claude --mode local-only --yolo off
+++ local home=/tmp/fm-task-delivery.r4jQpX/commented-surgical-direct-PR-local/home fakebin=/tmp/fm-task-delivery.r4jQpX/commented-surgical-direct-PR-local/bin
+++ shift 2
+++ FM_ROOT_OVERRIDE=
+++ FM_HOME=/tmp/fm-task-delivery.r4jQpX/commented-surgical-direct-PR-local/home
+++ FM_STATE_OVERRIDE=/tmp/fm-task-delivery.r4jQpX/commented-surgical-direct-PR-local/home/state
+++ FM_DATA_OVERRIDE=/tmp/fm-task-delivery.r4jQpX/commented-surgical-direct-PR-local/home/data
+++ FM_PROJECTS_OVERRIDE=/tmp/fm-task-delivery.r4jQpX/projects-unused
+++ FM_CONFIG_OVERRIDE=/tmp/fm-task-delivery.r4jQpX/commented-surgical-direct-PR-local/home/config
+++ FM_SPAWN_NO_GUARD=1
+++ FM_BACKEND=tmux
+++ PATH=/tmp/fm-task-delivery.r4jQpX/commented-surgical-direct-PR-local/bin:/home/zcrew/.npm-global/lib/node_modules/@openai/codex/node_modules/@openai/codex-linux-x64/vendor/x86_64-unknown-linux-musl/codex-path:/home/zcrew/.local/bin:/home/zcrew/.npm-global/bin:/usr/local/bin:/home/zcrew/.local/bin:/home/zcrew/.npm-global/bin:/home/zcrew/.local/bin:/home/zcrew/.local/bin:/home/zcrew/.npm-global/bin:/usr/local/bin:/home/zcrew/.codex/tmp/arg0/codex-arg0WBi1TG:/home/zcrew/.npm-global/lib/node_modules/@openai/codex/node_modules/@openai/codex-linux-x64/vendor/x86_64-unknown-linux-musl/codex-path:/home/zcrew/.local/bin:/home/zcrew/.npm-global/bin:/home/zcrew/.local/bin:/home/zcrew/.local/bin:/home/zcrew/.npm-global/bin:/usr/local/bin:/home/zcrew/.local/bin:/home/zcrew/go/bin:/home/zcrew/.cargo/bin:/home/zcrew/bin:/opt/homebrew/bin:/opt/homebrew/sbin:/usr/local/bin:/usr/local/sbin:/usr/bin:/bin:/usr/sbin:/sbin:/snap/bin
+++ /home/zcrew/.no-mistakes/worktrees/5124444c5bba/01M45JNGXNRJ522PPBNYHJF1VA/bin/fm-spawn.sh commented-surgical-direct-PR-local /tmp/fm-task-delivery.r4jQpX/commented-surgical-direct-PR-local/projects/proj claude --mode local-only --yolo off
++ result='warning: /tmp/fm-task-delivery.r4jQpX/commented-surgical-direct-PR-local/home/data/commented-surgical-direct-PR-local/launch-brief.md records no ship branch; defaulting to legacy branch fm/commented-surgical-direct-PR-local
notice: commented-surgical-direct-PR-local ships mode=local-only while the standing posture for proj is no-mistakes - less rigor than the captain'\''s standing posture; proceed only on a current explicit captain instruction or an intake judgment you can state'
++ code=1
++ for item in "$1/data/$3/launch-brief.md" "$1/state/$3.meta" "$2/tmux.calls" "$2/treehouse.calls"
++ '[' -f /tmp/fm-task-delivery.r4jQpX/commented-surgical-direct-PR-local/home/data/commented-surgical-direct-PR-local/launch-brief.md ']'
++ cp /tmp/fm-task-delivery.r4jQpX/commented-surgical-direct-PR-local/home/data/commented-surgical-direct-PR-local/launch-brief.md /home/zcrew/.no-mistakes/evidence/01M45JNGXNRJ522PPBNYHJF1VA/restored-context-surgical-direct-PR.input.md.launch-brief.md
++ for item in "$1/data/$3/launch-brief.md" "$1/state/$3.meta" "$2/tmux.calls" "$2/treehouse.calls"
++ '[' -f /tmp/fm-task-delivery.r4jQpX/commented-surgical-direct-PR-local/home/state/commented-surgical-direct-PR-local.meta ']'
++ for item in "$1/data/$3/launch-brief.md" "$1/state/$3.meta" "$2/tmux.calls" "$2/treehouse.calls"
++ '[' -f /tmp/fm-task-delivery.r4jQpX/commented-surgical-direct-PR-local/bin/tmux.calls ']'
++ cp /tmp/fm-task-delivery.r4jQpX/commented-surgical-direct-PR-local/bin/tmux.calls /home/zcrew/.no-mistakes/evidence/01M45JNGXNRJ522PPBNYHJF1VA/restored-context-surgical-direct-PR.input.md.tmux.calls
++ for item in "$1/data/$3/launch-brief.md" "$1/state/$3.meta" "$2/tmux.calls" "$2/treehouse.calls"
++ '[' -f /tmp/fm-task-delivery.r4jQpX/commented-surgical-direct-PR-local/bin/treehouse.calls ']'
++ find /tmp/fm-task-delivery.r4jQpX/commented-surgical-direct-PR-local/home/state -name '*lock*'
++ printf '%s\n' 'warning: /tmp/fm-task-delivery.r4jQpX/commented-surgical-direct-PR-local/home/data/commented-surgical-direct-PR-local/launch-brief.md records no ship branch; defaulting to legacy branch fm/commented-surgical-direct-PR-local
notice: commented-surgical-direct-PR-local ships mode=local-only while the standing posture for proj is no-mistakes - less rigor than the captain'\''s standing posture; proceed only on a current explicit captain instruction or an intake judgment you can state'
++ return 1
+ out='warning: /tmp/fm-task-delivery.r4jQpX/commented-surgical-direct-PR-local/home/data/commented-surgical-direct-PR-local/launch-brief.md records no ship branch; defaulting to legacy branch fm/commented-surgical-direct-PR-local
notice: commented-surgical-direct-PR-local ships mode=local-only while the standing posture for proj is no-mistakes - less rigor than the captain'\''s standing posture; proceed only on a current explicit captain instruction or an intake judgment you can state'
+ status=1
+ '[' 1 -ne 0 ']'
+ '[' local = mismatch ']'
+ assert_present /tmp/fm-task-delivery.r4jQpX/commented-surgical-direct-PR-local/home/data/commented-surgical-direct-PR-local/launch-brief.md 'surgical local live depth refused: warning: /tmp/fm-task-delivery.r4jQpX/commented-surgical-direct-PR-local/home/data/commented-surgical-direct-PR-local/launch-brief.md records no ship branch; defaulting to legacy branch fm/commented-surgical-direct-PR-local
notice: commented-surgical-direct-PR-local ships mode=local-only while the standing posture for proj is no-mistakes - less rigor than the captain'\''s standing posture; proceed only on a current explicit captain instruction or an intake judgment you can state'
+ '[' -e /tmp/fm-task-delivery.r4jQpX/commented-surgical-direct-PR-local/home/data/commented-surgical-direct-PR-local/launch-brief.md ']'
+ assert_present /tmp/fm-task-delivery.r4jQpX/commented-surgical-direct-PR-local/bin/tmux.calls 'surgical local missed refusing backend: warning: /tmp/fm-task-delivery.r4jQpX/commented-surgical-direct-PR-local/home/data/commented-surgical-direct-PR-local/launch-brief.md records no ship branch; defaulting to legacy branch fm/commented-surgical-direct-PR-local
notice: commented-surgical-direct-PR-local ships mode=local-only while the standing posture for proj is no-mistakes - less rigor than the captain'\''s standing posture; proceed only on a current explicit captain instruction or an intake judgment you can state'
+ '[' -e /tmp/fm-task-delivery.r4jQpX/commented-surgical-direct-PR-local/bin/tmux.calls ']'
+ assert_grep . /tmp/fm-task-delivery.r4jQpX/commented-surgical-direct-PR-local/bin/tmux.calls 'surgical local backend log empty'
+ grep -F -- . /tmp/fm-task-delivery.r4jQpX/commented-surgical-direct-PR-local/bin/tmux.calls
+ assert_not_contains 'warning: /tmp/fm-task-delivery.r4jQpX/commented-surgical-direct-PR-local/home/data/commented-surgical-direct-PR-local/launch-brief.md records no ship branch; defaulting to legacy branch fm/commented-surgical-direct-PR-local
notice: commented-surgical-direct-PR-local ships mode=local-only while the standing posture for proj is no-mistakes - less rigor than the captain'\''s standing posture; proceed only on a current explicit captain instruction or an intake judgment you can state' 'Delivery depth' 'surgical local depth refused'
+ case "$1" in
+ :
+ pass 'surgical commented no-mistakes/live direct-PR: local'
+ printf 'ok - %s\n' 'surgical commented no-mistakes/live direct-PR: local'
+ fm_test_cleanup
+ local d
+ fm_test_reap_watchers
+ local state lock_home 'seen=
'
+ '[' -f /tmp/.fm-test-watcher.3244181.rQ8ThR ']'
+ IFS=
+ read -r state
+ rm -f /tmp/.fm-test-watcher.3244181.rQ8ThR
+ fm_test_reap_procevent_homes
+ local home claim_root 'seen=
'
+ '[' -f /tmp/.fm-test-procevent.3244181.rLJLzA ']'
+ IFS='	'
+ read -r home claim_root
+ rm -f /tmp/.fm-test-procevent.3244181.rLJLzA
+ for d in "${FM_TEST_CLEANUP_DIRS[@]:-}"
+ '[' -n '' ']'
+ '[' -f /tmp/.fm-test-cleanup.3244181.14Fbgt ']'
+ IFS=
+ read -r d
+ '[' -n /tmp/fm-task-delivery.r4jQpX ']'
+ fm_test_remove_tree /tmp/fm-task-delivery.r4jQpX
+ local dir=/tmp/fm-task-delivery.r4jQpX
+ '[' -d /tmp/fm-task-delivery.r4jQpX ']'
+ '[' '!' -L /tmp/fm-task-delivery.r4jQpX ']'
+ find /tmp/fm-task-delivery.r4jQpX -type d -exec chmod u+rwx '{}' +
+ rm -rf /tmp/fm-task-delivery.r4jQpX
+ IFS=
+ read -r d
+ rm -f /tmp/.fm-test-cleanup.3244181.14Fbgt
