ok - helper public scaffold/completeness direct-PR
+ review_helper direct-PR
+ local mode=direct-PR rec home proj fakebin prep out code
++ make_home helper-direct-PR
++ local name=helper-direct-PR home projects fakebin
++ shift
++ home=/tmp/fm-task-delivery.bFyZ7c/helper-direct-PR/home
++ projects=/tmp/fm-task-delivery.bFyZ7c/helper-direct-PR/projects
++ fakebin=/tmp/fm-task-delivery.bFyZ7c/helper-direct-PR/bin
++ mkdir -p /tmp/fm-task-delivery.bFyZ7c/helper-direct-PR/home/data /tmp/fm-task-delivery.bFyZ7c/helper-direct-PR/home/state /tmp/fm-task-delivery.bFyZ7c/helper-direct-PR/home/config /tmp/fm-task-delivery.bFyZ7c/helper-direct-PR/projects/proj /tmp/fm-task-delivery.bFyZ7c/helper-direct-PR/bin
++ git -C /tmp/fm-task-delivery.bFyZ7c/helper-direct-PR/projects/proj init -q
++ printf '#!/bin/sh\nprintf "%%s\\n" "$*" >> "%s/tmux.calls"\nexit 1\n' /tmp/fm-task-delivery.bFyZ7c/helper-direct-PR/bin
++ printf '#!/bin/sh\nprintf "%%s\\n" "$*" >> "%s/treehouse.calls"\nexit 1\n' /tmp/fm-task-delivery.bFyZ7c/helper-direct-PR/bin
++ chmod +x /tmp/fm-task-delivery.bFyZ7c/helper-direct-PR/bin/treehouse
++ chmod +x /tmp/fm-task-delivery.bFyZ7c/helper-direct-PR/bin/tmux
++ '[' 0 -gt 0 ']'
++ printf '%s\n' '/tmp/fm-task-delivery.bFyZ7c/helper-direct-PR/home|/tmp/fm-task-delivery.bFyZ7c/helper-direct-PR/projects/proj|/tmp/fm-task-delivery.bFyZ7c/helper-direct-PR/bin'
+ rec='/tmp/fm-task-delivery.bFyZ7c/helper-direct-PR/home|/tmp/fm-task-delivery.bFyZ7c/helper-direct-PR/projects/proj|/tmp/fm-task-delivery.bFyZ7c/helper-direct-PR/bin'
+ IFS='|'
+ read -r home proj fakebin
+ fm_test_prep_record /tmp/fm-task-delivery.bFyZ7c/helper-direct-PR/home/data helper no no no direct-PR
+ local data=/tmp/fm-task-delivery.bFyZ7c/helper-direct-PR/home/data id=helper q1=no q2=no ui=no depth_mode=direct-PR root prep
+++ dirname tests/prep-record-helper.sh
++ cd tests/..
++ pwd
+ root=/home/zcrew/.no-mistakes/worktrees/5124444c5bba/01M45JNGXNRJ522PPBNYHJF1VA
+ prep=/tmp/fm-task-delivery.bFyZ7c/helper-direct-PR/home/data/helper/prep.md
+ '[' '!' -e /tmp/fm-task-delivery.bFyZ7c/helper-direct-PR/home/data/helper/prep.md ']'
+ mkdir -p /tmp/fm-task-delivery.bFyZ7c/helper-direct-PR/home/data/helper
+ FM_HOME=/tmp/fm-task-delivery.bFyZ7c/helper-direct-PR/home/data
+ FM_DATA_OVERRIDE=/tmp/fm-task-delivery.bFyZ7c/helper-direct-PR/home/data
+ /home/zcrew/.no-mistakes/worktrees/5124444c5bba/01M45JNGXNRJ522PPBNYHJF1VA/bin/fm-brief.sh helper --prep
+ sed -e 's/{Q1}/no/' -e 's/{Q2}/no/' -e 's/{UI_WIRING}/no, spawn fixture./' -e 's/^{INTENT_AND_BOXES}$/Exercise the delivery contract in an isolated fixture./' -e 's/^{[A-Z0-9_]*}$/n\/a: spawn fixture./' /tmp/fm-task-delivery.bFyZ7c/helper-direct-PR/home/data/helper/prep.md
+ mv /tmp/fm-task-delivery.bFyZ7c/helper-direct-PR/home/data/helper/prep.md.filled /tmp/fm-task-delivery.bFyZ7c/helper-direct-PR/home/data/helper/prep.md
+ fm_test_fill_prep_common /tmp/fm-task-delivery.bFyZ7c/helper-direct-PR/home/data/helper/prep.md direct-PR
+ local prep=/tmp/fm-task-delivery.bFyZ7c/helper-direct-PR/home/data/helper/prep.md depth
+ case "${2:-no-mistakes}" in
+ depth='checks-only (direct-PR)'
+ awk -v 'depth=checks-only (direct-PR)' '
    { gsub(/\{DELIVERY_DEPTH\}/, depth ", exercise the declared fixture delivery contract.")
      gsub(/\{CAPTAIN_RULINGS\}/, "Intent: exercise delivery admission; ruling: use an isolated fixture (test brief).")
      gsub(/\{STILL_VALID\}/, "proceed: inspected fixture base and task sources; delivery admission remains needed with no dependency.")
      gsub(/\{SIBLINGS_NAMED\}/, "Not a defect; searched fixture task records and delivery owners, none found.")
      gsub(/\{VALIDATION_ROUTE\}/, "bash bin/fm-test-run.sh tests/fm-task-delivery.test.sh; Bash fixture runtime, isolated home, baseline timing unknown; worker measures this bounded run, CI owns final regression.")
      gsub(/\{SCREEN_AND_REGION\}/, "n/a: no product screen is changed.")
      gsub(/\{RED_FIRST_PROOF\}/, "bash tests/fm-task-delivery.test.sh; remove the record; expect a preparation refusal; record observed RED before implementation.")
      gsub(/\{FIXTURE_ARITHMETIC\}/, "n/a: no calculated assertions.")
      gsub(/\{DATA_PATH_REACHABILITY\}/, "brief --prep writes data/id/prep.md; spawn reads that path; launch rendering is the fixture witness.")
      gsub(/\{SCOPE_ONLY_AS_ASKED\}/, "Exercise the requested delivery admission only; real endpoints and product changes are outside scope.")
      gsub(/\{AUTHOR_GATE_CHECK\}/, "bash -c '\'' . bin/fm-dod-lib.sh; fm_prep_unfilled_reason \"$1\" '\'' _ data/id/prep.md; run on final bytes before handoff and paste empty output and raw exit 1 (reason with exit 0 refuses).")
      gsub(/\{OUTCOME\}/, "Delivery admission")
      gsub(/\{OBSERVABLE_RESULT\}/, "Launch brief exists before the refusing backend")
      gsub(/\{WHERE_AND_HOW\}/, "bash tests/fm-task-delivery.test.sh; fixture spawn and launch-brief.md")
      gsub(/\{EXPECTED_VALUE\}/, "Brief present; no real endpoint created")
      print
    }' /tmp/fm-task-delivery.bFyZ7c/helper-direct-PR/home/data/helper/prep.md
+ mv /tmp/fm-task-delivery.bFyZ7c/helper-direct-PR/home/data/helper/prep.md.common /tmp/fm-task-delivery.bFyZ7c/helper-direct-PR/home/data/helper/prep.md
+ '[' no = yes ']'
+ return 0
+ prep=/tmp/fm-task-delivery.bFyZ7c/helper-direct-PR/home/data/helper/prep.md
++ fm_prep_delivery_mode /tmp/fm-task-delivery.bFyZ7c/helper-direct-PR/home/data/helper/prep.md
++ cp /tmp/fm-task-delivery.bFyZ7c/helper-direct-PR/home/data/helper/prep.md /home/zcrew/.no-mistakes/evidence/01M45JNGXNRJ522PPBNYHJF1VA/restored-helper-SIBLINGS_NAMED.input.md
++ review_original_delivery_mode /tmp/fm-task-delivery.bFyZ7c/helper-direct-PR/home/data/helper/prep.md
++ local value reason mode
+++ fm_prep_tier_read /tmp/fm-task-delivery.bFyZ7c/helper-direct-PR/home/data/helper/prep.md
+++ local file=/tmp/fm-task-delivery.bFyZ7c/helper-direct-PR/home/data/helper/prep.md mode=body
+++ '[' -f /tmp/fm-task-delivery.bFyZ7c/helper-direct-PR/home/data/helper/prep.md ']'
+++ '[' -r /tmp/fm-task-delivery.bFyZ7c/helper-direct-PR/home/data/helper/prep.md ']'
+++ awk '
    /^- Delivery depth:/ { seen++; value=substr($0,19) }
    END { if (seen == 1) print value }
  '
+++ fm_prep_body_text
+++ awk -v keep_fences=no '
    function table_start(row, header, delimiter, cells, count, i, cell) {
      if (row >= NR) return 0
      header=lines[row]; delimiter=lines[row+1]
      sub(/^ ? ? ?/, "", header); sub(/^ ? ? ?/, "", delimiter)
      if (header ~ /^[[:space:]]/ || delimiter ~ /^[[:space:]]/) return 0
      gsub(/\\\|/, "", header)
      if (header !~ /\|/) return 0
      sub(/[[:space:]]+$/, "", header); sub(/[[:space:]]+$/, "", delimiter)
      sub(/^\|/, "", header); sub(/\|$/, "", header)
      sub(/^\|/, "", delimiter); sub(/\|$/, "", delimiter)
      count=split(header,cells,"|")
      if (!count || split(delimiter,cells,"|") != count) return 0
      for (i=1; i<=count; i++) {
        cell=cells[i]; gsub(/^[[:space:]]+|[[:space:]]+$/, "", cell)
        if (cell !~ /^:?-+:?$/) return 0
      }
      return 1
    }
    function closing_tick(s, size, row, probe, list_number) {
      while (1) {
        while (match(s, /`+/)) {
          if (RLENGTH == size) return 1
          s=substr(s,RSTART+RLENGTH)
        }
        if (++row > NR || lines[row] ~ /^[[:space:]]*$/) return 0
        s=lines[row]
        probe=s; sub(/^ ? ? ?/, "", probe)
        list_number=probe; sub(/[.)].*$/, "", list_number)
        if (probe ~ /^[0-9]+[.)][[:space:]]+[^[:space:]]/ && length(list_number) <= 9 && list_number+0 == 1) return 0
        if (table_start(row) || probe ~ /^```|^~~~|^#[#]?[#]?[#]?[#]?[#]?([[:space:]]|$)|^[-+*][[:space:]]+[^[:space:]]|^<!--/) return 0
      }
    }
    function uncomment(s, row, out, end, size) {
      out=""
      while (length(s)) {
        if (comment) {
          end=index(s,"-->"); if (!end) return out
          s=substr(s,end+3); comment=0
        } else if (inline_size) {
          if (!match(s,/`+/)) return out s
          size=RLENGTH
          out=out substr(s,1,RSTART+size-1)
          s=substr(s,RSTART+size)
          if (size == inline_size) inline_size=0
        } else if (substr(s,1,4) == "<!--") {
          comment=1; s=substr(s,5)
        } else if (substr(s,1,2) == "\\`" || substr(s,1,2) == "\\\\" || substr(s,1,2) == "\\<") {
          out=out substr(s,1,2); s=substr(s,3)
        } else if (substr(s,1,1) == "`") {
          match(s,/^`+/); size=RLENGTH
          out=out substr(s,1,size); s=substr(s,size+1)
          if (closing_tick(s,size,row)) inline_size=size
        } else {
          out=out substr(s,1,1); s=substr(s,2)
        }
      }
      return out
    }
    { lines[NR]=$0 }
    END {
      for (row=1; row<=NR; row++) {
        line=lines[row]
        if (!fenced && !comment && !inline_size) {
          if (line ~ /^[[:space:]]*$/) {
            paragraph=0; table=0
            print line
            continue
          }
          if (line ~ /^(    | ? ? ?\t)/ && (indented || !paragraph)) {
            indented=1; table=0
            if (keep_fences == "yes") print line
            continue
          }
          indented=0
        }
        scan=line
        spaces=0
        while (spaces < 3 && substr(scan,1,1) == " ") { scan=substr(scan,2); spaces++ }
        marker=substr(scan,1,1)
        marker_len=0
        if (marker == "`" || marker == "~") {
          while (substr(scan,marker_len+1,1) == marker) marker_len++
        }
        if (marker_len >= 3 && !comment && !inline_size) {
          paragraph=0; table=0
          rest=substr(scan,marker_len+1)
          if (!fenced) {
            fenced=1; fence_marker=marker; fence_len=marker_len
          } else if (marker == fence_marker && marker_len >= fence_len && rest ~ /^[[:space:]]*$/) {
            fenced=0
          }
          if (keep_fences == "yes") print line
          continue
        }
        if (fenced) {
          if (keep_fences == "yes") print line
          continue
        }
        line=uncomment(line,row)
        scan=line; sub(/^ ? ? ?/, "", scan)
        table=table_start(row) || (table && scan ~ /\|/)
        paragraph=(line !~ /^[[:space:]]*$/ && scan !~ /^#[#]?[#]?[#]?[#]?[#]?([[:space:]]|$)/ && !table)
        if (line ~ /^[[:space:]]*$/ && lines[row] !~ /^[[:space:]]*$/) continue
        print line
      }
    }'
+++ fm_brief_heading_parse - '## Tier' body
+++ local file=- 'heading=## Tier' mode=body input=-
+++ '[' - = - ']'
+++ input=/dev/stdin
+++ awk -v 'heading=## Tier' -v mode=body '
    BEGIN {
      target_level = 0
      while (substr(heading, target_level + 1, 1) == "#") target_level++
    }
    {
      line = $0
      scan = line
      spaces = 0
      while (spaces < 3 && substr(scan, 1, 1) == " ") {
        scan = substr(scan, 2)
        spaces++
      }
      marker = substr(scan, 1, 1)
      marker_len = 0
      if (marker == "`" || marker == "~") {
        while (substr(scan, marker_len + 1, 1) == marker) marker_len++
      }
      is_fence = marker_len >= 3
      was_fenced = fenced

      if (is_fence) {
        rest = substr(scan, marker_len + 1)
        if (!fenced) {
          fenced = 1
          fence_marker = marker
          fence_len = marker_len
        } else if (marker == fence_marker && marker_len >= fence_len && rest ~ /^[[:space:]]*$/) {
          fenced = 0
        }
      }

      if (!found && !was_fenced && line == heading) {
        found = 1
        if (mode == "present") next
        grab = 1
        next
      }
      if (mode == "present" || !grab) next
      if (is_fence || was_fenced) {
        print line
        next
      }

      level = 0
      while (substr(scan, level + 1, 1) == "#") level++
      if (level > 0 && level <= target_level && substr(scan, level + 1, 1) ~ /^[[:space:]]?$/) exit
      print line
    }
    END {
      if (mode == "present" && !found) exit 1
    }
  ' /dev/stdin
++ value='checks-only (direct-PR), exercise the declared fixture delivery contract.'
++ case "$value" in
++ mode=direct-PR
++ reason='exercise the declared fixture delivery contract.'
++ case "$reason" in
++ fm_prep_answer_complete 'exercise the declared fixture delivery contract.' no
++ printf '%s\n' 'exercise the declared fixture delivery contract.'
++ awk -v na=no '
    function clean(s) { gsub(/^[[:space:]]+|[[:space:]]+$/, "", s); return s }
    { text=text $0 " " }
    END {
      text=clean(text)
      if (tolower(text) ~ /^n\/a([ :]|$)/) {
        if (na != "yes" || text !~ /^[nN]\/[aA]:[[:space:]]*[^[:space:]]/) exit 1
        sub(/^[nN]\/[aA]:[[:space:]]*/, "", text)
      }
      if (text == "" || text ~ /^[{][A-Z0-9_]+[}]$/ || text ~ /^<[^>]+>$/ || tolower(text) ~ /^(example|e[.]g[.]|todo|tbd)([ :]|$)/) exit 1
    }'
++ printf '%s\n' direct-PR
+ out=direct-PR
+ code=0
+ '[' 0 = 0 ']'
+ '[' direct-PR = direct-PR ']'
++ fm_prep_unfilled_reason /tmp/fm-task-delivery.bFyZ7c/helper-direct-PR/home/data/helper/prep.md
++ local file=/tmp/fm-task-delivery.bFyZ7c/helper-direct-PR/home/data/helper/prep.md tier heading placeholder required guide evidence state
++ '[' '!' -f /tmp/fm-task-delivery.bFyZ7c/helper-direct-PR/home/data/helper/prep.md ']'
++ '[' '!' -r /tmp/fm-task-delivery.bFyZ7c/helper-direct-PR/home/data/helper/prep.md ']'
++ fm_prep_tier_read /tmp/fm-task-delivery.bFyZ7c/helper-direct-PR/home/data/helper/prep.md present
++ local file=/tmp/fm-task-delivery.bFyZ7c/helper-direct-PR/home/data/helper/prep.md mode=present
++ '[' -f /tmp/fm-task-delivery.bFyZ7c/helper-direct-PR/home/data/helper/prep.md ']'
++ '[' -r /tmp/fm-task-delivery.bFyZ7c/helper-direct-PR/home/data/helper/prep.md ']'
++ fm_prep_body_text
++ awk -v keep_fences=no '
    function table_start(row, header, delimiter, cells, count, i, cell) {
      if (row >= NR) return 0
      header=lines[row]; delimiter=lines[row+1]
      sub(/^ ? ? ?/, "", header); sub(/^ ? ? ?/, "", delimiter)
      if (header ~ /^[[:space:]]/ || delimiter ~ /^[[:space:]]/) return 0
      gsub(/\\\|/, "", header)
      if (header !~ /\|/) return 0
      sub(/[[:space:]]+$/, "", header); sub(/[[:space:]]+$/, "", delimiter)
      sub(/^\|/, "", header); sub(/\|$/, "", header)
      sub(/^\|/, "", delimiter); sub(/\|$/, "", delimiter)
      count=split(header,cells,"|")
      if (!count || split(delimiter,cells,"|") != count) return 0
      for (i=1; i<=count; i++) {
        cell=cells[i]; gsub(/^[[:space:]]+|[[:space:]]+$/, "", cell)
        if (cell !~ /^:?-+:?$/) return 0
      }
      return 1
    }
    function closing_tick(s, size, row, probe, list_number) {
      while (1) {
        while (match(s, /`+/)) {
          if (RLENGTH == size) return 1
          s=substr(s,RSTART+RLENGTH)
        }
        if (++row > NR || lines[row] ~ /^[[:space:]]*$/) return 0
        s=lines[row]
        probe=s; sub(/^ ? ? ?/, "", probe)
        list_number=probe; sub(/[.)].*$/, "", list_number)
        if (probe ~ /^[0-9]+[.)][[:space:]]+[^[:space:]]/ && length(list_number) <= 9 && list_number+0 == 1) return 0
        if (table_start(row) || probe ~ /^```|^~~~|^#[#]?[#]?[#]?[#]?[#]?([[:space:]]|$)|^[-+*][[:space:]]+[^[:space:]]|^<!--/) return 0
      }
    }
    function uncomment(s, row, out, end, size) {
      out=""
      while (length(s)) {
        if (comment) {
          end=index(s,"-->"); if (!end) return out
          s=substr(s,end+3); comment=0
        } else if (inline_size) {
          if (!match(s,/`+/)) return out s
          size=RLENGTH
          out=out substr(s,1,RSTART+size-1)
          s=substr(s,RSTART+size)
          if (size == inline_size) inline_size=0
        } else if (substr(s,1,4) == "<!--") {
          comment=1; s=substr(s,5)
        } else if (substr(s,1,2) == "\\`" || substr(s,1,2) == "\\\\" || substr(s,1,2) == "\\<") {
          out=out substr(s,1,2); s=substr(s,3)
        } else if (substr(s,1,1) == "`") {
          match(s,/^`+/); size=RLENGTH
          out=out substr(s,1,size); s=substr(s,size+1)
          if (closing_tick(s,size,row)) inline_size=size
        } else {
          out=out substr(s,1,1); s=substr(s,2)
        }
      }
      return out
    }
    { lines[NR]=$0 }
    END {
      for (row=1; row<=NR; row++) {
        line=lines[row]
        if (!fenced && !comment && !inline_size) {
          if (line ~ /^[[:space:]]*$/) {
            paragraph=0; table=0
            print line
            continue
          }
          if (line ~ /^(    | ? ? ?\t)/ && (indented || !paragraph)) {
            indented=1; table=0
            if (keep_fences == "yes") print line
            continue
          }
          indented=0
        }
        scan=line
        spaces=0
        while (spaces < 3 && substr(scan,1,1) == " ") { scan=substr(scan,2); spaces++ }
        marker=substr(scan,1,1)
        marker_len=0
        if (marker == "`" || marker == "~") {
          while (substr(scan,marker_len+1,1) == marker) marker_len++
        }
        if (marker_len >= 3 && !comment && !inline_size) {
          paragraph=0; table=0
          rest=substr(scan,marker_len+1)
          if (!fenced) {
            fenced=1; fence_marker=marker; fence_len=marker_len
          } else if (marker == fence_marker && marker_len >= fence_len && rest ~ /^[[:space:]]*$/) {
            fenced=0
          }
          if (keep_fences == "yes") print line
          continue
        }
        if (fenced) {
          if (keep_fences == "yes") print line
          continue
        }
        line=uncomment(line,row)
        scan=line; sub(/^ ? ? ?/, "", scan)
        table=table_start(row) || (table && scan ~ /\|/)
        paragraph=(line !~ /^[[:space:]]*$/ && scan !~ /^#[#]?[#]?[#]?[#]?[#]?([[:space:]]|$)/ && !table)
        if (line ~ /^[[:space:]]*$/ && lines[row] !~ /^[[:space:]]*$/) continue
        print line
      }
    }'
++ fm_brief_heading_parse - '## Tier' present
++ local file=- 'heading=## Tier' mode=present input=-
++ '[' - = - ']'
++ input=/dev/stdin
++ awk -v 'heading=## Tier' -v mode=present '
    BEGIN {
      target_level = 0
      while (substr(heading, target_level + 1, 1) == "#") target_level++
    }
    {
      line = $0
      scan = line
      spaces = 0
      while (spaces < 3 && substr(scan, 1, 1) == " ") {
        scan = substr(scan, 2)
        spaces++
      }
      marker = substr(scan, 1, 1)
      marker_len = 0
      if (marker == "`" || marker == "~") {
        while (substr(scan, marker_len + 1, 1) == marker) marker_len++
      }
      is_fence = marker_len >= 3
      was_fenced = fenced

      if (is_fence) {
        rest = substr(scan, marker_len + 1)
        if (!fenced) {
          fenced = 1
          fence_marker = marker
          fence_len = marker_len
        } else if (marker == fence_marker && marker_len >= fence_len && rest ~ /^[[:space:]]*$/) {
          fenced = 0
        }
      }

      if (!found && !was_fenced && line == heading) {
        found = 1
        if (mode == "present") next
        grab = 1
        next
      }
      if (mode == "present" || !grab) next
      if (is_fence || was_fenced) {
        print line
        next
      }

      level = 0
      while (substr(scan, level + 1, 1) == "#") level++
      if (level > 0 && level <= target_level && substr(scan, level + 1, 1) ~ /^[[:space:]]?$/) exit
      print line
    }
    END {
      if (mode == "present" && !found) exit 1
    }
  ' /dev/stdin
+++ fm_prep_ui_wiring /tmp/fm-task-delivery.bFyZ7c/helper-direct-PR/home/data/helper/prep.md
+++ local file=/tmp/fm-task-delivery.bFyZ7c/helper-direct-PR/home/data/helper/prep.md line verdict reason
++++ fm_prep_ui_wiring_line /tmp/fm-task-delivery.bFyZ7c/helper-direct-PR/home/data/helper/prep.md
++++ fm_prep_tier_read /tmp/fm-task-delivery.bFyZ7c/helper-direct-PR/home/data/helper/prep.md
++++ local file=/tmp/fm-task-delivery.bFyZ7c/helper-direct-PR/home/data/helper/prep.md mode=body
++++ '[' -f /tmp/fm-task-delivery.bFyZ7c/helper-direct-PR/home/data/helper/prep.md ']'
++++ '[' -r /tmp/fm-task-delivery.bFyZ7c/helper-direct-PR/home/data/helper/prep.md ']'
++++ awk '
    index($0, "- UI wiring:") == 1 { print substr($0, length("- UI wiring:") + 1); exit }
  '
++++ fm_prep_body_text
++++ fm_brief_heading_parse - '## Tier' body
++++ awk -v keep_fences=no '
    function table_start(row, header, delimiter, cells, count, i, cell) {
      if (row >= NR) return 0
      header=lines[row]; delimiter=lines[row+1]
      sub(/^ ? ? ?/, "", header); sub(/^ ? ? ?/, "", delimiter)
      if (header ~ /^[[:space:]]/ || delimiter ~ /^[[:space:]]/) return 0
      gsub(/\\\|/, "", header)
      if (header !~ /\|/) return 0
      sub(/[[:space:]]+$/, "", header); sub(/[[:space:]]+$/, "", delimiter)
      sub(/^\|/, "", header); sub(/\|$/, "", header)
      sub(/^\|/, "", delimiter); sub(/\|$/, "", delimiter)
      count=split(header,cells,"|")
      if (!count || split(delimiter,cells,"|") != count) return 0
      for (i=1; i<=count; i++) {
        cell=cells[i]; gsub(/^[[:space:]]+|[[:space:]]+$/, "", cell)
        if (cell !~ /^:?-+:?$/) return 0
      }
      return 1
    }
    function closing_tick(s, size, row, probe, list_number) {
      while (1) {
        while (match(s, /`+/)) {
          if (RLENGTH == size) return 1
          s=substr(s,RSTART+RLENGTH)
        }
        if (++row > NR || lines[row] ~ /^[[:space:]]*$/) return 0
        s=lines[row]
        probe=s; sub(/^ ? ? ?/, "", probe)
        list_number=probe; sub(/[.)].*$/, "", list_number)
        if (probe ~ /^[0-9]+[.)][[:space:]]+[^[:space:]]/ && length(list_number) <= 9 && list_number+0 == 1) return 0
        if (table_start(row) || probe ~ /^```|^~~~|^#[#]?[#]?[#]?[#]?[#]?([[:space:]]|$)|^[-+*][[:space:]]+[^[:space:]]|^<!--/) return 0
      }
    }
    function uncomment(s, row, out, end, size) {
      out=""
      while (length(s)) {
        if (comment) {
          end=index(s,"-->"); if (!end) return out
          s=substr(s,end+3); comment=0
        } else if (inline_size) {
          if (!match(s,/`+/)) return out s
          size=RLENGTH
          out=out substr(s,1,RSTART+size-1)
          s=substr(s,RSTART+size)
          if (size == inline_size) inline_size=0
        } else if (substr(s,1,4) == "<!--") {
          comment=1; s=substr(s,5)
        } else if (substr(s,1,2) == "\\`" || substr(s,1,2) == "\\\\" || substr(s,1,2) == "\\<") {
          out=out substr(s,1,2); s=substr(s,3)
        } else if (substr(s,1,1) == "`") {
          match(s,/^`+/); size=RLENGTH
          out=out substr(s,1,size); s=substr(s,size+1)
          if (closing_tick(s,size,row)) inline_size=size
        } else {
          out=out substr(s,1,1); s=substr(s,2)
        }
      }
      return out
    }
    { lines[NR]=$0 }
    END {
      for (row=1; row<=NR; row++) {
        line=lines[row]
        if (!fenced && !comment && !inline_size) {
          if (line ~ /^[[:space:]]*$/) {
            paragraph=0; table=0
            print line
            continue
          }
          if (line ~ /^(    | ? ? ?\t)/ && (indented || !paragraph)) {
            indented=1; table=0
            if (keep_fences == "yes") print line
            continue
          }
          indented=0
        }
        scan=line
        spaces=0
        while (spaces < 3 && substr(scan,1,1) == " ") { scan=substr(scan,2); spaces++ }
        marker=substr(scan,1,1)
        marker_len=0
        if (marker == "`" || marker == "~") {
          while (substr(scan,marker_len+1,1) == marker) marker_len++
        }
        if (marker_len >= 3 && !comment && !inline_size) {
          paragraph=0; table=0
          rest=substr(scan,marker_len+1)
          if (!fenced) {
            fenced=1; fence_marker=marker; fence_len=marker_len
          } else if (marker == fence_marker && marker_len >= fence_len && rest ~ /^[[:space:]]*$/) {
            fenced=0
          }
          if (keep_fences == "yes") print line
          continue
        }
        if (fenced) {
          if (keep_fences == "yes") print line
          continue
        }
        line=uncomment(line,row)
        scan=line; sub(/^ ? ? ?/, "", scan)
        table=table_start(row) || (table && scan ~ /\|/)
        paragraph=(line !~ /^[[:space:]]*$/ && scan !~ /^#[#]?[#]?[#]?[#]?[#]?([[:space:]]|$)/ && !table)
        if (line ~ /^[[:space:]]*$/ && lines[row] !~ /^[[:space:]]*$/) continue
        print line
      }
    }'
++++ local file=- 'heading=## Tier' mode=body input=-
++++ '[' - = - ']'
++++ input=/dev/stdin
++++ awk -v 'heading=## Tier' -v mode=body '
    BEGIN {
      target_level = 0
      while (substr(heading, target_level + 1, 1) == "#") target_level++
    }
    {
      line = $0
      scan = line
      spaces = 0
      while (spaces < 3 && substr(scan, 1, 1) == " ") {
        scan = substr(scan, 2)
        spaces++
      }
      marker = substr(scan, 1, 1)
      marker_len = 0
      if (marker == "`" || marker == "~") {
        while (substr(scan, marker_len + 1, 1) == marker) marker_len++
      }
      is_fence = marker_len >= 3
      was_fenced = fenced

      if (is_fence) {
        rest = substr(scan, marker_len + 1)
        if (!fenced) {
          fenced = 1
          fence_marker = marker
          fence_len = marker_len
        } else if (marker == fence_marker && marker_len >= fence_len && rest ~ /^[[:space:]]*$/) {
          fenced = 0
        }
      }

      if (!found && !was_fenced && line == heading) {
        found = 1
        if (mode == "present") next
        grab = 1
        next
      }
      if (mode == "present" || !grab) next
      if (is_fence || was_fenced) {
        print line
        next
      }

      level = 0
      while (substr(scan, level + 1, 1) == "#") level++
      if (level > 0 && level <= target_level && substr(scan, level + 1, 1) ~ /^[[:space:]]?$/) exit
      print line
    }
    END {
      if (mode == "present" && !found) exit 1
    }
  ' /dev/stdin
+++ line=' no, spawn fixture.'
++++ printf %s ' no, spawn fixture.'
++++ sed 's/,.*//'
++++ tr -d '[:space:].'
++++ tr '[:upper:]' '[:lower:]'
+++ verdict=no
++++ printf %s ' no, spawn fixture.'
++++ sed 's/^[^,]*,*//'
++++ tr -d '[:space:].'
+++ reason=spawnfixture
+++ case "$verdict" in
+++ '[' -n spawnfixture ']'
+++ printf '%s\n' no
++ '[' -z no ']'
+++ fm_prep_tier /tmp/fm-task-delivery.bFyZ7c/helper-direct-PR/home/data/helper/prep.md
+++ local file=/tmp/fm-task-delivery.bFyZ7c/helper-direct-PR/home/data/helper/prep.md q1 q2 ui
+++ fm_prep_tier_read /tmp/fm-task-delivery.bFyZ7c/helper-direct-PR/home/data/helper/prep.md present
+++ local file=/tmp/fm-task-delivery.bFyZ7c/helper-direct-PR/home/data/helper/prep.md mode=present
+++ '[' -f /tmp/fm-task-delivery.bFyZ7c/helper-direct-PR/home/data/helper/prep.md ']'
+++ '[' -r /tmp/fm-task-delivery.bFyZ7c/helper-direct-PR/home/data/helper/prep.md ']'
+++ fm_prep_body_text
+++ fm_brief_heading_parse - '## Tier' present
+++ local file=- 'heading=## Tier' mode=present input=-
+++ awk -v keep_fences=no '
    function table_start(row, header, delimiter, cells, count, i, cell) {
      if (row >= NR) return 0
      header=lines[row]; delimiter=lines[row+1]
      sub(/^ ? ? ?/, "", header); sub(/^ ? ? ?/, "", delimiter)
      if (header ~ /^[[:space:]]/ || delimiter ~ /^[[:space:]]/) return 0
      gsub(/\\\|/, "", header)
      if (header !~ /\|/) return 0
      sub(/[[:space:]]+$/, "", header); sub(/[[:space:]]+$/, "", delimiter)
      sub(/^\|/, "", header); sub(/\|$/, "", header)
      sub(/^\|/, "", delimiter); sub(/\|$/, "", delimiter)
      count=split(header,cells,"|")
      if (!count || split(delimiter,cells,"|") != count) return 0
      for (i=1; i<=count; i++) {
        cell=cells[i]; gsub(/^[[:space:]]+|[[:space:]]+$/, "", cell)
        if (cell !~ /^:?-+:?$/) return 0
      }
      return 1
    }
    function closing_tick(s, size, row, probe, list_number) {
      while (1) {
        while (match(s, /`+/)) {
          if (RLENGTH == size) return 1
          s=substr(s,RSTART+RLENGTH)
        }
        if (++row > NR || lines[row] ~ /^[[:space:]]*$/) return 0
        s=lines[row]
        probe=s; sub(/^ ? ? ?/, "", probe)
        list_number=probe; sub(/[.)].*$/, "", list_number)
        if (probe ~ /^[0-9]+[.)][[:space:]]+[^[:space:]]/ && length(list_number) <= 9 && list_number+0 == 1) return 0
        if (table_start(row) || probe ~ /^```|^~~~|^#[#]?[#]?[#]?[#]?[#]?([[:space:]]|$)|^[-+*][[:space:]]+[^[:space:]]|^<!--/) return 0
      }
    }
    function uncomment(s, row, out, end, size) {
      out=""
      while (length(s)) {
        if (comment) {
          end=index(s,"-->"); if (!end) return out
          s=substr(s,end+3); comment=0
        } else if (inline_size) {
          if (!match(s,/`+/)) return out s
          size=RLENGTH
          out=out substr(s,1,RSTART+size-1)
          s=substr(s,RSTART+size)
          if (size == inline_size) inline_size=0
        } else if (substr(s,1,4) == "<!--") {
          comment=1; s=substr(s,5)
        } else if (substr(s,1,2) == "\\`" || substr(s,1,2) == "\\\\" || substr(s,1,2) == "\\<") {
          out=out substr(s,1,2); s=substr(s,3)
        } else if (substr(s,1,1) == "`") {
          match(s,/^`+/); size=RLENGTH
          out=out substr(s,1,size); s=substr(s,size+1)
          if (closing_tick(s,size,row)) inline_size=size
        } else {
          out=out substr(s,1,1); s=substr(s,2)
        }
      }
      return out
    }
    { lines[NR]=$0 }
    END {
      for (row=1; row<=NR; row++) {
        line=lines[row]
        if (!fenced && !comment && !inline_size) {
          if (line ~ /^[[:space:]]*$/) {
            paragraph=0; table=0
            print line
            continue
          }
          if (line ~ /^(    | ? ? ?\t)/ && (indented || !paragraph)) {
            indented=1; table=0
            if (keep_fences == "yes") print line
            continue
          }
          indented=0
        }
        scan=line
        spaces=0
        while (spaces < 3 && substr(scan,1,1) == " ") { scan=substr(scan,2); spaces++ }
        marker=substr(scan,1,1)
        marker_len=0
        if (marker == "`" || marker == "~") {
          while (substr(scan,marker_len+1,1) == marker) marker_len++
        }
        if (marker_len >= 3 && !comment && !inline_size) {
          paragraph=0; table=0
          rest=substr(scan,marker_len+1)
          if (!fenced) {
            fenced=1; fence_marker=marker; fence_len=marker_len
          } else if (marker == fence_marker && marker_len >= fence_len && rest ~ /^[[:space:]]*$/) {
            fenced=0
          }
          if (keep_fences == "yes") print line
          continue
        }
        if (fenced) {
          if (keep_fences == "yes") print line
          continue
        }
        line=uncomment(line,row)
        scan=line; sub(/^ ? ? ?/, "", scan)
        table=table_start(row) || (table && scan ~ /\|/)
        paragraph=(line !~ /^[[:space:]]*$/ && scan !~ /^#[#]?[#]?[#]?[#]?[#]?([[:space:]]|$)/ && !table)
        if (line ~ /^[[:space:]]*$/ && lines[row] !~ /^[[:space:]]*$/) continue
        print line
      }
    }'
+++ '[' - = - ']'
+++ input=/dev/stdin
+++ awk -v 'heading=## Tier' -v mode=present '
    BEGIN {
      target_level = 0
      while (substr(heading, target_level + 1, 1) == "#") target_level++
    }
    {
      line = $0
      scan = line
      spaces = 0
      while (spaces < 3 && substr(scan, 1, 1) == " ") {
        scan = substr(scan, 2)
        spaces++
      }
      marker = substr(scan, 1, 1)
      marker_len = 0
      if (marker == "`" || marker == "~") {
        while (substr(scan, marker_len + 1, 1) == marker) marker_len++
      }
      is_fence = marker_len >= 3
      was_fenced = fenced

      if (is_fence) {
        rest = substr(scan, marker_len + 1)
        if (!fenced) {
          fenced = 1
          fence_marker = marker
          fence_len = marker_len
        } else if (marker == fence_marker && marker_len >= fence_len && rest ~ /^[[:space:]]*$/) {
          fenced = 0
        }
      }

      if (!found && !was_fenced && line == heading) {
        found = 1
        if (mode == "present") next
        grab = 1
        next
      }
      if (mode == "present" || !grab) next
      if (is_fence || was_fenced) {
        print line
        next
      }

      level = 0
      while (substr(scan, level + 1, 1) == "#") level++
      if (level > 0 && level <= target_level && substr(scan, level + 1, 1) ~ /^[[:space:]]?$/) exit
      print line
    }
    END {
      if (mode == "present" && !found) exit 1
    }
  ' /dev/stdin
++++ fm_prep_answer /tmp/fm-task-delivery.bFyZ7c/helper-direct-PR/home/data/helper/prep.md Q1
++++ local file=/tmp/fm-task-delivery.bFyZ7c/helper-direct-PR/home/data/helper/prep.md question=Q1 answer
+++++ fm_prep_labelled /tmp/fm-task-delivery.bFyZ7c/helper-direct-PR/home/data/helper/prep.md '## Tier' Q1
+++++ awk -F: 'NF > 1 && !done { print $NF; done = 1 }'
+++++ '[' '## Tier' = '## Tier' ']'
+++++ fm_prep_tier_read /tmp/fm-task-delivery.bFyZ7c/helper-direct-PR/home/data/helper/prep.md
+++++ local file=/tmp/fm-task-delivery.bFyZ7c/helper-direct-PR/home/data/helper/prep.md mode=body
+++++ '[' -f /tmp/fm-task-delivery.bFyZ7c/helper-direct-PR/home/data/helper/prep.md ']'
+++++ '[' -r /tmp/fm-task-delivery.bFyZ7c/helper-direct-PR/home/data/helper/prep.md ']'
+++++ awk -v q=Q1 'index($0, "- " q " ") == 1 { print substr($0, length(q) + 4) }'
+++++ fm_prep_body_text
+++++ fm_brief_heading_parse - '## Tier' body
+++++ awk -v keep_fences=no '
    function table_start(row, header, delimiter, cells, count, i, cell) {
      if (row >= NR) return 0
      header=lines[row]; delimiter=lines[row+1]
      sub(/^ ? ? ?/, "", header); sub(/^ ? ? ?/, "", delimiter)
      if (header ~ /^[[:space:]]/ || delimiter ~ /^[[:space:]]/) return 0
      gsub(/\\\|/, "", header)
      if (header !~ /\|/) return 0
      sub(/[[:space:]]+$/, "", header); sub(/[[:space:]]+$/, "", delimiter)
      sub(/^\|/, "", header); sub(/\|$/, "", header)
      sub(/^\|/, "", delimiter); sub(/\|$/, "", delimiter)
      count=split(header,cells,"|")
      if (!count || split(delimiter,cells,"|") != count) return 0
      for (i=1; i<=count; i++) {
        cell=cells[i]; gsub(/^[[:space:]]+|[[:space:]]+$/, "", cell)
        if (cell !~ /^:?-+:?$/) return 0
      }
      return 1
    }
    function closing_tick(s, size, row, probe, list_number) {
      while (1) {
        while (match(s, /`+/)) {
          if (RLENGTH == size) return 1
          s=substr(s,RSTART+RLENGTH)
        }
        if (++row > NR || lines[row] ~ /^[[:space:]]*$/) return 0
        s=lines[row]
        probe=s; sub(/^ ? ? ?/, "", probe)
        list_number=probe; sub(/[.)].*$/, "", list_number)
        if (probe ~ /^[0-9]+[.)][[:space:]]+[^[:space:]]/ && length(list_number) <= 9 && list_number+0 == 1) return 0
        if (table_start(row) || probe ~ /^```|^~~~|^#[#]?[#]?[#]?[#]?[#]?([[:space:]]|$)|^[-+*][[:space:]]+[^[:space:]]|^<!--/) return 0
      }
    }
    function uncomment(s, row, out, end, size) {
      out=""
      while (length(s)) {
        if (comment) {
          end=index(s,"-->"); if (!end) return out
          s=substr(s,end+3); comment=0
        } else if (inline_size) {
          if (!match(s,/`+/)) return out s
          size=RLENGTH
          out=out substr(s,1,RSTART+size-1)
          s=substr(s,RSTART+size)
          if (size == inline_size) inline_size=0
        } else if (substr(s,1,4) == "<!--") {
          comment=1; s=substr(s,5)
        } else if (substr(s,1,2) == "\\`" || substr(s,1,2) == "\\\\" || substr(s,1,2) == "\\<") {
          out=out substr(s,1,2); s=substr(s,3)
        } else if (substr(s,1,1) == "`") {
          match(s,/^`+/); size=RLENGTH
          out=out substr(s,1,size); s=substr(s,size+1)
          if (closing_tick(s,size,row)) inline_size=size
        } else {
          out=out substr(s,1,1); s=substr(s,2)
        }
      }
      return out
    }
    { lines[NR]=$0 }
    END {
      for (row=1; row<=NR; row++) {
        line=lines[row]
        if (!fenced && !comment && !inline_size) {
          if (line ~ /^[[:space:]]*$/) {
            paragraph=0; table=0
            print line
            continue
          }
          if (line ~ /^(    | ? ? ?\t)/ && (indented || !paragraph)) {
            indented=1; table=0
            if (keep_fences == "yes") print line
            continue
          }
          indented=0
        }
        scan=line
        spaces=0
        while (spaces < 3 && substr(scan,1,1) == " ") { scan=substr(scan,2); spaces++ }
        marker=substr(scan,1,1)
        marker_len=0
        if (marker == "`" || marker == "~") {
          while (substr(scan,marker_len+1,1) == marker) marker_len++
        }
        if (marker_len >= 3 && !comment && !inline_size) {
          paragraph=0; table=0
          rest=substr(scan,marker_len+1)
          if (!fenced) {
            fenced=1; fence_marker=marker; fence_len=marker_len
          } else if (marker == fence_marker && marker_len >= fence_len && rest ~ /^[[:space:]]*$/) {
            fenced=0
          }
          if (keep_fences == "yes") print line
          continue
        }
        if (fenced) {
          if (keep_fences == "yes") print line
          continue
        }
        line=uncomment(line,row)
        scan=line; sub(/^ ? ? ?/, "", scan)
        table=table_start(row) || (table && scan ~ /\|/)
        paragraph=(line !~ /^[[:space:]]*$/ && scan !~ /^#[#]?[#]?[#]?[#]?[#]?([[:space:]]|$)/ && !table)
        if (line ~ /^[[:space:]]*$/ && lines[row] !~ /^[[:space:]]*$/) continue
        print line
      }
    }'
+++++ local file=- 'heading=## Tier' mode=body input=-
+++++ '[' - = - ']'
+++++ input=/dev/stdin
+++++ awk -v 'heading=## Tier' -v mode=body '
    BEGIN {
      target_level = 0
      while (substr(heading, target_level + 1, 1) == "#") target_level++
    }
    {
      line = $0
      scan = line
      spaces = 0
      while (spaces < 3 && substr(scan, 1, 1) == " ") {
        scan = substr(scan, 2)
        spaces++
      }
      marker = substr(scan, 1, 1)
      marker_len = 0
      if (marker == "`" || marker == "~") {
        while (substr(scan, marker_len + 1, 1) == marker) marker_len++
      }
      is_fence = marker_len >= 3
      was_fenced = fenced

      if (is_fence) {
        rest = substr(scan, marker_len + 1)
        if (!fenced) {
          fenced = 1
          fence_marker = marker
          fence_len = marker_len
        } else if (marker == fence_marker && marker_len >= fence_len && rest ~ /^[[:space:]]*$/) {
          fenced = 0
        }
      }

      if (!found && !was_fenced && line == heading) {
        found = 1
        if (mode == "present") next
        grab = 1
        next
      }
      if (mode == "present" || !grab) next
      if (is_fence || was_fenced) {
        print line
        next
      }

      level = 0
      while (substr(scan, level + 1, 1) == "#") level++
      if (level > 0 && level <= target_level && substr(scan, level + 1, 1) ~ /^[[:space:]]?$/) exit
      print line
    }
    END {
      if (mode == "present" && !found) exit 1
    }
  ' /dev/stdin
+++++ tr -d '[:space:].'
+++++ tr '[:upper:]' '[:lower:]'
++++ answer=no
++++ case "$answer" in
++++ printf '%s\n' no
+++ q1=no
++++ fm_prep_answer /tmp/fm-task-delivery.bFyZ7c/helper-direct-PR/home/data/helper/prep.md Q2
++++ local file=/tmp/fm-task-delivery.bFyZ7c/helper-direct-PR/home/data/helper/prep.md question=Q2 answer
+++++ awk -F: 'NF > 1 && !done { print $NF; done = 1 }'
+++++ tr -d '[:space:].'
+++++ tr '[:upper:]' '[:lower:]'
+++++ fm_prep_labelled /tmp/fm-task-delivery.bFyZ7c/helper-direct-PR/home/data/helper/prep.md '## Tier' Q2
+++++ '[' '## Tier' = '## Tier' ']'
+++++ fm_prep_tier_read /tmp/fm-task-delivery.bFyZ7c/helper-direct-PR/home/data/helper/prep.md
+++++ awk -v q=Q2 'index($0, "- " q " ") == 1 { print substr($0, length(q) + 4) }'
+++++ local file=/tmp/fm-task-delivery.bFyZ7c/helper-direct-PR/home/data/helper/prep.md mode=body
+++++ '[' -f /tmp/fm-task-delivery.bFyZ7c/helper-direct-PR/home/data/helper/prep.md ']'
+++++ '[' -r /tmp/fm-task-delivery.bFyZ7c/helper-direct-PR/home/data/helper/prep.md ']'
+++++ fm_brief_heading_parse - '## Tier' body
+++++ local file=- 'heading=## Tier' mode=body input=-
+++++ '[' - = - ']'
+++++ input=/dev/stdin
+++++ awk -v 'heading=## Tier' -v mode=body '
    BEGIN {
      target_level = 0
      while (substr(heading, target_level + 1, 1) == "#") target_level++
    }
    {
      line = $0
      scan = line
      spaces = 0
      while (spaces < 3 && substr(scan, 1, 1) == " ") {
        scan = substr(scan, 2)
        spaces++
      }
      marker = substr(scan, 1, 1)
      marker_len = 0
      if (marker == "`" || marker == "~") {
        while (substr(scan, marker_len + 1, 1) == marker) marker_len++
      }
      is_fence = marker_len >= 3
      was_fenced = fenced

      if (is_fence) {
        rest = substr(scan, marker_len + 1)
        if (!fenced) {
          fenced = 1
          fence_marker = marker
          fence_len = marker_len
        } else if (marker == fence_marker && marker_len >= fence_len && rest ~ /^[[:space:]]*$/) {
          fenced = 0
        }
      }

      if (!found && !was_fenced && line == heading) {
        found = 1
        if (mode == "present") next
        grab = 1
        next
      }
      if (mode == "present" || !grab) next
      if (is_fence || was_fenced) {
        print line
        next
      }

      level = 0
      while (substr(scan, level + 1, 1) == "#") level++
      if (level > 0 && level <= target_level && substr(scan, level + 1, 1) ~ /^[[:space:]]?$/) exit
      print line
    }
    END {
      if (mode == "present" && !found) exit 1
    }
  ' /dev/stdin
+++++ fm_prep_body_text
+++++ awk -v keep_fences=no '
    function table_start(row, header, delimiter, cells, count, i, cell) {
      if (row >= NR) return 0
      header=lines[row]; delimiter=lines[row+1]
      sub(/^ ? ? ?/, "", header); sub(/^ ? ? ?/, "", delimiter)
      if (header ~ /^[[:space:]]/ || delimiter ~ /^[[:space:]]/) return 0
      gsub(/\\\|/, "", header)
      if (header !~ /\|/) return 0
      sub(/[[:space:]]+$/, "", header); sub(/[[:space:]]+$/, "", delimiter)
      sub(/^\|/, "", header); sub(/\|$/, "", header)
      sub(/^\|/, "", delimiter); sub(/\|$/, "", delimiter)
      count=split(header,cells,"|")
      if (!count || split(delimiter,cells,"|") != count) return 0
      for (i=1; i<=count; i++) {
        cell=cells[i]; gsub(/^[[:space:]]+|[[:space:]]+$/, "", cell)
        if (cell !~ /^:?-+:?$/) return 0
      }
      return 1
    }
    function closing_tick(s, size, row, probe, list_number) {
      while (1) {
        while (match(s, /`+/)) {
          if (RLENGTH == size) return 1
          s=substr(s,RSTART+RLENGTH)
        }
        if (++row > NR || lines[row] ~ /^[[:space:]]*$/) return 0
        s=lines[row]
        probe=s; sub(/^ ? ? ?/, "", probe)
        list_number=probe; sub(/[.)].*$/, "", list_number)
        if (probe ~ /^[0-9]+[.)][[:space:]]+[^[:space:]]/ && length(list_number) <= 9 && list_number+0 == 1) return 0
        if (table_start(row) || probe ~ /^```|^~~~|^#[#]?[#]?[#]?[#]?[#]?([[:space:]]|$)|^[-+*][[:space:]]+[^[:space:]]|^<!--/) return 0
      }
    }
    function uncomment(s, row, out, end, size) {
      out=""
      while (length(s)) {
        if (comment) {
          end=index(s,"-->"); if (!end) return out
          s=substr(s,end+3); comment=0
        } else if (inline_size) {
          if (!match(s,/`+/)) return out s
          size=RLENGTH
          out=out substr(s,1,RSTART+size-1)
          s=substr(s,RSTART+size)
          if (size == inline_size) inline_size=0
        } else if (substr(s,1,4) == "<!--") {
          comment=1; s=substr(s,5)
        } else if (substr(s,1,2) == "\\`" || substr(s,1,2) == "\\\\" || substr(s,1,2) == "\\<") {
          out=out substr(s,1,2); s=substr(s,3)
        } else if (substr(s,1,1) == "`") {
          match(s,/^`+/); size=RLENGTH
          out=out substr(s,1,size); s=substr(s,size+1)
          if (closing_tick(s,size,row)) inline_size=size
        } else {
          out=out substr(s,1,1); s=substr(s,2)
        }
      }
      return out
    }
    { lines[NR]=$0 }
    END {
      for (row=1; row<=NR; row++) {
        line=lines[row]
        if (!fenced && !comment && !inline_size) {
          if (line ~ /^[[:space:]]*$/) {
            paragraph=0; table=0
            print line
            continue
          }
          if (line ~ /^(    | ? ? ?\t)/ && (indented || !paragraph)) {
            indented=1; table=0
            if (keep_fences == "yes") print line
            continue
          }
          indented=0
        }
        scan=line
        spaces=0
        while (spaces < 3 && substr(scan,1,1) == " ") { scan=substr(scan,2); spaces++ }
        marker=substr(scan,1,1)
        marker_len=0
        if (marker == "`" || marker == "~") {
          while (substr(scan,marker_len+1,1) == marker) marker_len++
        }
        if (marker_len >= 3 && !comment && !inline_size) {
          paragraph=0; table=0
          rest=substr(scan,marker_len+1)
          if (!fenced) {
            fenced=1; fence_marker=marker; fence_len=marker_len
          } else if (marker == fence_marker && marker_len >= fence_len && rest ~ /^[[:space:]]*$/) {
            fenced=0
          }
          if (keep_fences == "yes") print line
          continue
        }
        if (fenced) {
          if (keep_fences == "yes") print line
          continue
        }
        line=uncomment(line,row)
        scan=line; sub(/^ ? ? ?/, "", scan)
        table=table_start(row) || (table && scan ~ /\|/)
        paragraph=(line !~ /^[[:space:]]*$/ && scan !~ /^#[#]?[#]?[#]?[#]?[#]?([[:space:]]|$)/ && !table)
        if (line ~ /^[[:space:]]*$/ && lines[row] !~ /^[[:space:]]*$/) continue
        print line
      }
    }'
++++ answer=no
++++ case "$answer" in
++++ printf '%s\n' no
+++ q2=no
++++ fm_prep_ui_wiring /tmp/fm-task-delivery.bFyZ7c/helper-direct-PR/home/data/helper/prep.md
++++ local file=/tmp/fm-task-delivery.bFyZ7c/helper-direct-PR/home/data/helper/prep.md line verdict reason
+++++ fm_prep_ui_wiring_line /tmp/fm-task-delivery.bFyZ7c/helper-direct-PR/home/data/helper/prep.md
+++++ fm_prep_tier_read /tmp/fm-task-delivery.bFyZ7c/helper-direct-PR/home/data/helper/prep.md
+++++ local file=/tmp/fm-task-delivery.bFyZ7c/helper-direct-PR/home/data/helper/prep.md mode=body
+++++ '[' -f /tmp/fm-task-delivery.bFyZ7c/helper-direct-PR/home/data/helper/prep.md ']'
+++++ '[' -r /tmp/fm-task-delivery.bFyZ7c/helper-direct-PR/home/data/helper/prep.md ']'
+++++ awk '
    index($0, "- UI wiring:") == 1 { print substr($0, length("- UI wiring:") + 1); exit }
  '
+++++ fm_prep_body_text
+++++ fm_brief_heading_parse - '## Tier' body
+++++ local file=- 'heading=## Tier' mode=body input=-
+++++ '[' - = - ']'
+++++ input=/dev/stdin
+++++ awk -v keep_fences=no '
    function table_start(row, header, delimiter, cells, count, i, cell) {
      if (row >= NR) return 0
      header=lines[row]; delimiter=lines[row+1]
      sub(/^ ? ? ?/, "", header); sub(/^ ? ? ?/, "", delimiter)
      if (header ~ /^[[:space:]]/ || delimiter ~ /^[[:space:]]/) return 0
      gsub(/\\\|/, "", header)
      if (header !~ /\|/) return 0
      sub(/[[:space:]]+$/, "", header); sub(/[[:space:]]+$/, "", delimiter)
      sub(/^\|/, "", header); sub(/\|$/, "", header)
      sub(/^\|/, "", delimiter); sub(/\|$/, "", delimiter)
      count=split(header,cells,"|")
      if (!count || split(delimiter,cells,"|") != count) return 0
      for (i=1; i<=count; i++) {
        cell=cells[i]; gsub(/^[[:space:]]+|[[:space:]]+$/, "", cell)
        if (cell !~ /^:?-+:?$/) return 0
      }
      return 1
    }
    function closing_tick(s, size, row, probe, list_number) {
      while (1) {
        while (match(s, /`+/)) {
          if (RLENGTH == size) return 1
          s=substr(s,RSTART+RLENGTH)
        }
        if (++row > NR || lines[row] ~ /^[[:space:]]*$/) return 0
        s=lines[row]
        probe=s; sub(/^ ? ? ?/, "", probe)
        list_number=probe; sub(/[.)].*$/, "", list_number)
        if (probe ~ /^[0-9]+[.)][[:space:]]+[^[:space:]]/ && length(list_number) <= 9 && list_number+0 == 1) return 0
        if (table_start(row) || probe ~ /^```|^~~~|^#[#]?[#]?[#]?[#]?[#]?([[:space:]]|$)|^[-+*][[:space:]]+[^[:space:]]|^<!--/) return 0
      }
    }
    function uncomment(s, row, out, end, size) {
      out=""
      while (length(s)) {
        if (comment) {
          end=index(s,"-->"); if (!end) return out
          s=substr(s,end+3); comment=0
        } else if (inline_size) {
          if (!match(s,/`+/)) return out s
          size=RLENGTH
          out=out substr(s,1,RSTART+size-1)
          s=substr(s,RSTART+size)
          if (size == inline_size) inline_size=0
        } else if (substr(s,1,4) == "<!--") {
          comment=1; s=substr(s,5)
        } else if (substr(s,1,2) == "\\`" || substr(s,1,2) == "\\\\" || substr(s,1,2) == "\\<") {
          out=out substr(s,1,2); s=substr(s,3)
        } else if (substr(s,1,1) == "`") {
          match(s,/^`+/); size=RLENGTH
          out=out substr(s,1,size); s=substr(s,size+1)
          if (closing_tick(s,size,row)) inline_size=size
        } else {
          out=out substr(s,1,1); s=substr(s,2)
        }
      }
      return out
    }
    { lines[NR]=$0 }
    END {
      for (row=1; row<=NR; row++) {
        line=lines[row]
        if (!fenced && !comment && !inline_size) {
          if (line ~ /^[[:space:]]*$/) {
            paragraph=0; table=0
            print line
            continue
          }
          if (line ~ /^(    | ? ? ?\t)/ && (indented || !paragraph)) {
            indented=1; table=0
            if (keep_fences == "yes") print line
            continue
          }
          indented=0
        }
        scan=line
        spaces=0
        while (spaces < 3 && substr(scan,1,1) == " ") { scan=substr(scan,2); spaces++ }
        marker=substr(scan,1,1)
        marker_len=0
        if (marker == "`" || marker == "~") {
          while (substr(scan,marker_len+1,1) == marker) marker_len++
        }
        if (marker_len >= 3 && !comment && !inline_size) {
          paragraph=0; table=0
          rest=substr(scan,marker_len+1)
          if (!fenced) {
            fenced=1; fence_marker=marker; fence_len=marker_len
          } else if (marker == fence_marker && marker_len >= fence_len && rest ~ /^[[:space:]]*$/) {
            fenced=0
          }
          if (keep_fences == "yes") print line
          continue
        }
        if (fenced) {
          if (keep_fences == "yes") print line
          continue
        }
        line=uncomment(line,row)
        scan=line; sub(/^ ? ? ?/, "", scan)
        table=table_start(row) || (table && scan ~ /\|/)
        paragraph=(line !~ /^[[:space:]]*$/ && scan !~ /^#[#]?[#]?[#]?[#]?[#]?([[:space:]]|$)/ && !table)
        if (line ~ /^[[:space:]]*$/ && lines[row] !~ /^[[:space:]]*$/) continue
        print line
      }
    }'
+++++ awk -v 'heading=## Tier' -v mode=body '
    BEGIN {
      target_level = 0
      while (substr(heading, target_level + 1, 1) == "#") target_level++
    }
    {
      line = $0
      scan = line
      spaces = 0
      while (spaces < 3 && substr(scan, 1, 1) == " ") {
        scan = substr(scan, 2)
        spaces++
      }
      marker = substr(scan, 1, 1)
      marker_len = 0
      if (marker == "`" || marker == "~") {
        while (substr(scan, marker_len + 1, 1) == marker) marker_len++
      }
      is_fence = marker_len >= 3
      was_fenced = fenced

      if (is_fence) {
        rest = substr(scan, marker_len + 1)
        if (!fenced) {
          fenced = 1
          fence_marker = marker
          fence_len = marker_len
        } else if (marker == fence_marker && marker_len >= fence_len && rest ~ /^[[:space:]]*$/) {
          fenced = 0
        }
      }

      if (!found && !was_fenced && line == heading) {
        found = 1
        if (mode == "present") next
        grab = 1
        next
      }
      if (mode == "present" || !grab) next
      if (is_fence || was_fenced) {
        print line
        next
      }

      level = 0
      while (substr(scan, level + 1, 1) == "#") level++
      if (level > 0 && level <= target_level && substr(scan, level + 1, 1) ~ /^[[:space:]]?$/) exit
      print line
    }
    END {
      if (mode == "present" && !found) exit 1
    }
  ' /dev/stdin
++++ line=' no, spawn fixture.'
+++++ printf %s ' no, spawn fixture.'
+++++ sed 's/,.*//'
+++++ tr '[:upper:]' '[:lower:]'
+++++ tr -d '[:space:].'
++++ verdict=no
+++++ printf %s ' no, spawn fixture.'
+++++ tr -d '[:space:].'
+++++ sed 's/^[^,]*,*//'
++++ reason=spawnfixture
++++ case "$verdict" in
++++ '[' -n spawnfixture ']'
++++ printf '%s\n' no
+++ ui=no
+++ '[' -z no ']'
+++ '[' -z no ']'
+++ '[' -z no ']'
+++ '[' no = yes ']'
+++ '[' no = yes ']'
+++ '[' no = yes ']'
+++ printf '0\n'
++ tier=0
++ '[' -z 0 ']'
++ fm_prep_delivery_mode /tmp/fm-task-delivery.bFyZ7c/helper-direct-PR/home/data/helper/prep.md
++ cp /tmp/fm-task-delivery.bFyZ7c/helper-direct-PR/home/data/helper/prep.md /home/zcrew/.no-mistakes/evidence/01M45JNGXNRJ522PPBNYHJF1VA/restored-helper-SIBLINGS_NAMED.input.md
++ review_original_delivery_mode /tmp/fm-task-delivery.bFyZ7c/helper-direct-PR/home/data/helper/prep.md
++ local value reason mode
+++ fm_prep_tier_read /tmp/fm-task-delivery.bFyZ7c/helper-direct-PR/home/data/helper/prep.md
+++ local file=/tmp/fm-task-delivery.bFyZ7c/helper-direct-PR/home/data/helper/prep.md mode=body
+++ '[' -f /tmp/fm-task-delivery.bFyZ7c/helper-direct-PR/home/data/helper/prep.md ']'
+++ '[' -r /tmp/fm-task-delivery.bFyZ7c/helper-direct-PR/home/data/helper/prep.md ']'
+++ awk '
    /^- Delivery depth:/ { seen++; value=substr($0,19) }
    END { if (seen == 1) print value }
  '
+++ fm_prep_body_text
+++ awk -v keep_fences=no '
    function table_start(row, header, delimiter, cells, count, i, cell) {
      if (row >= NR) return 0
      header=lines[row]; delimiter=lines[row+1]
      sub(/^ ? ? ?/, "", header); sub(/^ ? ? ?/, "", delimiter)
      if (header ~ /^[[:space:]]/ || delimiter ~ /^[[:space:]]/) return 0
      gsub(/\\\|/, "", header)
      if (header !~ /\|/) return 0
      sub(/[[:space:]]+$/, "", header); sub(/[[:space:]]+$/, "", delimiter)
      sub(/^\|/, "", header); sub(/\|$/, "", header)
      sub(/^\|/, "", delimiter); sub(/\|$/, "", delimiter)
      count=split(header,cells,"|")
      if (!count || split(delimiter,cells,"|") != count) return 0
      for (i=1; i<=count; i++) {
        cell=cells[i]; gsub(/^[[:space:]]+|[[:space:]]+$/, "", cell)
        if (cell !~ /^:?-+:?$/) return 0
      }
      return 1
    }
    function closing_tick(s, size, row, probe, list_number) {
      while (1) {
        while (match(s, /`+/)) {
          if (RLENGTH == size) return 1
          s=substr(s,RSTART+RLENGTH)
        }
        if (++row > NR || lines[row] ~ /^[[:space:]]*$/) return 0
        s=lines[row]
        probe=s; sub(/^ ? ? ?/, "", probe)
        list_number=probe; sub(/[.)].*$/, "", list_number)
        if (probe ~ /^[0-9]+[.)][[:space:]]+[^[:space:]]/ && length(list_number) <= 9 && list_number+0 == 1) return 0
        if (table_start(row) || probe ~ /^```|^~~~|^#[#]?[#]?[#]?[#]?[#]?([[:space:]]|$)|^[-+*][[:space:]]+[^[:space:]]|^<!--/) return 0
      }
    }
    function uncomment(s, row, out, end, size) {
      out=""
      while (length(s)) {
        if (comment) {
          end=index(s,"-->"); if (!end) return out
          s=substr(s,end+3); comment=0
        } else if (inline_size) {
          if (!match(s,/`+/)) return out s
          size=RLENGTH
          out=out substr(s,1,RSTART+size-1)
          s=substr(s,RSTART+size)
          if (size == inline_size) inline_size=0
        } else if (substr(s,1,4) == "<!--") {
          comment=1; s=substr(s,5)
        } else if (substr(s,1,2) == "\\`" || substr(s,1,2) == "\\\\" || substr(s,1,2) == "\\<") {
          out=out substr(s,1,2); s=substr(s,3)
        } else if (substr(s,1,1) == "`") {
          match(s,/^`+/); size=RLENGTH
          out=out substr(s,1,size); s=substr(s,size+1)
          if (closing_tick(s,size,row)) inline_size=size
        } else {
          out=out substr(s,1,1); s=substr(s,2)
        }
      }
      return out
    }
    { lines[NR]=$0 }
    END {
      for (row=1; row<=NR; row++) {
        line=lines[row]
        if (!fenced && !comment && !inline_size) {
          if (line ~ /^[[:space:]]*$/) {
            paragraph=0; table=0
            print line
            continue
          }
          if (line ~ /^(    | ? ? ?\t)/ && (indented || !paragraph)) {
            indented=1; table=0
            if (keep_fences == "yes") print line
            continue
          }
          indented=0
        }
        scan=line
        spaces=0
        while (spaces < 3 && substr(scan,1,1) == " ") { scan=substr(scan,2); spaces++ }
        marker=substr(scan,1,1)
        marker_len=0
        if (marker == "`" || marker == "~") {
          while (substr(scan,marker_len+1,1) == marker) marker_len++
        }
        if (marker_len >= 3 && !comment && !inline_size) {
          paragraph=0; table=0
          rest=substr(scan,marker_len+1)
          if (!fenced) {
            fenced=1; fence_marker=marker; fence_len=marker_len
          } else if (marker == fence_marker && marker_len >= fence_len && rest ~ /^[[:space:]]*$/) {
            fenced=0
          }
          if (keep_fences == "yes") print line
          continue
        }
        if (fenced) {
          if (keep_fences == "yes") print line
          continue
        }
        line=uncomment(line,row)
        scan=line; sub(/^ ? ? ?/, "", scan)
        table=table_start(row) || (table && scan ~ /\|/)
        paragraph=(line !~ /^[[:space:]]*$/ && scan !~ /^#[#]?[#]?[#]?[#]?[#]?([[:space:]]|$)/ && !table)
        if (line ~ /^[[:space:]]*$/ && lines[row] !~ /^[[:space:]]*$/) continue
        print line
      }
    }'
+++ fm_brief_heading_parse - '## Tier' body
+++ local file=- 'heading=## Tier' mode=body input=-
+++ '[' - = - ']'
+++ input=/dev/stdin
+++ awk -v 'heading=## Tier' -v mode=body '
    BEGIN {
      target_level = 0
      while (substr(heading, target_level + 1, 1) == "#") target_level++
    }
    {
      line = $0
      scan = line
      spaces = 0
      while (spaces < 3 && substr(scan, 1, 1) == " ") {
        scan = substr(scan, 2)
        spaces++
      }
      marker = substr(scan, 1, 1)
      marker_len = 0
      if (marker == "`" || marker == "~") {
        while (substr(scan, marker_len + 1, 1) == marker) marker_len++
      }
      is_fence = marker_len >= 3
      was_fenced = fenced

      if (is_fence) {
        rest = substr(scan, marker_len + 1)
        if (!fenced) {
          fenced = 1
          fence_marker = marker
          fence_len = marker_len
        } else if (marker == fence_marker && marker_len >= fence_len && rest ~ /^[[:space:]]*$/) {
          fenced = 0
        }
      }

      if (!found && !was_fenced && line == heading) {
        found = 1
        if (mode == "present") next
        grab = 1
        next
      }
      if (mode == "present" || !grab) next
      if (is_fence || was_fenced) {
        print line
        next
      }

      level = 0
      while (substr(scan, level + 1, 1) == "#") level++
      if (level > 0 && level <= target_level && substr(scan, level + 1, 1) ~ /^[[:space:]]?$/) exit
      print line
    }
    END {
      if (mode == "present" && !found) exit 1
    }
  ' /dev/stdin
++ value='checks-only (direct-PR), exercise the declared fixture delivery contract.'
++ case "$value" in
++ mode=direct-PR
++ reason='exercise the declared fixture delivery contract.'
++ case "$reason" in
++ fm_prep_answer_complete 'exercise the declared fixture delivery contract.' no
++ printf '%s\n' 'exercise the declared fixture delivery contract.'
++ awk -v na=no '
    function clean(s) { gsub(/^[[:space:]]+|[[:space:]]+$/, "", s); return s }
    { text=text $0 " " }
    END {
      text=clean(text)
      if (tolower(text) ~ /^n\/a([ :]|$)/) {
        if (na != "yes" || text !~ /^[nN]\/[aA]:[[:space:]]*[^[:space:]]/) exit 1
        sub(/^[nN]\/[aA]:[[:space:]]*/, "", text)
      }
      if (text == "" || text ~ /^[{][A-Z0-9_]+[}]$/ || text ~ /^<[^>]+>$/ || tolower(text) ~ /^(example|e[.]g[.]|todo|tbd)([ :]|$)/) exit 1
    }'
++ printf '%s\n' direct-PR
+++ fm_prep_common_reason /tmp/fm-task-delivery.bFyZ7c/helper-direct-PR/home/data/helper/prep.md
+++ local file=/tmp/fm-task-delivery.bFyZ7c/helper-direct-PR/home/data/helper/prep.md label placeholder conditional guide body value reason
+++ fm_brief_heading_present /tmp/fm-task-delivery.bFyZ7c/helper-direct-PR/home/data/helper/prep.md '## Author checks'
+++ fm_brief_heading_parse /tmp/fm-task-delivery.bFyZ7c/helper-direct-PR/home/data/helper/prep.md '## Author checks' present
+++ local file=/tmp/fm-task-delivery.bFyZ7c/helper-direct-PR/home/data/helper/prep.md 'heading=## Author checks' mode=present input=/tmp/fm-task-delivery.bFyZ7c/helper-direct-PR/home/data/helper/prep.md
+++ '[' /tmp/fm-task-delivery.bFyZ7c/helper-direct-PR/home/data/helper/prep.md = - ']'
+++ '[' -f /tmp/fm-task-delivery.bFyZ7c/helper-direct-PR/home/data/helper/prep.md ']'
+++ awk -v 'heading=## Author checks' -v mode=present '
    BEGIN {
      target_level = 0
      while (substr(heading, target_level + 1, 1) == "#") target_level++
    }
    {
      line = $0
      scan = line
      spaces = 0
      while (spaces < 3 && substr(scan, 1, 1) == " ") {
        scan = substr(scan, 2)
        spaces++
      }
      marker = substr(scan, 1, 1)
      marker_len = 0
      if (marker == "`" || marker == "~") {
        while (substr(scan, marker_len + 1, 1) == marker) marker_len++
      }
      is_fence = marker_len >= 3
      was_fenced = fenced

      if (is_fence) {
        rest = substr(scan, marker_len + 1)
        if (!fenced) {
          fenced = 1
          fence_marker = marker
          fence_len = marker_len
        } else if (marker == fence_marker && marker_len >= fence_len && rest ~ /^[[:space:]]*$/) {
          fenced = 0
        }
      }

      if (!found && !was_fenced && line == heading) {
        found = 1
        if (mode == "present") next
        grab = 1
        next
      }
      if (mode == "present" || !grab) next
      if (is_fence || was_fenced) {
        print line
        next
      }

      level = 0
      while (substr(scan, level + 1, 1) == "#") level++
      if (level > 0 && level <= target_level && substr(scan, level + 1, 1) ~ /^[[:space:]]?$/) exit
      print line
    }
    END {
      if (mode == "present" && !found) exit 1
    }
  ' /tmp/fm-task-delivery.bFyZ7c/helper-direct-PR/home/data/helper/prep.md
++++ fm_brief_heading_body /tmp/fm-task-delivery.bFyZ7c/helper-direct-PR/home/data/helper/prep.md '## Author checks'
++++ fm_brief_heading_parse /tmp/fm-task-delivery.bFyZ7c/helper-direct-PR/home/data/helper/prep.md '## Author checks' body
++++ local file=/tmp/fm-task-delivery.bFyZ7c/helper-direct-PR/home/data/helper/prep.md 'heading=## Author checks' mode=body input=/tmp/fm-task-delivery.bFyZ7c/helper-direct-PR/home/data/helper/prep.md
++++ '[' /tmp/fm-task-delivery.bFyZ7c/helper-direct-PR/home/data/helper/prep.md = - ']'
++++ '[' -f /tmp/fm-task-delivery.bFyZ7c/helper-direct-PR/home/data/helper/prep.md ']'
++++ awk -v 'heading=## Author checks' -v mode=body '
    BEGIN {
      target_level = 0
      while (substr(heading, target_level + 1, 1) == "#") target_level++
    }
    {
      line = $0
      scan = line
      spaces = 0
      while (spaces < 3 && substr(scan, 1, 1) == " ") {
        scan = substr(scan, 2)
        spaces++
      }
      marker = substr(scan, 1, 1)
      marker_len = 0
      if (marker == "`" || marker == "~") {
        while (substr(scan, marker_len + 1, 1) == marker) marker_len++
      }
      is_fence = marker_len >= 3
      was_fenced = fenced

      if (is_fence) {
        rest = substr(scan, marker_len + 1)
        if (!fenced) {
          fenced = 1
          fence_marker = marker
          fence_len = marker_len
        } else if (marker == fence_marker && marker_len >= fence_len && rest ~ /^[[:space:]]*$/) {
          fenced = 0
        }
      }

      if (!found && !was_fenced && line == heading) {
        found = 1
        if (mode == "present") next
        grab = 1
        next
      }
      if (mode == "present" || !grab) next
      if (is_fence || was_fenced) {
        print line
        next
      }

      level = 0
      while (substr(scan, level + 1, 1) == "#") level++
      if (level > 0 && level <= target_level && substr(scan, level + 1, 1) ~ /^[[:space:]]?$/) exit
      print line
    }
    END {
      if (mode == "present" && !found) exit 1
    }
  ' /tmp/fm-task-delivery.bFyZ7c/helper-direct-PR/home/data/helper/prep.md
++++ fm_prep_body_text
++++ awk -v keep_fences=no '
    function table_start(row, header, delimiter, cells, count, i, cell) {
      if (row >= NR) return 0
      header=lines[row]; delimiter=lines[row+1]
      sub(/^ ? ? ?/, "", header); sub(/^ ? ? ?/, "", delimiter)
      if (header ~ /^[[:space:]]/ || delimiter ~ /^[[:space:]]/) return 0
      gsub(/\\\|/, "", header)
      if (header !~ /\|/) return 0
      sub(/[[:space:]]+$/, "", header); sub(/[[:space:]]+$/, "", delimiter)
      sub(/^\|/, "", header); sub(/\|$/, "", header)
      sub(/^\|/, "", delimiter); sub(/\|$/, "", delimiter)
      count=split(header,cells,"|")
      if (!count || split(delimiter,cells,"|") != count) return 0
      for (i=1; i<=count; i++) {
        cell=cells[i]; gsub(/^[[:space:]]+|[[:space:]]+$/, "", cell)
        if (cell !~ /^:?-+:?$/) return 0
      }
      return 1
    }
    function closing_tick(s, size, row, probe, list_number) {
      while (1) {
        while (match(s, /`+/)) {
          if (RLENGTH == size) return 1
          s=substr(s,RSTART+RLENGTH)
        }
        if (++row > NR || lines[row] ~ /^[[:space:]]*$/) return 0
        s=lines[row]
        probe=s; sub(/^ ? ? ?/, "", probe)
        list_number=probe; sub(/[.)].*$/, "", list_number)
        if (probe ~ /^[0-9]+[.)][[:space:]]+[^[:space:]]/ && length(list_number) <= 9 && list_number+0 == 1) return 0
        if (table_start(row) || probe ~ /^```|^~~~|^#[#]?[#]?[#]?[#]?[#]?([[:space:]]|$)|^[-+*][[:space:]]+[^[:space:]]|^<!--/) return 0
      }
    }
    function uncomment(s, row, out, end, size) {
      out=""
      while (length(s)) {
        if (comment) {
          end=index(s,"-->"); if (!end) return out
          s=substr(s,end+3); comment=0
        } else if (inline_size) {
          if (!match(s,/`+/)) return out s
          size=RLENGTH
          out=out substr(s,1,RSTART+size-1)
          s=substr(s,RSTART+size)
          if (size == inline_size) inline_size=0
        } else if (substr(s,1,4) == "<!--") {
          comment=1; s=substr(s,5)
        } else if (substr(s,1,2) == "\\`" || substr(s,1,2) == "\\\\" || substr(s,1,2) == "\\<") {
          out=out substr(s,1,2); s=substr(s,3)
        } else if (substr(s,1,1) == "`") {
          match(s,/^`+/); size=RLENGTH
          out=out substr(s,1,size); s=substr(s,size+1)
          if (closing_tick(s,size,row)) inline_size=size
        } else {
          out=out substr(s,1,1); s=substr(s,2)
        }
      }
      return out
    }
    { lines[NR]=$0 }
    END {
      for (row=1; row<=NR; row++) {
        line=lines[row]
        if (!fenced && !comment && !inline_size) {
          if (line ~ /^[[:space:]]*$/) {
            paragraph=0; table=0
            print line
            continue
          }
          if (line ~ /^(    | ? ? ?\t)/ && (indented || !paragraph)) {
            indented=1; table=0
            if (keep_fences == "yes") print line
            continue
          }
          indented=0
        }
        scan=line
        spaces=0
        while (spaces < 3 && substr(scan,1,1) == " ") { scan=substr(scan,2); spaces++ }
        marker=substr(scan,1,1)
        marker_len=0
        if (marker == "`" || marker == "~") {
          while (substr(scan,marker_len+1,1) == marker) marker_len++
        }
        if (marker_len >= 3 && !comment && !inline_size) {
          paragraph=0; table=0
          rest=substr(scan,marker_len+1)
          if (!fenced) {
            fenced=1; fence_marker=marker; fence_len=marker_len
          } else if (marker == fence_marker && marker_len >= fence_len && rest ~ /^[[:space:]]*$/) {
            fenced=0
          }
          if (keep_fences == "yes") print line
          continue
        }
        if (fenced) {
          if (keep_fences == "yes") print line
          continue
        }
        line=uncomment(line,row)
        scan=line; sub(/^ ? ? ?/, "", scan)
        table=table_start(row) || (table && scan ~ /\|/)
        paragraph=(line !~ /^[[:space:]]*$/ && scan !~ /^#[#]?[#]?[#]?[#]?[#]?([[:space:]]|$)/ && !table)
        if (line ~ /^[[:space:]]*$/ && lines[row] !~ /^[[:space:]]*$/) continue
        print line
      }
    }'
+++ body='
- Captain rulings: Intent: exercise delivery admission; ruling: use an isolated fixture (test brief).

- Still valid: proceed: inspected fixture base and task sources; delivery admission remains needed with no dependency.

- Siblings named: Not a defect; searched fixture task records and delivery owners, none found.

- Screen and region: n/a: no product screen is changed.

- Red-first proof: bash tests/fm-task-delivery.test.sh; remove the record; expect a preparation refusal; record observed RED before implementation.

- Fixture arithmetic: n/a: no calculated assertions.

- Data path reachability: brief --prep writes data/id/prep.md; spawn reads that path; launch rendering is the fixture witness.

- Scope only as asked: Exercise the requested delivery admission only; real endpoints and product changes are outside scope.

- Validation route: bash bin/fm-test-run.sh tests/fm-task-delivery.test.sh; Bash fixture runtime, isolated home, baseline timing unknown; worker measures this bounded run, CI owns final regression.

- Author gate check: bash -c '\'' . bin/fm-dod-lib.sh; fm_prep_unfilled_reason "$1" '\'' _ data/id/prep.md; run on final bytes before handoff and paste empty output and raw exit 1 (reason with exit 0 refuses).'
+++ IFS='|'
+++ read -r label placeholder conditional guide
++++ printf '%s\n' '
- Captain rulings: Intent: exercise delivery admission; ruling: use an isolated fixture (test brief).

- Still valid: proceed: inspected fixture base and task sources; delivery admission remains needed with no dependency.

- Siblings named: Not a defect; searched fixture task records and delivery owners, none found.

- Screen and region: n/a: no product screen is changed.

- Red-first proof: bash tests/fm-task-delivery.test.sh; remove the record; expect a preparation refusal; record observed RED before implementation.

- Fixture arithmetic: n/a: no calculated assertions.

- Data path reachability: brief --prep writes data/id/prep.md; spawn reads that path; launch rendering is the fixture witness.

- Scope only as asked: Exercise the requested delivery admission only; real endpoints and product changes are outside scope.

- Validation route: bash bin/fm-test-run.sh tests/fm-task-delivery.test.sh; Bash fixture runtime, isolated home, baseline timing unknown; worker measures this bounded run, CI owns final regression.

- Author gate check: bash -c '\'' . bin/fm-dod-lib.sh; fm_prep_unfilled_reason "$1" '\'' _ data/id/prep.md; run on final bytes before handoff and paste empty output and raw exit 1 (reason with exit 0 refuses).'
++++ awk -v 'label=Captain rulings' '
      {
        line=$0
        if (line ~ /^- /) {
          grab=index(line, "- " label ":") == 1
          if (grab) { seen++; print substr(line, length(label)+4) }
        } else if (grab) print line
      }
      END { if (seen != 1) print "{INVALID_FIELD}" }
    '
+++ value=' Intent: exercise delivery admission; ruling: use an isolated fixture (test brief).'
+++ '[' 'Captain rulings' = 'Captain rulings' ']'
+++ fm_prep_surgical_declared /tmp/fm-task-delivery.bFyZ7c/helper-direct-PR/home/data/helper/prep.md
+++ fm_prep_tier_read /tmp/fm-task-delivery.bFyZ7c/helper-direct-PR/home/data/helper/prep.md
+++ local file=/tmp/fm-task-delivery.bFyZ7c/helper-direct-PR/home/data/helper/prep.md mode=body
+++ '[' -f /tmp/fm-task-delivery.bFyZ7c/helper-direct-PR/home/data/helper/prep.md ']'
+++ '[' -r /tmp/fm-task-delivery.bFyZ7c/helper-direct-PR/home/data/helper/prep.md ']'
+++ grep -q '^- Preparation format:'
+++ fm_prep_body_text
+++ awk -v keep_fences=no '
    function table_start(row, header, delimiter, cells, count, i, cell) {
      if (row >= NR) return 0
      header=lines[row]; delimiter=lines[row+1]
      sub(/^ ? ? ?/, "", header); sub(/^ ? ? ?/, "", delimiter)
      if (header ~ /^[[:space:]]/ || delimiter ~ /^[[:space:]]/) return 0
      gsub(/\\\|/, "", header)
      if (header !~ /\|/) return 0
      sub(/[[:space:]]+$/, "", header); sub(/[[:space:]]+$/, "", delimiter)
      sub(/^\|/, "", header); sub(/\|$/, "", header)
      sub(/^\|/, "", delimiter); sub(/\|$/, "", delimiter)
      count=split(header,cells,"|")
      if (!count || split(delimiter,cells,"|") != count) return 0
      for (i=1; i<=count; i++) {
        cell=cells[i]; gsub(/^[[:space:]]+|[[:space:]]+$/, "", cell)
        if (cell !~ /^:?-+:?$/) return 0
      }
      return 1
    }
    function closing_tick(s, size, row, probe, list_number) {
      while (1) {
        while (match(s, /`+/)) {
          if (RLENGTH == size) return 1
          s=substr(s,RSTART+RLENGTH)
        }
        if (++row > NR || lines[row] ~ /^[[:space:]]*$/) return 0
        s=lines[row]
        probe=s; sub(/^ ? ? ?/, "", probe)
        list_number=probe; sub(/[.)].*$/, "", list_number)
        if (probe ~ /^[0-9]+[.)][[:space:]]+[^[:space:]]/ && length(list_number) <= 9 && list_number+0 == 1) return 0
        if (table_start(row) || probe ~ /^```|^~~~|^#[#]?[#]?[#]?[#]?[#]?([[:space:]]|$)|^[-+*][[:space:]]+[^[:space:]]|^<!--/) return 0
      }
    }
    function uncomment(s, row, out, end, size) {
      out=""
      while (length(s)) {
        if (comment) {
          end=index(s,"-->"); if (!end) return out
          s=substr(s,end+3); comment=0
        } else if (inline_size) {
          if (!match(s,/`+/)) return out s
          size=RLENGTH
          out=out substr(s,1,RSTART+size-1)
          s=substr(s,RSTART+size)
          if (size == inline_size) inline_size=0
        } else if (substr(s,1,4) == "<!--") {
          comment=1; s=substr(s,5)
        } else if (substr(s,1,2) == "\\`" || substr(s,1,2) == "\\\\" || substr(s,1,2) == "\\<") {
          out=out substr(s,1,2); s=substr(s,3)
        } else if (substr(s,1,1) == "`") {
          match(s,/^`+/); size=RLENGTH
          out=out substr(s,1,size); s=substr(s,size+1)
          if (closing_tick(s,size,row)) inline_size=size
        } else {
          out=out substr(s,1,1); s=substr(s,2)
        }
      }
      return out
    }
    { lines[NR]=$0 }
    END {
      for (row=1; row<=NR; row++) {
        line=lines[row]
        if (!fenced && !comment && !inline_size) {
          if (line ~ /^[[:space:]]*$/) {
            paragraph=0; table=0
            print line
            continue
          }
          if (line ~ /^(    | ? ? ?\t)/ && (indented || !paragraph)) {
            indented=1; table=0
            if (keep_fences == "yes") print line
            continue
          }
          indented=0
        }
        scan=line
        spaces=0
        while (spaces < 3 && substr(scan,1,1) == " ") { scan=substr(scan,2); spaces++ }
        marker=substr(scan,1,1)
        marker_len=0
        if (marker == "`" || marker == "~") {
          while (substr(scan,marker_len+1,1) == marker) marker_len++
        }
        if (marker_len >= 3 && !comment && !inline_size) {
          paragraph=0; table=0
          rest=substr(scan,marker_len+1)
          if (!fenced) {
            fenced=1; fence_marker=marker; fence_len=marker_len
          } else if (marker == fence_marker && marker_len >= fence_len && rest ~ /^[[:space:]]*$/) {
            fenced=0
          }
          if (keep_fences == "yes") print line
          continue
        }
        if (fenced) {
          if (keep_fences == "yes") print line
          continue
        }
        line=uncomment(line,row)
        scan=line; sub(/^ ? ? ?/, "", scan)
        table=table_start(row) || (table && scan ~ /\|/)
        paragraph=(line !~ /^[[:space:]]*$/ && scan !~ /^#[#]?[#]?[#]?[#]?[#]?([[:space:]]|$)/ && !table)
        if (line ~ /^[[:space:]]*$/ && lines[row] !~ /^[[:space:]]*$/) continue
        print line
      }
    }'
+++ fm_brief_heading_parse - '## Tier' body
+++ local file=- 'heading=## Tier' mode=body input=-
+++ '[' - = - ']'
+++ input=/dev/stdin
+++ awk -v 'heading=## Tier' -v mode=body '
    BEGIN {
      target_level = 0
      while (substr(heading, target_level + 1, 1) == "#") target_level++
    }
    {
      line = $0
      scan = line
      spaces = 0
      while (spaces < 3 && substr(scan, 1, 1) == " ") {
        scan = substr(scan, 2)
        spaces++
      }
      marker = substr(scan, 1, 1)
      marker_len = 0
      if (marker == "`" || marker == "~") {
        while (substr(scan, marker_len + 1, 1) == marker) marker_len++
      }
      is_fence = marker_len >= 3
      was_fenced = fenced

      if (is_fence) {
        rest = substr(scan, marker_len + 1)
        if (!fenced) {
          fenced = 1
          fence_marker = marker
          fence_len = marker_len
        } else if (marker == fence_marker && marker_len >= fence_len && rest ~ /^[[:space:]]*$/) {
          fenced = 0
        }
      }

      if (!found && !was_fenced && line == heading) {
        found = 1
        if (mode == "present") next
        grab = 1
        next
      }
      if (mode == "present" || !grab) next
      if (is_fence || was_fenced) {
        print line
        next
      }

      level = 0
      while (substr(scan, level + 1, 1) == "#") level++
      if (level > 0 && level <= target_level && substr(scan, level + 1, 1) ~ /^[[:space:]]?$/) exit
      print line
    }
    END {
      if (mode == "present" && !found) exit 1
    }
  ' /dev/stdin
+++ '[' 'Captain rulings' = 'Screen and region' ']'
+++ fm_prep_answer_complete ' Intent: exercise delivery admission; ruling: use an isolated fixture (test brief).' yes
+++ printf '%s\n' ' Intent: exercise delivery admission; ruling: use an isolated fixture (test brief).'
+++ awk -v na=yes '
    function clean(s) { gsub(/^[[:space:]]+|[[:space:]]+$/, "", s); return s }
    { text=text $0 " " }
    END {
      text=clean(text)
      if (tolower(text) ~ /^n\/a([ :]|$)/) {
        if (na != "yes" || text !~ /^[nN]\/[aA]:[[:space:]]*[^[:space:]]/) exit 1
        sub(/^[nN]\/[aA]:[[:space:]]*/, "", text)
      }
      if (text == "" || text ~ /^[{][A-Z0-9_]+[}]$/ || text ~ /^<[^>]+>$/ || tolower(text) ~ /^(example|e[.]g[.]|todo|tbd)([ :]|$)/) exit 1
    }'
+++ [[  Intent: exercise delivery admission; ruling: use an isolated fixture (test brief). == *\{\I\N\V\A\L\I\D\_\F\I\E\L\D\}* ]]
+++ '[' 'Captain rulings' = 'Still valid' ']'
+++ IFS='|'
+++ read -r label placeholder conditional guide
++++ printf '%s\n' '
- Captain rulings: Intent: exercise delivery admission; ruling: use an isolated fixture (test brief).

- Still valid: proceed: inspected fixture base and task sources; delivery admission remains needed with no dependency.

- Siblings named: Not a defect; searched fixture task records and delivery owners, none found.

- Screen and region: n/a: no product screen is changed.

- Red-first proof: bash tests/fm-task-delivery.test.sh; remove the record; expect a preparation refusal; record observed RED before implementation.

- Fixture arithmetic: n/a: no calculated assertions.

- Data path reachability: brief --prep writes data/id/prep.md; spawn reads that path; launch rendering is the fixture witness.

- Scope only as asked: Exercise the requested delivery admission only; real endpoints and product changes are outside scope.

- Validation route: bash bin/fm-test-run.sh tests/fm-task-delivery.test.sh; Bash fixture runtime, isolated home, baseline timing unknown; worker measures this bounded run, CI owns final regression.

- Author gate check: bash -c '\'' . bin/fm-dod-lib.sh; fm_prep_unfilled_reason "$1" '\'' _ data/id/prep.md; run on final bytes before handoff and paste empty output and raw exit 1 (reason with exit 0 refuses).'
++++ awk -v 'label=Still valid' '
      {
        line=$0
        if (line ~ /^- /) {
          grab=index(line, "- " label ":") == 1
          if (grab) { seen++; print substr(line, length(label)+4) }
        } else if (grab) print line
      }
      END { if (seen != 1) print "{INVALID_FIELD}" }
    '
+++ value=' proceed: inspected fixture base and task sources; delivery admission remains needed with no dependency.'
+++ '[' 'Still valid' = 'Captain rulings' ']'
+++ '[' 'Still valid' = 'Screen and region' ']'
+++ fm_prep_answer_complete ' proceed: inspected fixture base and task sources; delivery admission remains needed with no dependency.' no
+++ printf '%s\n' ' proceed: inspected fixture base and task sources; delivery admission remains needed with no dependency.'
+++ awk -v na=no '
    function clean(s) { gsub(/^[[:space:]]+|[[:space:]]+$/, "", s); return s }
    { text=text $0 " " }
    END {
      text=clean(text)
      if (tolower(text) ~ /^n\/a([ :]|$)/) {
        if (na != "yes" || text !~ /^[nN]\/[aA]:[[:space:]]*[^[:space:]]/) exit 1
        sub(/^[nN]\/[aA]:[[:space:]]*/, "", text)
      }
      if (text == "" || text ~ /^[{][A-Z0-9_]+[}]$/ || text ~ /^<[^>]+>$/ || tolower(text) ~ /^(example|e[.]g[.]|todo|tbd)([ :]|$)/) exit 1
    }'
+++ [[  proceed: inspected fixture base and task sources; delivery admission remains needed with no dependency. == *\{\I\N\V\A\L\I\D\_\F\I\E\L\D\}* ]]
+++ '[' 'Still valid' = 'Still valid' ']'
+++ value='proceed: inspected fixture base and task sources; delivery admission remains needed with no dependency.'
+++ case "$value" in
+++ fm_prep_answer_complete ' inspected fixture base and task sources; delivery admission remains needed with no dependency.' no
+++ printf '%s\n' ' inspected fixture base and task sources; delivery admission remains needed with no dependency.'
+++ awk -v na=no '
    function clean(s) { gsub(/^[[:space:]]+|[[:space:]]+$/, "", s); return s }
    { text=text $0 " " }
    END {
      text=clean(text)
      if (tolower(text) ~ /^n\/a([ :]|$)/) {
        if (na != "yes" || text !~ /^[nN]\/[aA]:[[:space:]]*[^[:space:]]/) exit 1
        sub(/^[nN]\/[aA]:[[:space:]]*/, "", text)
      }
      if (text == "" || text ~ /^[{][A-Z0-9_]+[}]$/ || text ~ /^<[^>]+>$/ || tolower(text) ~ /^(example|e[.]g[.]|todo|tbd)([ :]|$)/) exit 1
    }'
+++ IFS='|'
+++ read -r label placeholder conditional guide
++++ printf '%s\n' '
- Captain rulings: Intent: exercise delivery admission; ruling: use an isolated fixture (test brief).

- Still valid: proceed: inspected fixture base and task sources; delivery admission remains needed with no dependency.

- Siblings named: Not a defect; searched fixture task records and delivery owners, none found.

- Screen and region: n/a: no product screen is changed.

- Red-first proof: bash tests/fm-task-delivery.test.sh; remove the record; expect a preparation refusal; record observed RED before implementation.

- Fixture arithmetic: n/a: no calculated assertions.

- Data path reachability: brief --prep writes data/id/prep.md; spawn reads that path; launch rendering is the fixture witness.

- Scope only as asked: Exercise the requested delivery admission only; real endpoints and product changes are outside scope.

- Validation route: bash bin/fm-test-run.sh tests/fm-task-delivery.test.sh; Bash fixture runtime, isolated home, baseline timing unknown; worker measures this bounded run, CI owns final regression.

- Author gate check: bash -c '\'' . bin/fm-dod-lib.sh; fm_prep_unfilled_reason "$1" '\'' _ data/id/prep.md; run on final bytes before handoff and paste empty output and raw exit 1 (reason with exit 0 refuses).'
++++ awk -v 'label=Siblings named' '
      {
        line=$0
        if (line ~ /^- /) {
          grab=index(line, "- " label ":") == 1
          if (grab) { seen++; print substr(line, length(label)+4) }
        } else if (grab) print line
      }
      END { if (seen != 1) print "{INVALID_FIELD}" }
    '
+++ value=' Not a defect; searched fixture task records and delivery owners, none found.'
+++ '[' 'Siblings named' = 'Captain rulings' ']'
+++ '[' 'Siblings named' = 'Screen and region' ']'
+++ fm_prep_answer_complete ' Not a defect; searched fixture task records and delivery owners, none found.' no
+++ printf '%s\n' ' Not a defect; searched fixture task records and delivery owners, none found.'
+++ awk -v na=no '
    function clean(s) { gsub(/^[[:space:]]+|[[:space:]]+$/, "", s); return s }
    { text=text $0 " " }
    END {
      text=clean(text)
      if (tolower(text) ~ /^n\/a([ :]|$)/) {
        if (na != "yes" || text !~ /^[nN]\/[aA]:[[:space:]]*[^[:space:]]/) exit 1
        sub(/^[nN]\/[aA]:[[:space:]]*/, "", text)
      }
      if (text == "" || text ~ /^[{][A-Z0-9_]+[}]$/ || text ~ /^<[^>]+>$/ || tolower(text) ~ /^(example|e[.]g[.]|todo|tbd)([ :]|$)/) exit 1
    }'
+++ [[  Not a defect; searched fixture task records and delivery owners, none found. == *\{\I\N\V\A\L\I\D\_\F\I\E\L\D\}* ]]
+++ '[' 'Siblings named' = 'Still valid' ']'
+++ IFS='|'
+++ read -r label placeholder conditional guide
++++ printf '%s\n' '
- Captain rulings: Intent: exercise delivery admission; ruling: use an isolated fixture (test brief).

- Still valid: proceed: inspected fixture base and task sources; delivery admission remains needed with no dependency.

- Siblings named: Not a defect; searched fixture task records and delivery owners, none found.

- Screen and region: n/a: no product screen is changed.

- Red-first proof: bash tests/fm-task-delivery.test.sh; remove the record; expect a preparation refusal; record observed RED before implementation.

- Fixture arithmetic: n/a: no calculated assertions.

- Data path reachability: brief --prep writes data/id/prep.md; spawn reads that path; launch rendering is the fixture witness.

- Scope only as asked: Exercise the requested delivery admission only; real endpoints and product changes are outside scope.

- Validation route: bash bin/fm-test-run.sh tests/fm-task-delivery.test.sh; Bash fixture runtime, isolated home, baseline timing unknown; worker measures this bounded run, CI owns final regression.

- Author gate check: bash -c '\'' . bin/fm-dod-lib.sh; fm_prep_unfilled_reason "$1" '\'' _ data/id/prep.md; run on final bytes before handoff and paste empty output and raw exit 1 (reason with exit 0 refuses).'
++++ awk -v 'label=Screen and region' '
      {
        line=$0
        if (line ~ /^- /) {
          grab=index(line, "- " label ":") == 1
          if (grab) { seen++; print substr(line, length(label)+4) }
        } else if (grab) print line
      }
      END { if (seen != 1) print "{INVALID_FIELD}" }
    '
+++ value=' n/a: no product screen is changed.'
+++ '[' 'Screen and region' = 'Captain rulings' ']'
+++ '[' 'Screen and region' = 'Screen and region' ']'
++++ fm_prep_ui_wiring /tmp/fm-task-delivery.bFyZ7c/helper-direct-PR/home/data/helper/prep.md
++++ local file=/tmp/fm-task-delivery.bFyZ7c/helper-direct-PR/home/data/helper/prep.md line verdict reason
+++++ fm_prep_ui_wiring_line /tmp/fm-task-delivery.bFyZ7c/helper-direct-PR/home/data/helper/prep.md
+++++ fm_prep_tier_read /tmp/fm-task-delivery.bFyZ7c/helper-direct-PR/home/data/helper/prep.md
+++++ local file=/tmp/fm-task-delivery.bFyZ7c/helper-direct-PR/home/data/helper/prep.md mode=body
+++++ '[' -f /tmp/fm-task-delivery.bFyZ7c/helper-direct-PR/home/data/helper/prep.md ']'
+++++ '[' -r /tmp/fm-task-delivery.bFyZ7c/helper-direct-PR/home/data/helper/prep.md ']'
+++++ awk '
    index($0, "- UI wiring:") == 1 { print substr($0, length("- UI wiring:") + 1); exit }
  '
+++++ fm_prep_body_text
+++++ awk -v keep_fences=no '
    function table_start(row, header, delimiter, cells, count, i, cell) {
      if (row >= NR) return 0
      header=lines[row]; delimiter=lines[row+1]
      sub(/^ ? ? ?/, "", header); sub(/^ ? ? ?/, "", delimiter)
      if (header ~ /^[[:space:]]/ || delimiter ~ /^[[:space:]]/) return 0
      gsub(/\\\|/, "", header)
      if (header !~ /\|/) return 0
      sub(/[[:space:]]+$/, "", header); sub(/[[:space:]]+$/, "", delimiter)
      sub(/^\|/, "", header); sub(/\|$/, "", header)
      sub(/^\|/, "", delimiter); sub(/\|$/, "", delimiter)
      count=split(header,cells,"|")
      if (!count || split(delimiter,cells,"|") != count) return 0
      for (i=1; i<=count; i++) {
        cell=cells[i]; gsub(/^[[:space:]]+|[[:space:]]+$/, "", cell)
        if (cell !~ /^:?-+:?$/) return 0
      }
      return 1
    }
    function closing_tick(s, size, row, probe, list_number) {
      while (1) {
        while (match(s, /`+/)) {
          if (RLENGTH == size) return 1
          s=substr(s,RSTART+RLENGTH)
        }
        if (++row > NR || lines[row] ~ /^[[:space:]]*$/) return 0
        s=lines[row]
        probe=s; sub(/^ ? ? ?/, "", probe)
        list_number=probe; sub(/[.)].*$/, "", list_number)
        if (probe ~ /^[0-9]+[.)][[:space:]]+[^[:space:]]/ && length(list_number) <= 9 && list_number+0 == 1) return 0
        if (table_start(row) || probe ~ /^```|^~~~|^#[#]?[#]?[#]?[#]?[#]?([[:space:]]|$)|^[-+*][[:space:]]+[^[:space:]]|^<!--/) return 0
      }
    }
    function uncomment(s, row, out, end, size) {
      out=""
      while (length(s)) {
        if (comment) {
          end=index(s,"-->"); if (!end) return out
          s=substr(s,end+3); comment=0
        } else if (inline_size) {
          if (!match(s,/`+/)) return out s
          size=RLENGTH
          out=out substr(s,1,RSTART+size-1)
          s=substr(s,RSTART+size)
          if (size == inline_size) inline_size=0
        } else if (substr(s,1,4) == "<!--") {
          comment=1; s=substr(s,5)
        } else if (substr(s,1,2) == "\\`" || substr(s,1,2) == "\\\\" || substr(s,1,2) == "\\<") {
          out=out substr(s,1,2); s=substr(s,3)
        } else if (substr(s,1,1) == "`") {
          match(s,/^`+/); size=RLENGTH
          out=out substr(s,1,size); s=substr(s,size+1)
          if (closing_tick(s,size,row)) inline_size=size
        } else {
          out=out substr(s,1,1); s=substr(s,2)
        }
      }
      return out
    }
    { lines[NR]=$0 }
    END {
      for (row=1; row<=NR; row++) {
        line=lines[row]
        if (!fenced && !comment && !inline_size) {
          if (line ~ /^[[:space:]]*$/) {
            paragraph=0; table=0
            print line
            continue
          }
          if (line ~ /^(    | ? ? ?\t)/ && (indented || !paragraph)) {
            indented=1; table=0
            if (keep_fences == "yes") print line
            continue
          }
          indented=0
        }
        scan=line
        spaces=0
        while (spaces < 3 && substr(scan,1,1) == " ") { scan=substr(scan,2); spaces++ }
        marker=substr(scan,1,1)
        marker_len=0
        if (marker == "`" || marker == "~") {
          while (substr(scan,marker_len+1,1) == marker) marker_len++
        }
        if (marker_len >= 3 && !comment && !inline_size) {
          paragraph=0; table=0
          rest=substr(scan,marker_len+1)
          if (!fenced) {
            fenced=1; fence_marker=marker; fence_len=marker_len
          } else if (marker == fence_marker && marker_len >= fence_len && rest ~ /^[[:space:]]*$/) {
            fenced=0
          }
          if (keep_fences == "yes") print line
          continue
        }
        if (fenced) {
          if (keep_fences == "yes") print line
          continue
        }
        line=uncomment(line,row)
        scan=line; sub(/^ ? ? ?/, "", scan)
        table=table_start(row) || (table && scan ~ /\|/)
        paragraph=(line !~ /^[[:space:]]*$/ && scan !~ /^#[#]?[#]?[#]?[#]?[#]?([[:space:]]|$)/ && !table)
        if (line ~ /^[[:space:]]*$/ && lines[row] !~ /^[[:space:]]*$/) continue
        print line
      }
    }'
+++++ fm_brief_heading_parse - '## Tier' body
+++++ local file=- 'heading=## Tier' mode=body input=-
+++++ '[' - = - ']'
+++++ input=/dev/stdin
+++++ awk -v 'heading=## Tier' -v mode=body '
    BEGIN {
      target_level = 0
      while (substr(heading, target_level + 1, 1) == "#") target_level++
    }
    {
      line = $0
      scan = line
      spaces = 0
      while (spaces < 3 && substr(scan, 1, 1) == " ") {
        scan = substr(scan, 2)
        spaces++
      }
      marker = substr(scan, 1, 1)
      marker_len = 0
      if (marker == "`" || marker == "~") {
        while (substr(scan, marker_len + 1, 1) == marker) marker_len++
      }
      is_fence = marker_len >= 3
      was_fenced = fenced

      if (is_fence) {
        rest = substr(scan, marker_len + 1)
        if (!fenced) {
          fenced = 1
          fence_marker = marker
          fence_len = marker_len
        } else if (marker == fence_marker && marker_len >= fence_len && rest ~ /^[[:space:]]*$/) {
          fenced = 0
        }
      }

      if (!found && !was_fenced && line == heading) {
        found = 1
        if (mode == "present") next
        grab = 1
        next
      }
      if (mode == "present" || !grab) next
      if (is_fence || was_fenced) {
        print line
        next
      }

      level = 0
      while (substr(scan, level + 1, 1) == "#") level++
      if (level > 0 && level <= target_level && substr(scan, level + 1, 1) ~ /^[[:space:]]?$/) exit
      print line
    }
    END {
      if (mode == "present" && !found) exit 1
    }
  ' /dev/stdin
++++ line=' no, spawn fixture.'
+++++ printf %s ' no, spawn fixture.'
+++++ sed 's/,.*//'
+++++ tr -d '[:space:].'
+++++ tr '[:upper:]' '[:lower:]'
++++ verdict=no
+++++ printf %s ' no, spawn fixture.'
+++++ sed 's/^[^,]*,*//'
+++++ tr -d '[:space:].'
++++ reason=spawnfixture
++++ case "$verdict" in
++++ '[' -n spawnfixture ']'
++++ printf '%s\n' no
+++ '[' no = yes ']'
+++ fm_prep_answer_complete ' n/a: no product screen is changed.' yes
+++ printf '%s\n' ' n/a: no product screen is changed.'
+++ awk -v na=yes '
    function clean(s) { gsub(/^[[:space:]]+|[[:space:]]+$/, "", s); return s }
    { text=text $0 " " }
    END {
      text=clean(text)
      if (tolower(text) ~ /^n\/a([ :]|$)/) {
        if (na != "yes" || text !~ /^[nN]\/[aA]:[[:space:]]*[^[:space:]]/) exit 1
        sub(/^[nN]\/[aA]:[[:space:]]*/, "", text)
      }
      if (text == "" || text ~ /^[{][A-Z0-9_]+[}]$/ || text ~ /^<[^>]+>$/ || tolower(text) ~ /^(example|e[.]g[.]|todo|tbd)([ :]|$)/) exit 1
    }'
+++ [[  n/a: no product screen is changed. == *\{\I\N\V\A\L\I\D\_\F\I\E\L\D\}* ]]
+++ '[' 'Screen and region' = 'Still valid' ']'
+++ IFS='|'
+++ read -r label placeholder conditional guide
++++ printf '%s\n' '
- Captain rulings: Intent: exercise delivery admission; ruling: use an isolated fixture (test brief).

- Still valid: proceed: inspected fixture base and task sources; delivery admission remains needed with no dependency.

- Siblings named: Not a defect; searched fixture task records and delivery owners, none found.

- Screen and region: n/a: no product screen is changed.

- Red-first proof: bash tests/fm-task-delivery.test.sh; remove the record; expect a preparation refusal; record observed RED before implementation.

- Fixture arithmetic: n/a: no calculated assertions.

- Data path reachability: brief --prep writes data/id/prep.md; spawn reads that path; launch rendering is the fixture witness.

- Scope only as asked: Exercise the requested delivery admission only; real endpoints and product changes are outside scope.

- Validation route: bash bin/fm-test-run.sh tests/fm-task-delivery.test.sh; Bash fixture runtime, isolated home, baseline timing unknown; worker measures this bounded run, CI owns final regression.

- Author gate check: bash -c '\'' . bin/fm-dod-lib.sh; fm_prep_unfilled_reason "$1" '\'' _ data/id/prep.md; run on final bytes before handoff and paste empty output and raw exit 1 (reason with exit 0 refuses).'
++++ awk -v 'label=Red-first proof' '
      {
        line=$0
        if (line ~ /^- /) {
          grab=index(line, "- " label ":") == 1
          if (grab) { seen++; print substr(line, length(label)+4) }
        } else if (grab) print line
      }
      END { if (seen != 1) print "{INVALID_FIELD}" }
    '
+++ value=' bash tests/fm-task-delivery.test.sh; remove the record; expect a preparation refusal; record observed RED before implementation.'
+++ '[' 'Red-first proof' = 'Captain rulings' ']'
+++ '[' 'Red-first proof' = 'Screen and region' ']'
+++ fm_prep_answer_complete ' bash tests/fm-task-delivery.test.sh; remove the record; expect a preparation refusal; record observed RED before implementation.' yes
+++ printf '%s\n' ' bash tests/fm-task-delivery.test.sh; remove the record; expect a preparation refusal; record observed RED before implementation.'
+++ awk -v na=yes '
    function clean(s) { gsub(/^[[:space:]]+|[[:space:]]+$/, "", s); return s }
    { text=text $0 " " }
    END {
      text=clean(text)
      if (tolower(text) ~ /^n\/a([ :]|$)/) {
        if (na != "yes" || text !~ /^[nN]\/[aA]:[[:space:]]*[^[:space:]]/) exit 1
        sub(/^[nN]\/[aA]:[[:space:]]*/, "", text)
      }
      if (text == "" || text ~ /^[{][A-Z0-9_]+[}]$/ || text ~ /^<[^>]+>$/ || tolower(text) ~ /^(example|e[.]g[.]|todo|tbd)([ :]|$)/) exit 1
    }'
+++ [[  bash tests/fm-task-delivery.test.sh; remove the record; expect a preparation refusal; record observed RED before implementation. == *\{\I\N\V\A\L\I\D\_\F\I\E\L\D\}* ]]
+++ '[' 'Red-first proof' = 'Still valid' ']'
+++ IFS='|'
+++ read -r label placeholder conditional guide
++++ printf '%s\n' '
- Captain rulings: Intent: exercise delivery admission; ruling: use an isolated fixture (test brief).

- Still valid: proceed: inspected fixture base and task sources; delivery admission remains needed with no dependency.

- Siblings named: Not a defect; searched fixture task records and delivery owners, none found.

- Screen and region: n/a: no product screen is changed.

- Red-first proof: bash tests/fm-task-delivery.test.sh; remove the record; expect a preparation refusal; record observed RED before implementation.

- Fixture arithmetic: n/a: no calculated assertions.

- Data path reachability: brief --prep writes data/id/prep.md; spawn reads that path; launch rendering is the fixture witness.

- Scope only as asked: Exercise the requested delivery admission only; real endpoints and product changes are outside scope.

- Validation route: bash bin/fm-test-run.sh tests/fm-task-delivery.test.sh; Bash fixture runtime, isolated home, baseline timing unknown; worker measures this bounded run, CI owns final regression.

- Author gate check: bash -c '\'' . bin/fm-dod-lib.sh; fm_prep_unfilled_reason "$1" '\'' _ data/id/prep.md; run on final bytes before handoff and paste empty output and raw exit 1 (reason with exit 0 refuses).'
++++ awk -v 'label=Fixture arithmetic' '
      {
        line=$0
        if (line ~ /^- /) {
          grab=index(line, "- " label ":") == 1
          if (grab) { seen++; print substr(line, length(label)+4) }
        } else if (grab) print line
      }
      END { if (seen != 1) print "{INVALID_FIELD}" }
    '
+++ value=' n/a: no calculated assertions.'
+++ '[' 'Fixture arithmetic' = 'Captain rulings' ']'
+++ '[' 'Fixture arithmetic' = 'Screen and region' ']'
+++ fm_prep_answer_complete ' n/a: no calculated assertions.' yes
+++ printf '%s\n' ' n/a: no calculated assertions.'
+++ awk -v na=yes '
    function clean(s) { gsub(/^[[:space:]]+|[[:space:]]+$/, "", s); return s }
    { text=text $0 " " }
    END {
      text=clean(text)
      if (tolower(text) ~ /^n\/a([ :]|$)/) {
        if (na != "yes" || text !~ /^[nN]\/[aA]:[[:space:]]*[^[:space:]]/) exit 1
        sub(/^[nN]\/[aA]:[[:space:]]*/, "", text)
      }
      if (text == "" || text ~ /^[{][A-Z0-9_]+[}]$/ || text ~ /^<[^>]+>$/ || tolower(text) ~ /^(example|e[.]g[.]|todo|tbd)([ :]|$)/) exit 1
    }'
+++ [[  n/a: no calculated assertions. == *\{\I\N\V\A\L\I\D\_\F\I\E\L\D\}* ]]
+++ '[' 'Fixture arithmetic' = 'Still valid' ']'
+++ IFS='|'
+++ read -r label placeholder conditional guide
++++ printf '%s\n' '
- Captain rulings: Intent: exercise delivery admission; ruling: use an isolated fixture (test brief).

- Still valid: proceed: inspected fixture base and task sources; delivery admission remains needed with no dependency.

- Siblings named: Not a defect; searched fixture task records and delivery owners, none found.

- Screen and region: n/a: no product screen is changed.

- Red-first proof: bash tests/fm-task-delivery.test.sh; remove the record; expect a preparation refusal; record observed RED before implementation.

- Fixture arithmetic: n/a: no calculated assertions.

- Data path reachability: brief --prep writes data/id/prep.md; spawn reads that path; launch rendering is the fixture witness.

- Scope only as asked: Exercise the requested delivery admission only; real endpoints and product changes are outside scope.

- Validation route: bash bin/fm-test-run.sh tests/fm-task-delivery.test.sh; Bash fixture runtime, isolated home, baseline timing unknown; worker measures this bounded run, CI owns final regression.

- Author gate check: bash -c '\'' . bin/fm-dod-lib.sh; fm_prep_unfilled_reason "$1" '\'' _ data/id/prep.md; run on final bytes before handoff and paste empty output and raw exit 1 (reason with exit 0 refuses).'
++++ awk -v 'label=Data path reachability' '
      {
        line=$0
        if (line ~ /^- /) {
          grab=index(line, "- " label ":") == 1
          if (grab) { seen++; print substr(line, length(label)+4) }
        } else if (grab) print line
      }
      END { if (seen != 1) print "{INVALID_FIELD}" }
    '
+++ value=' brief --prep writes data/id/prep.md; spawn reads that path; launch rendering is the fixture witness.'
+++ '[' 'Data path reachability' = 'Captain rulings' ']'
+++ '[' 'Data path reachability' = 'Screen and region' ']'
+++ fm_prep_answer_complete ' brief --prep writes data/id/prep.md; spawn reads that path; launch rendering is the fixture witness.' yes
+++ printf '%s\n' ' brief --prep writes data/id/prep.md; spawn reads that path; launch rendering is the fixture witness.'
+++ awk -v na=yes '
    function clean(s) { gsub(/^[[:space:]]+|[[:space:]]+$/, "", s); return s }
    { text=text $0 " " }
    END {
      text=clean(text)
      if (tolower(text) ~ /^n\/a([ :]|$)/) {
        if (na != "yes" || text !~ /^[nN]\/[aA]:[[:space:]]*[^[:space:]]/) exit 1
        sub(/^[nN]\/[aA]:[[:space:]]*/, "", text)
      }
      if (text == "" || text ~ /^[{][A-Z0-9_]+[}]$/ || text ~ /^<[^>]+>$/ || tolower(text) ~ /^(example|e[.]g[.]|todo|tbd)([ :]|$)/) exit 1
    }'
+++ [[  brief --prep writes data/id/prep.md; spawn reads that path; launch rendering is the fixture witness. == *\{\I\N\V\A\L\I\D\_\F\I\E\L\D\}* ]]
+++ '[' 'Data path reachability' = 'Still valid' ']'
+++ IFS='|'
+++ read -r label placeholder conditional guide
++++ printf '%s\n' '
- Captain rulings: Intent: exercise delivery admission; ruling: use an isolated fixture (test brief).

- Still valid: proceed: inspected fixture base and task sources; delivery admission remains needed with no dependency.

- Siblings named: Not a defect; searched fixture task records and delivery owners, none found.

- Screen and region: n/a: no product screen is changed.

- Red-first proof: bash tests/fm-task-delivery.test.sh; remove the record; expect a preparation refusal; record observed RED before implementation.

- Fixture arithmetic: n/a: no calculated assertions.

- Data path reachability: brief --prep writes data/id/prep.md; spawn reads that path; launch rendering is the fixture witness.

- Scope only as asked: Exercise the requested delivery admission only; real endpoints and product changes are outside scope.

- Validation route: bash bin/fm-test-run.sh tests/fm-task-delivery.test.sh; Bash fixture runtime, isolated home, baseline timing unknown; worker measures this bounded run, CI owns final regression.

- Author gate check: bash -c '\'' . bin/fm-dod-lib.sh; fm_prep_unfilled_reason "$1" '\'' _ data/id/prep.md; run on final bytes before handoff and paste empty output and raw exit 1 (reason with exit 0 refuses).'
++++ awk -v 'label=Scope only as asked' '
      {
        line=$0
        if (line ~ /^- /) {
          grab=index(line, "- " label ":") == 1
          if (grab) { seen++; print substr(line, length(label)+4) }
        } else if (grab) print line
      }
      END { if (seen != 1) print "{INVALID_FIELD}" }
    '
+++ value=' Exercise the requested delivery admission only; real endpoints and product changes are outside scope.'
+++ '[' 'Scope only as asked' = 'Captain rulings' ']'
+++ '[' 'Scope only as asked' = 'Screen and region' ']'
+++ fm_prep_answer_complete ' Exercise the requested delivery admission only; real endpoints and product changes are outside scope.' no
+++ printf '%s\n' ' Exercise the requested delivery admission only; real endpoints and product changes are outside scope.'
+++ awk -v na=no '
    function clean(s) { gsub(/^[[:space:]]+|[[:space:]]+$/, "", s); return s }
    { text=text $0 " " }
    END {
      text=clean(text)
      if (tolower(text) ~ /^n\/a([ :]|$)/) {
        if (na != "yes" || text !~ /^[nN]\/[aA]:[[:space:]]*[^[:space:]]/) exit 1
        sub(/^[nN]\/[aA]:[[:space:]]*/, "", text)
      }
      if (text == "" || text ~ /^[{][A-Z0-9_]+[}]$/ || text ~ /^<[^>]+>$/ || tolower(text) ~ /^(example|e[.]g[.]|todo|tbd)([ :]|$)/) exit 1
    }'
+++ [[  Exercise the requested delivery admission only; real endpoints and product changes are outside scope. == *\{\I\N\V\A\L\I\D\_\F\I\E\L\D\}* ]]
+++ '[' 'Scope only as asked' = 'Still valid' ']'
+++ IFS='|'
+++ read -r label placeholder conditional guide
++++ printf '%s\n' '
- Captain rulings: Intent: exercise delivery admission; ruling: use an isolated fixture (test brief).

- Still valid: proceed: inspected fixture base and task sources; delivery admission remains needed with no dependency.

- Siblings named: Not a defect; searched fixture task records and delivery owners, none found.

- Screen and region: n/a: no product screen is changed.

- Red-first proof: bash tests/fm-task-delivery.test.sh; remove the record; expect a preparation refusal; record observed RED before implementation.

- Fixture arithmetic: n/a: no calculated assertions.

- Data path reachability: brief --prep writes data/id/prep.md; spawn reads that path; launch rendering is the fixture witness.

- Scope only as asked: Exercise the requested delivery admission only; real endpoints and product changes are outside scope.

- Validation route: bash bin/fm-test-run.sh tests/fm-task-delivery.test.sh; Bash fixture runtime, isolated home, baseline timing unknown; worker measures this bounded run, CI owns final regression.

- Author gate check: bash -c '\'' . bin/fm-dod-lib.sh; fm_prep_unfilled_reason "$1" '\'' _ data/id/prep.md; run on final bytes before handoff and paste empty output and raw exit 1 (reason with exit 0 refuses).'
++++ awk -v 'label=Validation route' '
      {
        line=$0
        if (line ~ /^- /) {
          grab=index(line, "- " label ":") == 1
          if (grab) { seen++; print substr(line, length(label)+4) }
        } else if (grab) print line
      }
      END { if (seen != 1) print "{INVALID_FIELD}" }
    '
+++ value=' bash bin/fm-test-run.sh tests/fm-task-delivery.test.sh; Bash fixture runtime, isolated home, baseline timing unknown; worker measures this bounded run, CI owns final regression.'
+++ '[' 'Validation route' = 'Captain rulings' ']'
+++ '[' 'Validation route' = 'Screen and region' ']'
+++ fm_prep_answer_complete ' bash bin/fm-test-run.sh tests/fm-task-delivery.test.sh; Bash fixture runtime, isolated home, baseline timing unknown; worker measures this bounded run, CI owns final regression.' no
+++ printf '%s\n' ' bash bin/fm-test-run.sh tests/fm-task-delivery.test.sh; Bash fixture runtime, isolated home, baseline timing unknown; worker measures this bounded run, CI owns final regression.'
+++ awk -v na=no '
    function clean(s) { gsub(/^[[:space:]]+|[[:space:]]+$/, "", s); return s }
    { text=text $0 " " }
    END {
      text=clean(text)
      if (tolower(text) ~ /^n\/a([ :]|$)/) {
        if (na != "yes" || text !~ /^[nN]\/[aA]:[[:space:]]*[^[:space:]]/) exit 1
        sub(/^[nN]\/[aA]:[[:space:]]*/, "", text)
      }
      if (text == "" || text ~ /^[{][A-Z0-9_]+[}]$/ || text ~ /^<[^>]+>$/ || tolower(text) ~ /^(example|e[.]g[.]|todo|tbd)([ :]|$)/) exit 1
    }'
+++ [[  bash bin/fm-test-run.sh tests/fm-task-delivery.test.sh; Bash fixture runtime, isolated home, baseline timing unknown; worker measures this bounded run, CI owns final regression. == *\{\I\N\V\A\L\I\D\_\F\I\E\L\D\}* ]]
+++ '[' 'Validation route' = 'Still valid' ']'
+++ IFS='|'
+++ read -r label placeholder conditional guide
++++ printf '%s\n' '
- Captain rulings: Intent: exercise delivery admission; ruling: use an isolated fixture (test brief).

- Still valid: proceed: inspected fixture base and task sources; delivery admission remains needed with no dependency.

- Siblings named: Not a defect; searched fixture task records and delivery owners, none found.

- Screen and region: n/a: no product screen is changed.

- Red-first proof: bash tests/fm-task-delivery.test.sh; remove the record; expect a preparation refusal; record observed RED before implementation.

- Fixture arithmetic: n/a: no calculated assertions.

- Data path reachability: brief --prep writes data/id/prep.md; spawn reads that path; launch rendering is the fixture witness.

- Scope only as asked: Exercise the requested delivery admission only; real endpoints and product changes are outside scope.

- Validation route: bash bin/fm-test-run.sh tests/fm-task-delivery.test.sh; Bash fixture runtime, isolated home, baseline timing unknown; worker measures this bounded run, CI owns final regression.

- Author gate check: bash -c '\'' . bin/fm-dod-lib.sh; fm_prep_unfilled_reason "$1" '\'' _ data/id/prep.md; run on final bytes before handoff and paste empty output and raw exit 1 (reason with exit 0 refuses).'
++++ awk -v 'label=Author gate check' '
      {
        line=$0
        if (line ~ /^- /) {
          grab=index(line, "- " label ":") == 1
          if (grab) { seen++; print substr(line, length(label)+4) }
        } else if (grab) print line
      }
      END { if (seen != 1) print "{INVALID_FIELD}" }
    '
+++ value=' bash -c '\'' . bin/fm-dod-lib.sh; fm_prep_unfilled_reason "$1" '\'' _ data/id/prep.md; run on final bytes before handoff and paste empty output and raw exit 1 (reason with exit 0 refuses).'
+++ '[' 'Author gate check' = 'Captain rulings' ']'
+++ '[' 'Author gate check' = 'Screen and region' ']'
+++ fm_prep_answer_complete ' bash -c '\'' . bin/fm-dod-lib.sh; fm_prep_unfilled_reason "$1" '\'' _ data/id/prep.md; run on final bytes before handoff and paste empty output and raw exit 1 (reason with exit 0 refuses).' no
+++ printf '%s\n' ' bash -c '\'' . bin/fm-dod-lib.sh; fm_prep_unfilled_reason "$1" '\'' _ data/id/prep.md; run on final bytes before handoff and paste empty output and raw exit 1 (reason with exit 0 refuses).'
+++ awk -v na=no '
    function clean(s) { gsub(/^[[:space:]]+|[[:space:]]+$/, "", s); return s }
    { text=text $0 " " }
    END {
      text=clean(text)
      if (tolower(text) ~ /^n\/a([ :]|$)/) {
        if (na != "yes" || text !~ /^[nN]\/[aA]:[[:space:]]*[^[:space:]]/) exit 1
        sub(/^[nN]\/[aA]:[[:space:]]*/, "", text)
      }
      if (text == "" || text ~ /^[{][A-Z0-9_]+[}]$/ || text ~ /^<[^>]+>$/ || tolower(text) ~ /^(example|e[.]g[.]|todo|tbd)([ :]|$)/) exit 1
    }'
+++ [[  bash -c ' . bin/fm-dod-lib.sh; fm_prep_unfilled_reason "$1" ' _ data/id/prep.md; run on final bytes before handoff and paste empty output and raw exit 1 (reason with exit 0 refuses). == *\{\I\N\V\A\L\I\D\_\F\I\E\L\D\}* ]]
+++ '[' 'Author gate check' = 'Still valid' ']'
+++ IFS='|'
+++ read -r label placeholder conditional guide
+++ fm_brief_heading_present /tmp/fm-task-delivery.bFyZ7c/helper-direct-PR/home/data/helper/prep.md '## Expected outcomes and how to check each'
+++ fm_brief_heading_parse /tmp/fm-task-delivery.bFyZ7c/helper-direct-PR/home/data/helper/prep.md '## Expected outcomes and how to check each' present
+++ local file=/tmp/fm-task-delivery.bFyZ7c/helper-direct-PR/home/data/helper/prep.md 'heading=## Expected outcomes and how to check each' mode=present input=/tmp/fm-task-delivery.bFyZ7c/helper-direct-PR/home/data/helper/prep.md
+++ '[' /tmp/fm-task-delivery.bFyZ7c/helper-direct-PR/home/data/helper/prep.md = - ']'
+++ '[' -f /tmp/fm-task-delivery.bFyZ7c/helper-direct-PR/home/data/helper/prep.md ']'
+++ awk -v 'heading=## Expected outcomes and how to check each' -v mode=present '
    BEGIN {
      target_level = 0
      while (substr(heading, target_level + 1, 1) == "#") target_level++
    }
    {
      line = $0
      scan = line
      spaces = 0
      while (spaces < 3 && substr(scan, 1, 1) == " ") {
        scan = substr(scan, 2)
        spaces++
      }
      marker = substr(scan, 1, 1)
      marker_len = 0
      if (marker == "`" || marker == "~") {
        while (substr(scan, marker_len + 1, 1) == marker) marker_len++
      }
      is_fence = marker_len >= 3
      was_fenced = fenced

      if (is_fence) {
        rest = substr(scan, marker_len + 1)
        if (!fenced) {
          fenced = 1
          fence_marker = marker
          fence_len = marker_len
        } else if (marker == fence_marker && marker_len >= fence_len && rest ~ /^[[:space:]]*$/) {
          fenced = 0
        }
      }

      if (!found && !was_fenced && line == heading) {
        found = 1
        if (mode == "present") next
        grab = 1
        next
      }
      if (mode == "present" || !grab) next
      if (is_fence || was_fenced) {
        print line
        next
      }

      level = 0
      while (substr(scan, level + 1, 1) == "#") level++
      if (level > 0 && level <= target_level && substr(scan, level + 1, 1) ~ /^[[:space:]]?$/) exit
      print line
    }
    END {
      if (mode == "present" && !found) exit 1
    }
  ' /tmp/fm-task-delivery.bFyZ7c/helper-direct-PR/home/data/helper/prep.md
++++ fm_brief_heading_body /tmp/fm-task-delivery.bFyZ7c/helper-direct-PR/home/data/helper/prep.md '## Expected outcomes and how to check each'
++++ fm_brief_heading_parse /tmp/fm-task-delivery.bFyZ7c/helper-direct-PR/home/data/helper/prep.md '## Expected outcomes and how to check each' body
++++ local file=/tmp/fm-task-delivery.bFyZ7c/helper-direct-PR/home/data/helper/prep.md 'heading=## Expected outcomes and how to check each' mode=body input=/tmp/fm-task-delivery.bFyZ7c/helper-direct-PR/home/data/helper/prep.md
++++ '[' /tmp/fm-task-delivery.bFyZ7c/helper-direct-PR/home/data/helper/prep.md = - ']'
++++ '[' -f /tmp/fm-task-delivery.bFyZ7c/helper-direct-PR/home/data/helper/prep.md ']'
++++ awk -v 'heading=## Expected outcomes and how to check each' -v mode=body '
    BEGIN {
      target_level = 0
      while (substr(heading, target_level + 1, 1) == "#") target_level++
    }
    {
      line = $0
      scan = line
      spaces = 0
      while (spaces < 3 && substr(scan, 1, 1) == " ") {
        scan = substr(scan, 2)
        spaces++
      }
      marker = substr(scan, 1, 1)
      marker_len = 0
      if (marker == "`" || marker == "~") {
        while (substr(scan, marker_len + 1, 1) == marker) marker_len++
      }
      is_fence = marker_len >= 3
      was_fenced = fenced

      if (is_fence) {
        rest = substr(scan, marker_len + 1)
        if (!fenced) {
          fenced = 1
          fence_marker = marker
          fence_len = marker_len
        } else if (marker == fence_marker && marker_len >= fence_len && rest ~ /^[[:space:]]*$/) {
          fenced = 0
        }
      }

      if (!found && !was_fenced && line == heading) {
        found = 1
        if (mode == "present") next
        grab = 1
        next
      }
      if (mode == "present" || !grab) next
      if (is_fence || was_fenced) {
        print line
        next
      }

      level = 0
      while (substr(scan, level + 1, 1) == "#") level++
      if (level > 0 && level <= target_level && substr(scan, level + 1, 1) ~ /^[[:space:]]?$/) exit
      print line
    }
    END {
      if (mode == "present" && !found) exit 1
    }
  ' /tmp/fm-task-delivery.bFyZ7c/helper-direct-PR/home/data/helper/prep.md
++++ fm_prep_body_text
++++ awk -v keep_fences=no '
    function table_start(row, header, delimiter, cells, count, i, cell) {
      if (row >= NR) return 0
      header=lines[row]; delimiter=lines[row+1]
      sub(/^ ? ? ?/, "", header); sub(/^ ? ? ?/, "", delimiter)
++++ awk -v 'columns=Outcome|Exact observable result|Where and how to check|Expected value' '
    function trim(s) { gsub(/^[[:space:]]+|[[:space:]]+$/, "", s); return s }
    BEGIN { split(columns, names, "|") }
    {
      if (header ~ /^[[:space:]]/ || delimiter ~ /^[[:space:]]/) return 0
      gsub(/\\\|/, "", header)
      if (header !~ /\|/) return 0
      line=trim($0)
      if (line == "") next
      if (line !~ /^\|.*\|$/) { bad="table row"; next }
      sub(/[[:space:]]+$/, "", header); sub(/[[:space:]]+$/, "", delimiter)
      sub(/^\|/, "", header); sub(/\|$/, "", header)
      gsub(/\\\|/, "ESCAPED_PIPE", line)
      n=split(line,cells,"|")
      if (n != 6) { bad="four columns"; next }
      if (!header) {
      sub(/^\|/, "", delimiter); sub(/\|$/, "", delimiter)
      count=split(header,cells,"|")
        for (i=1;i<=4;i++) if (trim(cells[i+1]) != names[i]) bad="column " names[i]
        header=1; next
      }
      if (!separator) {
      if (!count || split(delimiter,cells,"|") != count) return 0
      for (i=1; i<=count; i++) {
        cell=cells[i]; gsub(/^[[:space:]]+|[[:space:]]+$/, "", cell)
        for (i=2;i<=5;i++) if (trim(cells[i]) !~ /^:?-+(:)?$/) bad="separator"
        separator=1; next
      }
      rows++
        if (cell !~ /^:?-+:?$/) return 0
      }
      return 1
    }
    function closing_tick(s, size, row, probe, list_number) {
      for (i=1;i<=4;i++) {
        value=trim(cells[i+1])
      while (1) {
        while (match(s, /`+/)) {
          if (RLENGTH == size) return 1
          s=substr(s,RSTART+RLENGTH)
        }
        if (value == "" || value ~ /^[{][A-Z0-9_]+[}]$/ || value ~ /^<[^>]+>$/ || tolower(value) ~ /^(n\/a|example|e[.]g[.]|todo|tbd)([ :]|$)/) bad="row " rows " column " names[i]
      }
    }
    END {
        if (++row > NR || lines[row] ~ /^[[:space:]]*$/) return 0
        s=lines[row]
        probe=s; sub(/^ ? ? ?/, "", probe)
      if (!header || !separator || !rows) bad="header, separator and at least one substantive row"
        list_number=probe; sub(/[.)].*$/, "", list_number)
        if (probe ~ /^[0-9]+[.)][[:space:]]+[^[:space:]]/ && length(list_number) <= 9 && list_number+0 == 1) return 0
      if (bad) print "Expected outcomes requires " bad
        if (table_start(row) || probe ~ /^```|^~~~|^#[#]?[#]?[#]?[#]?[#]?([[:space:]]|$)|^[-+*][[:space:]]+[^[:space:]]|^<!--/) return 0
      }
    }
    function uncomment(s, row, out, end, size) {
      out=""
      while (length(s)) {
        if (comment) {
          end=index(s,"-->"); if (!end) return out
    }'
          s=substr(s,end+3); comment=0
        } else if (inline_size) {
          if (!match(s,/`+/)) return out s
          size=RLENGTH
          out=out substr(s,1,RSTART+size-1)
          s=substr(s,RSTART+size)
          if (size == inline_size) inline_size=0
        } else if (substr(s,1,4) == "<!--") {
          comment=1; s=substr(s,5)
        } else if (substr(s,1,2) == "\\`" || substr(s,1,2) == "\\\\" || substr(s,1,2) == "\\<") {
          out=out substr(s,1,2); s=substr(s,3)
        } else if (substr(s,1,1) == "`") {
          match(s,/^`+/); size=RLENGTH
          out=out substr(s,1,size); s=substr(s,size+1)
          if (closing_tick(s,size,row)) inline_size=size
        } else {
          out=out substr(s,1,1); s=substr(s,2)
        }
      }
      return out
    }
    { lines[NR]=$0 }
    END {
      for (row=1; row<=NR; row++) {
        line=lines[row]
        if (!fenced && !comment && !inline_size) {
          if (line ~ /^[[:space:]]*$/) {
            paragraph=0; table=0
            print line
            continue
          }
          if (line ~ /^(    | ? ? ?\t)/ && (indented || !paragraph)) {
            indented=1; table=0
            if (keep_fences == "yes") print line
            continue
          }
          indented=0
        }
        scan=line
        spaces=0
        while (spaces < 3 && substr(scan,1,1) == " ") { scan=substr(scan,2); spaces++ }
        marker=substr(scan,1,1)
        marker_len=0
        if (marker == "`" || marker == "~") {
          while (substr(scan,marker_len+1,1) == marker) marker_len++
        }
        if (marker_len >= 3 && !comment && !inline_size) {
          paragraph=0; table=0
          rest=substr(scan,marker_len+1)
          if (!fenced) {
            fenced=1; fence_marker=marker; fence_len=marker_len
          } else if (marker == fence_marker && marker_len >= fence_len && rest ~ /^[[:space:]]*$/) {
            fenced=0
          }
          if (keep_fences == "yes") print line
          continue
        }
        if (fenced) {
          if (keep_fences == "yes") print line
          continue
        }
        line=uncomment(line,row)
        scan=line; sub(/^ ? ? ?/, "", scan)
        table=table_start(row) || (table && scan ~ /\|/)
        paragraph=(line !~ /^[[:space:]]*$/ && scan !~ /^#[#]?[#]?[#]?[#]?[#]?([[:space:]]|$)/ && !table)
        if (line ~ /^[[:space:]]*$/ && lines[row] !~ /^[[:space:]]*$/) continue
        print line
      }
    }'
+++ reason=
+++ '[' -n '' ']'
+++ return 1
++ state=
++ fm_prep_surgical_declared /tmp/fm-task-delivery.bFyZ7c/helper-direct-PR/home/data/helper/prep.md
++ fm_prep_tier_read /tmp/fm-task-delivery.bFyZ7c/helper-direct-PR/home/data/helper/prep.md
++ local file=/tmp/fm-task-delivery.bFyZ7c/helper-direct-PR/home/data/helper/prep.md mode=body
++ '[' -f /tmp/fm-task-delivery.bFyZ7c/helper-direct-PR/home/data/helper/prep.md ']'
++ '[' -r /tmp/fm-task-delivery.bFyZ7c/helper-direct-PR/home/data/helper/prep.md ']'
++ grep -q '^- Preparation format:'
++ fm_prep_body_text
++ fm_brief_heading_parse - '## Tier' body
++ awk -v keep_fences=no '
    function table_start(row, header, delimiter, cells, count, i, cell) {
      if (row >= NR) return 0
      header=lines[row]; delimiter=lines[row+1]
      sub(/^ ? ? ?/, "", header); sub(/^ ? ? ?/, "", delimiter)
      if (header ~ /^[[:space:]]/ || delimiter ~ /^[[:space:]]/) return 0
      gsub(/\\\|/, "", header)
      if (header !~ /\|/) return 0
      sub(/[[:space:]]+$/, "", header); sub(/[[:space:]]+$/, "", delimiter)
      sub(/^\|/, "", header); sub(/\|$/, "", header)
      sub(/^\|/, "", delimiter); sub(/\|$/, "", delimiter)
      count=split(header,cells,"|")
      if (!count || split(delimiter,cells,"|") != count) return 0
      for (i=1; i<=count; i++) {
        cell=cells[i]; gsub(/^[[:space:]]+|[[:space:]]+$/, "", cell)
        if (cell !~ /^:?-+:?$/) return 0
      }
      return 1
    }
    function closing_tick(s, size, row, probe, list_number) {
      while (1) {
        while (match(s, /`+/)) {
          if (RLENGTH == size) return 1
          s=substr(s,RSTART+RLENGTH)
        }
        if (++row > NR || lines[row] ~ /^[[:space:]]*$/) return 0
        s=lines[row]
        probe=s; sub(/^ ? ? ?/, "", probe)
        list_number=probe; sub(/[.)].*$/, "", list_number)
        if (probe ~ /^[0-9]+[.)][[:space:]]+[^[:space:]]/ && length(list_number) <= 9 && list_number+0 == 1) return 0
        if (table_start(row) || probe ~ /^```|^~~~|^#[#]?[#]?[#]?[#]?[#]?([[:space:]]|$)|^[-+*][[:space:]]+[^[:space:]]|^<!--/) return 0
      }
    }
    function uncomment(s, row, out, end, size) {
      out=""
      while (length(s)) {
        if (comment) {
          end=index(s,"-->"); if (!end) return out
          s=substr(s,end+3); comment=0
        } else if (inline_size) {
          if (!match(s,/`+/)) return out s
          size=RLENGTH
          out=out substr(s,1,RSTART+size-1)
          s=substr(s,RSTART+size)
          if (size == inline_size) inline_size=0
        } else if (substr(s,1,4) == "<!--") {
          comment=1; s=substr(s,5)
        } else if (substr(s,1,2) == "\\`" || substr(s,1,2) == "\\\\" || substr(s,1,2) == "\\<") {
          out=out substr(s,1,2); s=substr(s,3)
        } else if (substr(s,1,1) == "`") {
          match(s,/^`+/); size=RLENGTH
          out=out substr(s,1,size); s=substr(s,size+1)
          if (closing_tick(s,size,row)) inline_size=size
        } else {
          out=out substr(s,1,1); s=substr(s,2)
        }
      }
      return out
    }
    { lines[NR]=$0 }
    END {
      for (row=1; row<=NR; row++) {
        line=lines[row]
        if (!fenced && !comment && !inline_size) {
          if (line ~ /^[[:space:]]*$/) {
            paragraph=0; table=0
            print line
            continue
          }
          if (line ~ /^(    | ? ? ?\t)/ && (indented || !paragraph)) {
            indented=1; table=0
            if (keep_fences == "yes") print line
            continue
          }
          indented=0
        }
        scan=line
        spaces=0
        while (spaces < 3 && substr(scan,1,1) == " ") { scan=substr(scan,2); spaces++ }
        marker=substr(scan,1,1)
        marker_len=0
        if (marker == "`" || marker == "~") {
          while (substr(scan,marker_len+1,1) == marker) marker_len++
        }
        if (marker_len >= 3 && !comment && !inline_size) {
          paragraph=0; table=0
          rest=substr(scan,marker_len+1)
          if (!fenced) {
            fenced=1; fence_marker=marker; fence_len=marker_len
          } else if (marker == fence_marker && marker_len >= fence_len && rest ~ /^[[:space:]]*$/) {
            fenced=0
          }
          if (keep_fences == "yes") print line
          continue
        }
        if (fenced) {
          if (keep_fences == "yes") print line
          continue
        }
        line=uncomment(line,row)
        scan=line; sub(/^ ? ? ?/, "", scan)
        table=table_start(row) || (table && scan ~ /\|/)
        paragraph=(line !~ /^[[:space:]]*$/ && scan !~ /^#[#]?[#]?[#]?[#]?[#]?([[:space:]]|$)/ && !table)
        if (line ~ /^[[:space:]]*$/ && lines[row] !~ /^[[:space:]]*$/) continue
        print line
      }
    }'
++ local file=- 'heading=## Tier' mode=body input=-
++ '[' - = - ']'
++ input=/dev/stdin
++ awk -v 'heading=## Tier' -v mode=body '
    BEGIN {
      target_level = 0
      while (substr(heading, target_level + 1, 1) == "#") target_level++
    }
    {
      line = $0
      scan = line
      spaces = 0
      while (spaces < 3 && substr(scan, 1, 1) == " ") {
        scan = substr(scan, 2)
        spaces++
      }
      marker = substr(scan, 1, 1)
      marker_len = 0
      if (marker == "`" || marker == "~") {
        while (substr(scan, marker_len + 1, 1) == marker) marker_len++
      }
      is_fence = marker_len >= 3
      was_fenced = fenced

      if (is_fence) {
        rest = substr(scan, marker_len + 1)
        if (!fenced) {
          fenced = 1
          fence_marker = marker
          fence_len = marker_len
        } else if (marker == fence_marker && marker_len >= fence_len && rest ~ /^[[:space:]]*$/) {
          fenced = 0
        }
      }

      if (!found && !was_fenced && line == heading) {
        found = 1
        if (mode == "present") next
        grab = 1
        next
      }
      if (mode == "present" || !grab) next
      if (is_fence || was_fenced) {
        print line
        next
      }

      level = 0
      while (substr(scan, level + 1, 1) == "#") level++
      if (level > 0 && level <= target_level && substr(scan, level + 1, 1) ~ /^[[:space:]]?$/) exit
      print line
    }
    END {
      if (mode == "present" && !found) exit 1
    }
  ' /dev/stdin
++ '[' 0 '!=' 0 ']'
++ tier=1
++ IFS='|'
++ read -r heading placeholder required guide evidence
++ '[' -n '## 1. Intent and boxes' ']'
++ '[' 1 -le 1 ']'
+++ fm_prep_section_state /tmp/fm-task-delivery.bFyZ7c/helper-direct-PR/home/data/helper/prep.md '## 1. Intent and boxes' INTENT_AND_BOXES
+++ local file=/tmp/fm-task-delivery.bFyZ7c/helper-direct-PR/home/data/helper/prep.md 'heading=## 1. Intent and boxes' placeholder=INTENT_AND_BOXES body stripped
+++ fm_brief_heading_present /tmp/fm-task-delivery.bFyZ7c/helper-direct-PR/home/data/helper/prep.md '## 1. Intent and boxes'
+++ fm_brief_heading_parse /tmp/fm-task-delivery.bFyZ7c/helper-direct-PR/home/data/helper/prep.md '## 1. Intent and boxes' present
+++ local file=/tmp/fm-task-delivery.bFyZ7c/helper-direct-PR/home/data/helper/prep.md 'heading=## 1. Intent and boxes' mode=present input=/tmp/fm-task-delivery.bFyZ7c/helper-direct-PR/home/data/helper/prep.md
+++ '[' /tmp/fm-task-delivery.bFyZ7c/helper-direct-PR/home/data/helper/prep.md = - ']'
+++ '[' -f /tmp/fm-task-delivery.bFyZ7c/helper-direct-PR/home/data/helper/prep.md ']'
+++ awk -v 'heading=## 1. Intent and boxes' -v mode=present '
    BEGIN {
      target_level = 0
      while (substr(heading, target_level + 1, 1) == "#") target_level++
    }
    {
      line = $0
      scan = line
      spaces = 0
      while (spaces < 3 && substr(scan, 1, 1) == " ") {
        scan = substr(scan, 2)
        spaces++
      }
      marker = substr(scan, 1, 1)
      marker_len = 0
      if (marker == "`" || marker == "~") {
        while (substr(scan, marker_len + 1, 1) == marker) marker_len++
      }
      is_fence = marker_len >= 3
      was_fenced = fenced

      if (is_fence) {
        rest = substr(scan, marker_len + 1)
        if (!fenced) {
          fenced = 1
          fence_marker = marker
          fence_len = marker_len
        } else if (marker == fence_marker && marker_len >= fence_len && rest ~ /^[[:space:]]*$/) {
          fenced = 0
        }
      }

      if (!found && !was_fenced && line == heading) {
        found = 1
        if (mode == "present") next
        grab = 1
        next
      }
      if (mode == "present" || !grab) next
      if (is_fence || was_fenced) {
        print line
        next
      }

      level = 0
      while (substr(scan, level + 1, 1) == "#") level++
      if (level > 0 && level <= target_level && substr(scan, level + 1, 1) ~ /^[[:space:]]?$/) exit
      print line
    }
    END {
      if (mode == "present" && !found) exit 1
    }
  ' /tmp/fm-task-delivery.bFyZ7c/helper-direct-PR/home/data/helper/prep.md
++++ fm_brief_heading_body /tmp/fm-task-delivery.bFyZ7c/helper-direct-PR/home/data/helper/prep.md '## 1. Intent and boxes'
++++ fm_brief_heading_parse /tmp/fm-task-delivery.bFyZ7c/helper-direct-PR/home/data/helper/prep.md '## 1. Intent and boxes' body
++++ local file=/tmp/fm-task-delivery.bFyZ7c/helper-direct-PR/home/data/helper/prep.md 'heading=## 1. Intent and boxes' mode=body input=/tmp/fm-task-delivery.bFyZ7c/helper-direct-PR/home/data/helper/prep.md
++++ '[' /tmp/fm-task-delivery.bFyZ7c/helper-direct-PR/home/data/helper/prep.md = - ']'
++++ '[' -f /tmp/fm-task-delivery.bFyZ7c/helper-direct-PR/home/data/helper/prep.md ']'
++++ awk -v 'heading=## 1. Intent and boxes' -v mode=body '
    BEGIN {
      target_level = 0
      while (substr(heading, target_level + 1, 1) == "#") target_level++
    }
    {
      line = $0
      scan = line
      spaces = 0
      while (spaces < 3 && substr(scan, 1, 1) == " ") {
        scan = substr(scan, 2)
        spaces++
      }
      marker = substr(scan, 1, 1)
      marker_len = 0
      if (marker == "`" || marker == "~") {
        while (substr(scan, marker_len + 1, 1) == marker) marker_len++
      }
      is_fence = marker_len >= 3
      was_fenced = fenced

      if (is_fence) {
        rest = substr(scan, marker_len + 1)
        if (!fenced) {
          fenced = 1
          fence_marker = marker
          fence_len = marker_len
        } else if (marker == fence_marker && marker_len >= fence_len && rest ~ /^[[:space:]]*$/) {
          fenced = 0
        }
      }

      if (!found && !was_fenced && line == heading) {
        found = 1
        if (mode == "present") next
        grab = 1
        next
      }
      if (mode == "present" || !grab) next
      if (is_fence || was_fenced) {
        print line
        next
      }

      level = 0
      while (substr(scan, level + 1, 1) == "#") level++
      if (level > 0 && level <= target_level && substr(scan, level + 1, 1) ~ /^[[:space:]]?$/) exit
      print line
    }
    END {
      if (mode == "present" && !found) exit 1
    }
  ' /tmp/fm-task-delivery.bFyZ7c/helper-direct-PR/home/data/helper/prep.md
++++ fm_prep_body_text yes
++++ awk -v keep_fences=yes '
    function table_start(row, header, delimiter, cells, count, i, cell) {
      if (row >= NR) return 0
      header=lines[row]; delimiter=lines[row+1]
      sub(/^ ? ? ?/, "", header); sub(/^ ? ? ?/, "", delimiter)
      if (header ~ /^[[:space:]]/ || delimiter ~ /^[[:space:]]/) return 0
      gsub(/\\\|/, "", header)
      if (header !~ /\|/) return 0
      sub(/[[:space:]]+$/, "", header); sub(/[[:space:]]+$/, "", delimiter)
      sub(/^\|/, "", header); sub(/\|$/, "", header)
      sub(/^\|/, "", delimiter); sub(/\|$/, "", delimiter)
      count=split(header,cells,"|")
      if (!count || split(delimiter,cells,"|") != count) return 0
      for (i=1; i<=count; i++) {
        cell=cells[i]; gsub(/^[[:space:]]+|[[:space:]]+$/, "", cell)
        if (cell !~ /^:?-+:?$/) return 0
      }
      return 1
    }
    function closing_tick(s, size, row, probe, list_number) {
      while (1) {
        while (match(s, /`+/)) {
          if (RLENGTH == size) return 1
          s=substr(s,RSTART+RLENGTH)
        }
        if (++row > NR || lines[row] ~ /^[[:space:]]*$/) return 0
        s=lines[row]
        probe=s; sub(/^ ? ? ?/, "", probe)
        list_number=probe; sub(/[.)].*$/, "", list_number)
        if (probe ~ /^[0-9]+[.)][[:space:]]+[^[:space:]]/ && length(list_number) <= 9 && list_number+0 == 1) return 0
        if (table_start(row) || probe ~ /^```|^~~~|^#[#]?[#]?[#]?[#]?[#]?([[:space:]]|$)|^[-+*][[:space:]]+[^[:space:]]|^<!--/) return 0
      }
    }
    function uncomment(s, row, out, end, size) {
      out=""
      while (length(s)) {
        if (comment) {
          end=index(s,"-->"); if (!end) return out
          s=substr(s,end+3); comment=0
        } else if (inline_size) {
          if (!match(s,/`+/)) return out s
          size=RLENGTH
          out=out substr(s,1,RSTART+size-1)
          s=substr(s,RSTART+size)
          if (size == inline_size) inline_size=0
        } else if (substr(s,1,4) == "<!--") {
          comment=1; s=substr(s,5)
        } else if (substr(s,1,2) == "\\`" || substr(s,1,2) == "\\\\" || substr(s,1,2) == "\\<") {
          out=out substr(s,1,2); s=substr(s,3)
        } else if (substr(s,1,1) == "`") {
          match(s,/^`+/); size=RLENGTH
          out=out substr(s,1,size); s=substr(s,size+1)
          if (closing_tick(s,size,row)) inline_size=size
        } else {
          out=out substr(s,1,1); s=substr(s,2)
        }
      }
      return out
    }
    { lines[NR]=$0 }
    END {
      for (row=1; row<=NR; row++) {
        line=lines[row]
        if (!fenced && !comment && !inline_size) {
          if (line ~ /^[[:space:]]*$/) {
            paragraph=0; table=0
            print line
            continue
          }
          if (line ~ /^(    | ? ? ?\t)/ && (indented || !paragraph)) {
            indented=1; table=0
            if (keep_fences == "yes") print line
            continue
          }
          indented=0
        }
        scan=line
        spaces=0
        while (spaces < 3 && substr(scan,1,1) == " ") { scan=substr(scan,2); spaces++ }
        marker=substr(scan,1,1)
        marker_len=0
        if (marker == "`" || marker == "~") {
          while (substr(scan,marker_len+1,1) == marker) marker_len++
        }
        if (marker_len >= 3 && !comment && !inline_size) {
          paragraph=0; table=0
          rest=substr(scan,marker_len+1)
          if (!fenced) {
            fenced=1; fence_marker=marker; fence_len=marker_len
          } else if (marker == fence_marker && marker_len >= fence_len && rest ~ /^[[:space:]]*$/) {
            fenced=0
          }
          if (keep_fences == "yes") print line
          continue
        }
        if (fenced) {
          if (keep_fences == "yes") print line
          continue
        }
        line=uncomment(line,row)
        scan=line; sub(/^ ? ? ?/, "", scan)
        table=table_start(row) || (table && scan ~ /\|/)
        paragraph=(line !~ /^[[:space:]]*$/ && scan !~ /^#[#]?[#]?[#]?[#]?[#]?([[:space:]]|$)/ && !table)
        if (line ~ /^[[:space:]]*$/ && lines[row] !~ /^[[:space:]]*$/) continue
        print line
      }
    }'
+++ body='Exercise the delivery contract in an isolated fixture.'
++++ printf %s 'Exercise the delivery contract in an isolated fixture.'
++++ tr -d '[:space:]'
+++ stripped=Exercisethedeliverycontractinanisolatedfixture.
+++ '[' -z Exercisethedeliverycontractinanisolatedfixture. ']'
+++ '[' Exercisethedeliverycontractinanisolatedfixture. = '{INTENT_AND_BOXES}' ']'
+++ printf 'filled\n'
++ state=filled
++ case "$state" in
++ '[' -n '' ']'
++ continue
++ IFS='|'
++ read -r heading placeholder required guide evidence
++ '[' -n '## 2. Behaviour spec' ']'
++ '[' 2 -le 1 ']'
++ continue
++ IFS='|'
++ read -r heading placeholder required guide evidence
++ '[' -n '## 3. UI/UX' ']'
++ '[' 2 -le 1 ']'
++ continue
++ IFS='|'
++ read -r heading placeholder required guide evidence
++ '[' -n '## 4. Blast radius' ']'
++ '[' 1 -le 1 ']'
+++ fm_prep_section_state /tmp/fm-task-delivery.bFyZ7c/helper-direct-PR/home/data/helper/prep.md '## 4. Blast radius' BLAST_RADIUS
+++ local file=/tmp/fm-task-delivery.bFyZ7c/helper-direct-PR/home/data/helper/prep.md 'heading=## 4. Blast radius' placeholder=BLAST_RADIUS body stripped
+++ fm_brief_heading_present /tmp/fm-task-delivery.bFyZ7c/helper-direct-PR/home/data/helper/prep.md '## 4. Blast radius'
+++ fm_brief_heading_parse /tmp/fm-task-delivery.bFyZ7c/helper-direct-PR/home/data/helper/prep.md '## 4. Blast radius' present
+++ local file=/tmp/fm-task-delivery.bFyZ7c/helper-direct-PR/home/data/helper/prep.md 'heading=## 4. Blast radius' mode=present input=/tmp/fm-task-delivery.bFyZ7c/helper-direct-PR/home/data/helper/prep.md
+++ '[' /tmp/fm-task-delivery.bFyZ7c/helper-direct-PR/home/data/helper/prep.md = - ']'
+++ '[' -f /tmp/fm-task-delivery.bFyZ7c/helper-direct-PR/home/data/helper/prep.md ']'
+++ awk -v 'heading=## 4. Blast radius' -v mode=present '
    BEGIN {
      target_level = 0
      while (substr(heading, target_level + 1, 1) == "#") target_level++
    }
    {
      line = $0
      scan = line
      spaces = 0
      while (spaces < 3 && substr(scan, 1, 1) == " ") {
        scan = substr(scan, 2)
        spaces++
      }
      marker = substr(scan, 1, 1)
      marker_len = 0
      if (marker == "`" || marker == "~") {
        while (substr(scan, marker_len + 1, 1) == marker) marker_len++
      }
      is_fence = marker_len >= 3
      was_fenced = fenced

      if (is_fence) {
        rest = substr(scan, marker_len + 1)
        if (!fenced) {
          fenced = 1
          fence_marker = marker
          fence_len = marker_len
        } else if (marker == fence_marker && marker_len >= fence_len && rest ~ /^[[:space:]]*$/) {
          fenced = 0
        }
      }

      if (!found && !was_fenced && line == heading) {
        found = 1
        if (mode == "present") next
        grab = 1
        next
      }
      if (mode == "present" || !grab) next
      if (is_fence || was_fenced) {
        print line
        next
      }

      level = 0
      while (substr(scan, level + 1, 1) == "#") level++
      if (level > 0 && level <= target_level && substr(scan, level + 1, 1) ~ /^[[:space:]]?$/) exit
      print line
    }
    END {
      if (mode == "present" && !found) exit 1
    }
  ' /tmp/fm-task-delivery.bFyZ7c/helper-direct-PR/home/data/helper/prep.md
++++ fm_brief_heading_body /tmp/fm-task-delivery.bFyZ7c/helper-direct-PR/home/data/helper/prep.md '## 4. Blast radius'
++++ fm_brief_heading_parse /tmp/fm-task-delivery.bFyZ7c/helper-direct-PR/home/data/helper/prep.md '## 4. Blast radius' body
++++ local file=/tmp/fm-task-delivery.bFyZ7c/helper-direct-PR/home/data/helper/prep.md 'heading=## 4. Blast radius' mode=body input=/tmp/fm-task-delivery.bFyZ7c/helper-direct-PR/home/data/helper/prep.md
++++ '[' /tmp/fm-task-delivery.bFyZ7c/helper-direct-PR/home/data/helper/prep.md = - ']'
++++ '[' -f /tmp/fm-task-delivery.bFyZ7c/helper-direct-PR/home/data/helper/prep.md ']'
++++ awk -v 'heading=## 4. Blast radius' -v mode=body '
    BEGIN {
      target_level = 0
      while (substr(heading, target_level + 1, 1) == "#") target_level++
    }
    {
      line = $0
      scan = line
      spaces = 0
      while (spaces < 3 && substr(scan, 1, 1) == " ") {
        scan = substr(scan, 2)
        spaces++
      }
      marker = substr(scan, 1, 1)
      marker_len = 0
      if (marker == "`" || marker == "~") {
        while (substr(scan, marker_len + 1, 1) == marker) marker_len++
      }
      is_fence = marker_len >= 3
      was_fenced = fenced

      if (is_fence) {
        rest = substr(scan, marker_len + 1)
        if (!fenced) {
          fenced = 1
          fence_marker = marker
          fence_len = marker_len
        } else if (marker == fence_marker && marker_len >= fence_len && rest ~ /^[[:space:]]*$/) {
          fenced = 0
        }
      }

      if (!found && !was_fenced && line == heading) {
        found = 1
        if (mode == "present") next
        grab = 1
        next
      }
      if (mode == "present" || !grab) next
      if (is_fence || was_fenced) {
        print line
        next
      }

      level = 0
      while (substr(scan, level + 1, 1) == "#") level++
      if (level > 0 && level <= target_level && substr(scan, level + 1, 1) ~ /^[[:space:]]?$/) exit
      print line
    }
    END {
      if (mode == "present" && !found) exit 1
    }
  ' /tmp/fm-task-delivery.bFyZ7c/helper-direct-PR/home/data/helper/prep.md
++++ fm_prep_body_text yes
++++ awk -v keep_fences=yes '
    function table_start(row, header, delimiter, cells, count, i, cell) {
      if (row >= NR) return 0
      header=lines[row]; delimiter=lines[row+1]
      sub(/^ ? ? ?/, "", header); sub(/^ ? ? ?/, "", delimiter)
      if (header ~ /^[[:space:]]/ || delimiter ~ /^[[:space:]]/) return 0
      gsub(/\\\|/, "", header)
      if (header !~ /\|/) return 0
      sub(/[[:space:]]+$/, "", header); sub(/[[:space:]]+$/, "", delimiter)
      sub(/^\|/, "", header); sub(/\|$/, "", header)
      sub(/^\|/, "", delimiter); sub(/\|$/, "", delimiter)
      count=split(header,cells,"|")
      if (!count || split(delimiter,cells,"|") != count) return 0
      for (i=1; i<=count; i++) {
        cell=cells[i]; gsub(/^[[:space:]]+|[[:space:]]+$/, "", cell)
        if (cell !~ /^:?-+:?$/) return 0
      }
      return 1
    }
    function closing_tick(s, size, row, probe, list_number) {
      while (1) {
        while (match(s, /`+/)) {
          if (RLENGTH == size) return 1
          s=substr(s,RSTART+RLENGTH)
        }
        if (++row > NR || lines[row] ~ /^[[:space:]]*$/) return 0
        s=lines[row]
        probe=s; sub(/^ ? ? ?/, "", probe)
        list_number=probe; sub(/[.)].*$/, "", list_number)
        if (probe ~ /^[0-9]+[.)][[:space:]]+[^[:space:]]/ && length(list_number) <= 9 && list_number+0 == 1) return 0
        if (table_start(row) || probe ~ /^```|^~~~|^#[#]?[#]?[#]?[#]?[#]?([[:space:]]|$)|^[-+*][[:space:]]+[^[:space:]]|^<!--/) return 0
      }
    }
    function uncomment(s, row, out, end, size) {
      out=""
      while (length(s)) {
        if (comment) {
          end=index(s,"-->"); if (!end) return out
          s=substr(s,end+3); comment=0
        } else if (inline_size) {
          if (!match(s,/`+/)) return out s
          size=RLENGTH
          out=out substr(s,1,RSTART+size-1)
          s=substr(s,RSTART+size)
          if (size == inline_size) inline_size=0
        } else if (substr(s,1,4) == "<!--") {
          comment=1; s=substr(s,5)
        } else if (substr(s,1,2) == "\\`" || substr(s,1,2) == "\\\\" || substr(s,1,2) == "\\<") {
          out=out substr(s,1,2); s=substr(s,3)
        } else if (substr(s,1,1) == "`") {
          match(s,/^`+/); size=RLENGTH
          out=out substr(s,1,size); s=substr(s,size+1)
          if (closing_tick(s,size,row)) inline_size=size
        } else {
          out=out substr(s,1,1); s=substr(s,2)
        }
      }
      return out
    }
    { lines[NR]=$0 }
    END {
      for (row=1; row<=NR; row++) {
        line=lines[row]
        if (!fenced && !comment && !inline_size) {
          if (line ~ /^[[:space:]]*$/) {
            paragraph=0; table=0
            print line
            continue
          }
          if (line ~ /^(    | ? ? ?\t)/ && (indented || !paragraph)) {
            indented=1; table=0
            if (keep_fences == "yes") print line
            continue
          }
          indented=0
        }
        scan=line
        spaces=0
        while (spaces < 3 && substr(scan,1,1) == " ") { scan=substr(scan,2); spaces++ }
        marker=substr(scan,1,1)
        marker_len=0
        if (marker == "`" || marker == "~") {
          while (substr(scan,marker_len+1,1) == marker) marker_len++
        }
        if (marker_len >= 3 && !comment && !inline_size) {
          paragraph=0; table=0
          rest=substr(scan,marker_len+1)
          if (!fenced) {
            fenced=1; fence_marker=marker; fence_len=marker_len
          } else if (marker == fence_marker && marker_len >= fence_len && rest ~ /^[[:space:]]*$/) {
            fenced=0
          }
          if (keep_fences == "yes") print line
          continue
        }
        if (fenced) {
          if (keep_fences == "yes") print line
          continue
        }
        line=uncomment(line,row)
        scan=line; sub(/^ ? ? ?/, "", scan)
        table=table_start(row) || (table && scan ~ /\|/)
        paragraph=(line !~ /^[[:space:]]*$/ && scan !~ /^#[#]?[#]?[#]?[#]?[#]?([[:space:]]|$)/ && !table)
        if (line ~ /^[[:space:]]*$/ && lines[row] !~ /^[[:space:]]*$/) continue
        print line
      }
    }'
+++ body='n/a: spawn fixture.'
++++ printf %s 'n/a: spawn fixture.'
++++ tr -d '[:space:]'
+++ stripped=n/a:spawnfixture.
+++ '[' -z n/a:spawnfixture. ']'
+++ '[' n/a:spawnfixture. = '{BLAST_RADIUS}' ']'
+++ printf 'filled\n'
++ state=filled
++ case "$state" in
++ '[' -n 'gitnexus serena' ']'
++ fm_prep_evidence_ok /tmp/fm-task-delivery.bFyZ7c/helper-direct-PR/home/data/helper/prep.md '## 4. Blast radius' gitnexus serena
++ local file=/tmp/fm-task-delivery.bFyZ7c/helper-direct-PR/home/data/helper/prep.md 'heading=## 4. Blast radius' body lowered token
++ shift 2
+++ fm_brief_heading_body /tmp/fm-task-delivery.bFyZ7c/helper-direct-PR/home/data/helper/prep.md '## 4. Blast radius'
+++ fm_brief_heading_parse /tmp/fm-task-delivery.bFyZ7c/helper-direct-PR/home/data/helper/prep.md '## 4. Blast radius' body
+++ local file=/tmp/fm-task-delivery.bFyZ7c/helper-direct-PR/home/data/helper/prep.md 'heading=## 4. Blast radius' mode=body input=/tmp/fm-task-delivery.bFyZ7c/helper-direct-PR/home/data/helper/prep.md
+++ '[' /tmp/fm-task-delivery.bFyZ7c/helper-direct-PR/home/data/helper/prep.md = - ']'
+++ '[' -f /tmp/fm-task-delivery.bFyZ7c/helper-direct-PR/home/data/helper/prep.md ']'
+++ fm_prep_body_text yes
+++ awk -v 'heading=## 4. Blast radius' -v mode=body '
    BEGIN {
      target_level = 0
      while (substr(heading, target_level + 1, 1) == "#") target_level++
    }
    {
      line = $0
      scan = line
      spaces = 0
      while (spaces < 3 && substr(scan, 1, 1) == " ") {
        scan = substr(scan, 2)
        spaces++
      }
      marker = substr(scan, 1, 1)
      marker_len = 0
      if (marker == "`" || marker == "~") {
        while (substr(scan, marker_len + 1, 1) == marker) marker_len++
      }
      is_fence = marker_len >= 3
      was_fenced = fenced

      if (is_fence) {
        rest = substr(scan, marker_len + 1)
        if (!fenced) {
          fenced = 1
          fence_marker = marker
          fence_len = marker_len
        } else if (marker == fence_marker && marker_len >= fence_len && rest ~ /^[[:space:]]*$/) {
          fenced = 0
        }
      }

      if (!found && !was_fenced && line == heading) {
        found = 1
        if (mode == "present") next
        grab = 1
        next
      }
      if (mode == "present" || !grab) next
      if (is_fence || was_fenced) {
        print line
        next
      }

      level = 0
      while (substr(scan, level + 1, 1) == "#") level++
      if (level > 0 && level <= target_level && substr(scan, level + 1, 1) ~ /^[[:space:]]?$/) exit
      print line
    }
    END {
      if (mode == "present" && !found) exit 1
    }
  ' /tmp/fm-task-delivery.bFyZ7c/helper-direct-PR/home/data/helper/prep.md
+++ awk -v keep_fences=yes '
    function table_start(row, header, delimiter, cells, count, i, cell) {
      if (row >= NR) return 0
      header=lines[row]; delimiter=lines[row+1]
      sub(/^ ? ? ?/, "", header); sub(/^ ? ? ?/, "", delimiter)
      if (header ~ /^[[:space:]]/ || delimiter ~ /^[[:space:]]/) return 0
      gsub(/\\\|/, "", header)
      if (header !~ /\|/) return 0
      sub(/[[:space:]]+$/, "", header); sub(/[[:space:]]+$/, "", delimiter)
      sub(/^\|/, "", header); sub(/\|$/, "", header)
      sub(/^\|/, "", delimiter); sub(/\|$/, "", delimiter)
      count=split(header,cells,"|")
      if (!count || split(delimiter,cells,"|") != count) return 0
      for (i=1; i<=count; i++) {
        cell=cells[i]; gsub(/^[[:space:]]+|[[:space:]]+$/, "", cell)
        if (cell !~ /^:?-+:?$/) return 0
      }
      return 1
    }
    function closing_tick(s, size, row, probe, list_number) {
      while (1) {
        while (match(s, /`+/)) {
          if (RLENGTH == size) return 1
          s=substr(s,RSTART+RLENGTH)
        }
        if (++row > NR || lines[row] ~ /^[[:space:]]*$/) return 0
        s=lines[row]
        probe=s; sub(/^ ? ? ?/, "", probe)
        list_number=probe; sub(/[.)].*$/, "", list_number)
        if (probe ~ /^[0-9]+[.)][[:space:]]+[^[:space:]]/ && length(list_number) <= 9 && list_number+0 == 1) return 0
        if (table_start(row) || probe ~ /^```|^~~~|^#[#]?[#]?[#]?[#]?[#]?([[:space:]]|$)|^[-+*][[:space:]]+[^[:space:]]|^<!--/) return 0
      }
    }
    function uncomment(s, row, out, end, size) {
      out=""
      while (length(s)) {
        if (comment) {
          end=index(s,"-->"); if (!end) return out
          s=substr(s,end+3); comment=0
        } else if (inline_size) {
          if (!match(s,/`+/)) return out s
          size=RLENGTH
          out=out substr(s,1,RSTART+size-1)
          s=substr(s,RSTART+size)
          if (size == inline_size) inline_size=0
        } else if (substr(s,1,4) == "<!--") {
          comment=1; s=substr(s,5)
        } else if (substr(s,1,2) == "\\`" || substr(s,1,2) == "\\\\" || substr(s,1,2) == "\\<") {
          out=out substr(s,1,2); s=substr(s,3)
        } else if (substr(s,1,1) == "`") {
          match(s,/^`+/); size=RLENGTH
          out=out substr(s,1,size); s=substr(s,size+1)
          if (closing_tick(s,size,row)) inline_size=size
        } else {
          out=out substr(s,1,1); s=substr(s,2)
        }
      }
      return out
    }
    { lines[NR]=$0 }
    END {
      for (row=1; row<=NR; row++) {
        line=lines[row]
        if (!fenced && !comment && !inline_size) {
          if (line ~ /^[[:space:]]*$/) {
            paragraph=0; table=0
            print line
            continue
          }
          if (line ~ /^(    | ? ? ?\t)/ && (indented || !paragraph)) {
            indented=1; table=0
            if (keep_fences == "yes") print line
            continue
          }
          indented=0
        }
        scan=line
        spaces=0
        while (spaces < 3 && substr(scan,1,1) == " ") { scan=substr(scan,2); spaces++ }
        marker=substr(scan,1,1)
        marker_len=0
        if (marker == "`" || marker == "~") {
          while (substr(scan,marker_len+1,1) == marker) marker_len++
        }
        if (marker_len >= 3 && !comment && !inline_size) {
          paragraph=0; table=0
          rest=substr(scan,marker_len+1)
          if (!fenced) {
            fenced=1; fence_marker=marker; fence_len=marker_len
          } else if (marker == fence_marker && marker_len >= fence_len && rest ~ /^[[:space:]]*$/) {
            fenced=0
          }
          if (keep_fences == "yes") print line
          continue
        }
        if (fenced) {
          if (keep_fences == "yes") print line
          continue
        }
        line=uncomment(line,row)
        scan=line; sub(/^ ? ? ?/, "", scan)
        table=table_start(row) || (table && scan ~ /\|/)
        paragraph=(line !~ /^[[:space:]]*$/ && scan !~ /^#[#]?[#]?[#]?[#]?[#]?([[:space:]]|$)/ && !table)
        if (line ~ /^[[:space:]]*$/ && lines[row] !~ /^[[:space:]]*$/) continue
        print line
      }
    }'
++ body='n/a: spawn fixture.'
+++ printf %s 'n/a: spawn fixture.'
+++ tr '[:upper:]' '[:lower:]'
++ lowered='n/a: spawn fixture.'
++ printf %s 'n/a: spawn fixture.'
++ grep -q 'n/a:[[:space:]]*[^[:space:]]'
++ return 0
++ IFS='|'
++ read -r heading placeholder required guide evidence
++ '[' -n '## 5. Data and contracts' ']'
++ '[' 2 -le 1 ']'
++ continue
++ IFS='|'
++ read -r heading placeholder required guide evidence
++ '[' -n '## 6. Tests' ']'
++ '[' 1 -le 1 ']'
+++ fm_prep_section_state /tmp/fm-task-delivery.bFyZ7c/helper-direct-PR/home/data/helper/prep.md '## 6. Tests' TESTS
+++ local file=/tmp/fm-task-delivery.bFyZ7c/helper-direct-PR/home/data/helper/prep.md 'heading=## 6. Tests' placeholder=TESTS body stripped
+++ fm_brief_heading_present /tmp/fm-task-delivery.bFyZ7c/helper-direct-PR/home/data/helper/prep.md '## 6. Tests'
+++ fm_brief_heading_parse /tmp/fm-task-delivery.bFyZ7c/helper-direct-PR/home/data/helper/prep.md '## 6. Tests' present
+++ local file=/tmp/fm-task-delivery.bFyZ7c/helper-direct-PR/home/data/helper/prep.md 'heading=## 6. Tests' mode=present input=/tmp/fm-task-delivery.bFyZ7c/helper-direct-PR/home/data/helper/prep.md
+++ '[' /tmp/fm-task-delivery.bFyZ7c/helper-direct-PR/home/data/helper/prep.md = - ']'
+++ '[' -f /tmp/fm-task-delivery.bFyZ7c/helper-direct-PR/home/data/helper/prep.md ']'
+++ awk -v 'heading=## 6. Tests' -v mode=present '
    BEGIN {
      target_level = 0
      while (substr(heading, target_level + 1, 1) == "#") target_level++
    }
    {
      line = $0
      scan = line
      spaces = 0
      while (spaces < 3 && substr(scan, 1, 1) == " ") {
        scan = substr(scan, 2)
        spaces++
      }
      marker = substr(scan, 1, 1)
      marker_len = 0
      if (marker == "`" || marker == "~") {
        while (substr(scan, marker_len + 1, 1) == marker) marker_len++
      }
      is_fence = marker_len >= 3
      was_fenced = fenced

      if (is_fence) {
        rest = substr(scan, marker_len + 1)
        if (!fenced) {
          fenced = 1
          fence_marker = marker
          fence_len = marker_len
        } else if (marker == fence_marker && marker_len >= fence_len && rest ~ /^[[:space:]]*$/) {
          fenced = 0
        }
      }

      if (!found && !was_fenced && line == heading) {
        found = 1
        if (mode == "present") next
        grab = 1
        next
      }
      if (mode == "present" || !grab) next
      if (is_fence || was_fenced) {
        print line
        next
      }

      level = 0
      while (substr(scan, level + 1, 1) == "#") level++
      if (level > 0 && level <= target_level && substr(scan, level + 1, 1) ~ /^[[:space:]]?$/) exit
      print line
    }
    END {
      if (mode == "present" && !found) exit 1
    }
  ' /tmp/fm-task-delivery.bFyZ7c/helper-direct-PR/home/data/helper/prep.md
++++ fm_brief_heading_body /tmp/fm-task-delivery.bFyZ7c/helper-direct-PR/home/data/helper/prep.md '## 6. Tests'
++++ fm_brief_heading_parse /tmp/fm-task-delivery.bFyZ7c/helper-direct-PR/home/data/helper/prep.md '## 6. Tests' body
++++ local file=/tmp/fm-task-delivery.bFyZ7c/helper-direct-PR/home/data/helper/prep.md 'heading=## 6. Tests' mode=body input=/tmp/fm-task-delivery.bFyZ7c/helper-direct-PR/home/data/helper/prep.md
++++ '[' /tmp/fm-task-delivery.bFyZ7c/helper-direct-PR/home/data/helper/prep.md = - ']'
++++ '[' -f /tmp/fm-task-delivery.bFyZ7c/helper-direct-PR/home/data/helper/prep.md ']'
++++ awk -v 'heading=## 6. Tests' -v mode=body '
    BEGIN {
      target_level = 0
      while (substr(heading, target_level + 1, 1) == "#") target_level++
    }
    {
      line = $0
      scan = line
      spaces = 0
      while (spaces < 3 && substr(scan, 1, 1) == " ") {
        scan = substr(scan, 2)
        spaces++
      }
      marker = substr(scan, 1, 1)
      marker_len = 0
      if (marker == "`" || marker == "~") {
        while (substr(scan, marker_len + 1, 1) == marker) marker_len++
      }
      is_fence = marker_len >= 3
      was_fenced = fenced

      if (is_fence) {
        rest = substr(scan, marker_len + 1)
        if (!fenced) {
          fenced = 1
          fence_marker = marker
          fence_len = marker_len
        } else if (marker == fence_marker && marker_len >= fence_len && rest ~ /^[[:space:]]*$/) {
          fenced = 0
        }
      }

      if (!found && !was_fenced && line == heading) {
        found = 1
        if (mode == "present") next
        grab = 1
        next
      }
      if (mode == "present" || !grab) next
      if (is_fence || was_fenced) {
        print line
        next
      }

      level = 0
      while (substr(scan, level + 1, 1) == "#") level++
      if (level > 0 && level <= target_level && substr(scan, level + 1, 1) ~ /^[[:space:]]?$/) exit
      print line
    }
    END {
      if (mode == "present" && !found) exit 1
    }
  ' /tmp/fm-task-delivery.bFyZ7c/helper-direct-PR/home/data/helper/prep.md
++++ fm_prep_body_text yes
++++ awk -v keep_fences=yes '
    function table_start(row, header, delimiter, cells, count, i, cell) {
      if (row >= NR) return 0
      header=lines[row]; delimiter=lines[row+1]
      sub(/^ ? ? ?/, "", header); sub(/^ ? ? ?/, "", delimiter)
      if (header ~ /^[[:space:]]/ || delimiter ~ /^[[:space:]]/) return 0
      gsub(/\\\|/, "", header)
      if (header !~ /\|/) return 0
      sub(/[[:space:]]+$/, "", header); sub(/[[:space:]]+$/, "", delimiter)
      sub(/^\|/, "", header); sub(/\|$/, "", header)
      sub(/^\|/, "", delimiter); sub(/\|$/, "", delimiter)
      count=split(header,cells,"|")
      if (!count || split(delimiter,cells,"|") != count) return 0
      for (i=1; i<=count; i++) {
        cell=cells[i]; gsub(/^[[:space:]]+|[[:space:]]+$/, "", cell)
        if (cell !~ /^:?-+:?$/) return 0
      }
      return 1
    }
    function closing_tick(s, size, row, probe, list_number) {
      while (1) {
        while (match(s, /`+/)) {
          if (RLENGTH == size) return 1
          s=substr(s,RSTART+RLENGTH)
        }
        if (++row > NR || lines[row] ~ /^[[:space:]]*$/) return 0
        s=lines[row]
        probe=s; sub(/^ ? ? ?/, "", probe)
        list_number=probe; sub(/[.)].*$/, "", list_number)
        if (probe ~ /^[0-9]+[.)][[:space:]]+[^[:space:]]/ && length(list_number) <= 9 && list_number+0 == 1) return 0
        if (table_start(row) || probe ~ /^```|^~~~|^#[#]?[#]?[#]?[#]?[#]?([[:space:]]|$)|^[-+*][[:space:]]+[^[:space:]]|^<!--/) return 0
      }
    }
    function uncomment(s, row, out, end, size) {
      out=""
      while (length(s)) {
        if (comment) {
          end=index(s,"-->"); if (!end) return out
          s=substr(s,end+3); comment=0
        } else if (inline_size) {
          if (!match(s,/`+/)) return out s
          size=RLENGTH
          out=out substr(s,1,RSTART+size-1)
          s=substr(s,RSTART+size)
          if (size == inline_size) inline_size=0
        } else if (substr(s,1,4) == "<!--") {
          comment=1; s=substr(s,5)
        } else if (substr(s,1,2) == "\\`" || substr(s,1,2) == "\\\\" || substr(s,1,2) == "\\<") {
          out=out substr(s,1,2); s=substr(s,3)
        } else if (substr(s,1,1) == "`") {
          match(s,/^`+/); size=RLENGTH
          out=out substr(s,1,size); s=substr(s,size+1)
          if (closing_tick(s,size,row)) inline_size=size
        } else {
          out=out substr(s,1,1); s=substr(s,2)
        }
      }
      return out
    }
    { lines[NR]=$0 }
    END {
      for (row=1; row<=NR; row++) {
        line=lines[row]
        if (!fenced && !comment && !inline_size) {
          if (line ~ /^[[:space:]]*$/) {
            paragraph=0; table=0
            print line
            continue
          }
          if (line ~ /^(    | ? ? ?\t)/ && (indented || !paragraph)) {
            indented=1; table=0
            if (keep_fences == "yes") print line
            continue
          }
          indented=0
        }
        scan=line
        spaces=0
        while (spaces < 3 && substr(scan,1,1) == " ") { scan=substr(scan,2); spaces++ }
        marker=substr(scan,1,1)
        marker_len=0
        if (marker == "`" || marker == "~") {
          while (substr(scan,marker_len+1,1) == marker) marker_len++
        }
        if (marker_len >= 3 && !comment && !inline_size) {
          paragraph=0; table=0
          rest=substr(scan,marker_len+1)
          if (!fenced) {
            fenced=1; fence_marker=marker; fence_len=marker_len
          } else if (marker == fence_marker && marker_len >= fence_len && rest ~ /^[[:space:]]*$/) {
            fenced=0
          }
          if (keep_fences == "yes") print line
          continue
        }
        if (fenced) {
          if (keep_fences == "yes") print line
          continue
        }
        line=uncomment(line,row)
        scan=line; sub(/^ ? ? ?/, "", scan)
        table=table_start(row) || (table && scan ~ /\|/)
        paragraph=(line !~ /^[[:space:]]*$/ && scan !~ /^#[#]?[#]?[#]?[#]?[#]?([[:space:]]|$)/ && !table)
        if (line ~ /^[[:space:]]*$/ && lines[row] !~ /^[[:space:]]*$/) continue
        print line
      }
    }'
+++ body='n/a: spawn fixture.'
++++ printf %s 'n/a: spawn fixture.'
++++ tr -d '[:space:]'
+++ stripped=n/a:spawnfixture.
+++ '[' -z n/a:spawnfixture. ']'
+++ '[' n/a:spawnfixture. = '{TESTS}' ']'
+++ printf 'filled\n'
++ state=filled
++ case "$state" in
++ '[' -n '' ']'
++ continue
++ IFS='|'
++ read -r heading placeholder required guide evidence
++ '[' -n '## 7. Records' ']'
++ '[' 2 -le 1 ']'
++ continue
++ IFS='|'
++ read -r heading placeholder required guide evidence
++ '[' -n '## 8. Out of scope and follow-ups' ']'
++ '[' 1 -le 1 ']'
+++ fm_prep_section_state /tmp/fm-task-delivery.bFyZ7c/helper-direct-PR/home/data/helper/prep.md '## 8. Out of scope and follow-ups' OUT_OF_SCOPE
+++ local file=/tmp/fm-task-delivery.bFyZ7c/helper-direct-PR/home/data/helper/prep.md 'heading=## 8. Out of scope and follow-ups' placeholder=OUT_OF_SCOPE body stripped
+++ fm_brief_heading_present /tmp/fm-task-delivery.bFyZ7c/helper-direct-PR/home/data/helper/prep.md '## 8. Out of scope and follow-ups'
+++ fm_brief_heading_parse /tmp/fm-task-delivery.bFyZ7c/helper-direct-PR/home/data/helper/prep.md '## 8. Out of scope and follow-ups' present
+++ local file=/tmp/fm-task-delivery.bFyZ7c/helper-direct-PR/home/data/helper/prep.md 'heading=## 8. Out of scope and follow-ups' mode=present input=/tmp/fm-task-delivery.bFyZ7c/helper-direct-PR/home/data/helper/prep.md
+++ '[' /tmp/fm-task-delivery.bFyZ7c/helper-direct-PR/home/data/helper/prep.md = - ']'
+++ '[' -f /tmp/fm-task-delivery.bFyZ7c/helper-direct-PR/home/data/helper/prep.md ']'
+++ awk -v 'heading=## 8. Out of scope and follow-ups' -v mode=present '
    BEGIN {
      target_level = 0
      while (substr(heading, target_level + 1, 1) == "#") target_level++
    }
    {
      line = $0
      scan = line
      spaces = 0
      while (spaces < 3 && substr(scan, 1, 1) == " ") {
        scan = substr(scan, 2)
        spaces++
      }
      marker = substr(scan, 1, 1)
      marker_len = 0
      if (marker == "`" || marker == "~") {
        while (substr(scan, marker_len + 1, 1) == marker) marker_len++
      }
      is_fence = marker_len >= 3
      was_fenced = fenced

      if (is_fence) {
        rest = substr(scan, marker_len + 1)
        if (!fenced) {
          fenced = 1
          fence_marker = marker
          fence_len = marker_len
        } else if (marker == fence_marker && marker_len >= fence_len && rest ~ /^[[:space:]]*$/) {
          fenced = 0
        }
      }

      if (!found && !was_fenced && line == heading) {
        found = 1
        if (mode == "present") next
        grab = 1
        next
      }
      if (mode == "present" || !grab) next
      if (is_fence || was_fenced) {
        print line
        next
      }

      level = 0
      while (substr(scan, level + 1, 1) == "#") level++
      if (level > 0 && level <= target_level && substr(scan, level + 1, 1) ~ /^[[:space:]]?$/) exit
      print line
    }
    END {
      if (mode == "present" && !found) exit 1
    }
  ' /tmp/fm-task-delivery.bFyZ7c/helper-direct-PR/home/data/helper/prep.md
++++ fm_brief_heading_body /tmp/fm-task-delivery.bFyZ7c/helper-direct-PR/home/data/helper/prep.md '## 8. Out of scope and follow-ups'
++++ fm_brief_heading_parse /tmp/fm-task-delivery.bFyZ7c/helper-direct-PR/home/data/helper/prep.md '## 8. Out of scope and follow-ups' body
++++ local file=/tmp/fm-task-delivery.bFyZ7c/helper-direct-PR/home/data/helper/prep.md 'heading=## 8. Out of scope and follow-ups' mode=body input=/tmp/fm-task-delivery.bFyZ7c/helper-direct-PR/home/data/helper/prep.md
++++ '[' /tmp/fm-task-delivery.bFyZ7c/helper-direct-PR/home/data/helper/prep.md = - ']'
++++ '[' -f /tmp/fm-task-delivery.bFyZ7c/helper-direct-PR/home/data/helper/prep.md ']'
++++ fm_prep_body_text yes
++++ awk -v 'heading=## 8. Out of scope and follow-ups' -v mode=body '
    BEGIN {
      target_level = 0
      while (substr(heading, target_level + 1, 1) == "#") target_level++
    }
    {
      line = $0
      scan = line
      spaces = 0
      while (spaces < 3 && substr(scan, 1, 1) == " ") {
        scan = substr(scan, 2)
        spaces++
      }
      marker = substr(scan, 1, 1)
      marker_len = 0
      if (marker == "`" || marker == "~") {
        while (substr(scan, marker_len + 1, 1) == marker) marker_len++
      }
      is_fence = marker_len >= 3
      was_fenced = fenced

      if (is_fence) {
        rest = substr(scan, marker_len + 1)
        if (!fenced) {
          fenced = 1
          fence_marker = marker
          fence_len = marker_len
        } else if (marker == fence_marker && marker_len >= fence_len && rest ~ /^[[:space:]]*$/) {
          fenced = 0
        }
      }

      if (!found && !was_fenced && line == heading) {
        found = 1
        if (mode == "present") next
        grab = 1
        next
      }
      if (mode == "present" || !grab) next
      if (is_fence || was_fenced) {
        print line
        next
      }

      level = 0
      while (substr(scan, level + 1, 1) == "#") level++
      if (level > 0 && level <= target_level && substr(scan, level + 1, 1) ~ /^[[:space:]]?$/) exit
      print line
    }
    END {
      if (mode == "present" && !found) exit 1
    }
  ' /tmp/fm-task-delivery.bFyZ7c/helper-direct-PR/home/data/helper/prep.md
++++ awk -v keep_fences=yes '
    function table_start(row, header, delimiter, cells, count, i, cell) {
      if (row >= NR) return 0
      header=lines[row]; delimiter=lines[row+1]
      sub(/^ ? ? ?/, "", header); sub(/^ ? ? ?/, "", delimiter)
      if (header ~ /^[[:space:]]/ || delimiter ~ /^[[:space:]]/) return 0
      gsub(/\\\|/, "", header)
      if (header !~ /\|/) return 0
      sub(/[[:space:]]+$/, "", header); sub(/[[:space:]]+$/, "", delimiter)
      sub(/^\|/, "", header); sub(/\|$/, "", header)
      sub(/^\|/, "", delimiter); sub(/\|$/, "", delimiter)
      count=split(header,cells,"|")
      if (!count || split(delimiter,cells,"|") != count) return 0
      for (i=1; i<=count; i++) {
        cell=cells[i]; gsub(/^[[:space:]]+|[[:space:]]+$/, "", cell)
        if (cell !~ /^:?-+:?$/) return 0
      }
      return 1
    }
    function closing_tick(s, size, row, probe, list_number) {
      while (1) {
        while (match(s, /`+/)) {
          if (RLENGTH == size) return 1
          s=substr(s,RSTART+RLENGTH)
        }
        if (++row > NR || lines[row] ~ /^[[:space:]]*$/) return 0
        s=lines[row]
        probe=s; sub(/^ ? ? ?/, "", probe)
        list_number=probe; sub(/[.)].*$/, "", list_number)
        if (probe ~ /^[0-9]+[.)][[:space:]]+[^[:space:]]/ && length(list_number) <= 9 && list_number+0 == 1) return 0
        if (table_start(row) || probe ~ /^```|^~~~|^#[#]?[#]?[#]?[#]?[#]?([[:space:]]|$)|^[-+*][[:space:]]+[^[:space:]]|^<!--/) return 0
      }
    }
    function uncomment(s, row, out, end, size) {
      out=""
      while (length(s)) {
        if (comment) {
          end=index(s,"-->"); if (!end) return out
          s=substr(s,end+3); comment=0
        } else if (inline_size) {
          if (!match(s,/`+/)) return out s
          size=RLENGTH
          out=out substr(s,1,RSTART+size-1)
          s=substr(s,RSTART+size)
          if (size == inline_size) inline_size=0
        } else if (substr(s,1,4) == "<!--") {
          comment=1; s=substr(s,5)
        } else if (substr(s,1,2) == "\\`" || substr(s,1,2) == "\\\\" || substr(s,1,2) == "\\<") {
          out=out substr(s,1,2); s=substr(s,3)
        } else if (substr(s,1,1) == "`") {
          match(s,/^`+/); size=RLENGTH
          out=out substr(s,1,size); s=substr(s,size+1)
          if (closing_tick(s,size,row)) inline_size=size
        } else {
          out=out substr(s,1,1); s=substr(s,2)
        }
      }
      return out
    }
    { lines[NR]=$0 }
    END {
      for (row=1; row<=NR; row++) {
        line=lines[row]
        if (!fenced && !comment && !inline_size) {
          if (line ~ /^[[:space:]]*$/) {
            paragraph=0; table=0
            print line
            continue
          }
          if (line ~ /^(    | ? ? ?\t)/ && (indented || !paragraph)) {
            indented=1; table=0
            if (keep_fences == "yes") print line
            continue
          }
          indented=0
        }
        scan=line
        spaces=0
        while (spaces < 3 && substr(scan,1,1) == " ") { scan=substr(scan,2); spaces++ }
        marker=substr(scan,1,1)
        marker_len=0
        if (marker == "`" || marker == "~") {
          while (substr(scan,marker_len+1,1) == marker) marker_len++
        }
        if (marker_len >= 3 && !comment && !inline_size) {
          paragraph=0; table=0
          rest=substr(scan,marker_len+1)
          if (!fenced) {
            fenced=1; fence_marker=marker; fence_len=marker_len
          } else if (marker == fence_marker && marker_len >= fence_len && rest ~ /^[[:space:]]*$/) {
            fenced=0
          }
          if (keep_fences == "yes") print line
          continue
        }
        if (fenced) {
          if (keep_fences == "yes") print line
          continue
        }
        line=uncomment(line,row)
        scan=line; sub(/^ ? ? ?/, "", scan)
        table=table_start(row) || (table && scan ~ /\|/)
        paragraph=(line !~ /^[[:space:]]*$/ && scan !~ /^#[#]?[#]?[#]?[#]?[#]?([[:space:]]|$)/ && !table)
        if (line ~ /^[[:space:]]*$/ && lines[row] !~ /^[[:space:]]*$/) continue
        print line
      }
    }'
+++ body='n/a: spawn fixture.'
++++ printf %s 'n/a: spawn fixture.'
++++ tr -d '[:space:]'
+++ stripped=n/a:spawnfixture.
+++ '[' -z n/a:spawnfixture. ']'
+++ '[' n/a:spawnfixture. = '{OUT_OF_SCOPE}' ']'
+++ printf 'filled\n'
++ state=filled
++ case "$state" in
++ '[' -n finalize-after ']'
++ fm_prep_evidence_ok /tmp/fm-task-delivery.bFyZ7c/helper-direct-PR/home/data/helper/prep.md '## 8. Out of scope and follow-ups' finalize-after
++ local file=/tmp/fm-task-delivery.bFyZ7c/helper-direct-PR/home/data/helper/prep.md 'heading=## 8. Out of scope and follow-ups' body lowered token
++ shift 2
+++ fm_prep_body_text yes
+++ fm_brief_heading_body /tmp/fm-task-delivery.bFyZ7c/helper-direct-PR/home/data/helper/prep.md '## 8. Out of scope and follow-ups'
+++ fm_brief_heading_parse /tmp/fm-task-delivery.bFyZ7c/helper-direct-PR/home/data/helper/prep.md '## 8. Out of scope and follow-ups' body
+++ local file=/tmp/fm-task-delivery.bFyZ7c/helper-direct-PR/home/data/helper/prep.md 'heading=## 8. Out of scope and follow-ups' mode=body input=/tmp/fm-task-delivery.bFyZ7c/helper-direct-PR/home/data/helper/prep.md
+++ '[' /tmp/fm-task-delivery.bFyZ7c/helper-direct-PR/home/data/helper/prep.md = - ']'
+++ '[' -f /tmp/fm-task-delivery.bFyZ7c/helper-direct-PR/home/data/helper/prep.md ']'
+++ awk -v 'heading=## 8. Out of scope and follow-ups' -v mode=body '
    BEGIN {
      target_level = 0
      while (substr(heading, target_level + 1, 1) == "#") target_level++
    }
    {
      line = $0
      scan = line
      spaces = 0
      while (spaces < 3 && substr(scan, 1, 1) == " ") {
        scan = substr(scan, 2)
        spaces++
      }
      marker = substr(scan, 1, 1)
      marker_len = 0
      if (marker == "`" || marker == "~") {
        while (substr(scan, marker_len + 1, 1) == marker) marker_len++
      }
      is_fence = marker_len >= 3
      was_fenced = fenced

      if (is_fence) {
        rest = substr(scan, marker_len + 1)
        if (!fenced) {
          fenced = 1
          fence_marker = marker
          fence_len = marker_len
        } else if (marker == fence_marker && marker_len >= fence_len && rest ~ /^[[:space:]]*$/) {
          fenced = 0
        }
      }

      if (!found && !was_fenced && line == heading) {
        found = 1
        if (mode == "present") next
        grab = 1
        next
      }
      if (mode == "present" || !grab) next
      if (is_fence || was_fenced) {
        print line
        next
      }

      level = 0
      while (substr(scan, level + 1, 1) == "#") level++
      if (level > 0 && level <= target_level && substr(scan, level + 1, 1) ~ /^[[:space:]]?$/) exit
      print line
    }
    END {
      if (mode == "present" && !found) exit 1
    }
  ' /tmp/fm-task-delivery.bFyZ7c/helper-direct-PR/home/data/helper/prep.md
+++ awk -v keep_fences=yes '
    function table_start(row, header, delimiter, cells, count, i, cell) {
      if (row >= NR) return 0
      header=lines[row]; delimiter=lines[row+1]
      sub(/^ ? ? ?/, "", header); sub(/^ ? ? ?/, "", delimiter)
      if (header ~ /^[[:space:]]/ || delimiter ~ /^[[:space:]]/) return 0
      gsub(/\\\|/, "", header)
      if (header !~ /\|/) return 0
      sub(/[[:space:]]+$/, "", header); sub(/[[:space:]]+$/, "", delimiter)
      sub(/^\|/, "", header); sub(/\|$/, "", header)
      sub(/^\|/, "", delimiter); sub(/\|$/, "", delimiter)
      count=split(header,cells,"|")
      if (!count || split(delimiter,cells,"|") != count) return 0
      for (i=1; i<=count; i++) {
        cell=cells[i]; gsub(/^[[:space:]]+|[[:space:]]+$/, "", cell)
        if (cell !~ /^:?-+:?$/) return 0
      }
      return 1
    }
    function closing_tick(s, size, row, probe, list_number) {
      while (1) {
        while (match(s, /`+/)) {
          if (RLENGTH == size) return 1
          s=substr(s,RSTART+RLENGTH)
        }
        if (++row > NR || lines[row] ~ /^[[:space:]]*$/) return 0
        s=lines[row]
        probe=s; sub(/^ ? ? ?/, "", probe)
        list_number=probe; sub(/[.)].*$/, "", list_number)
        if (probe ~ /^[0-9]+[.)][[:space:]]+[^[:space:]]/ && length(list_number) <= 9 && list_number+0 == 1) return 0
        if (table_start(row) || probe ~ /^```|^~~~|^#[#]?[#]?[#]?[#]?[#]?([[:space:]]|$)|^[-+*][[:space:]]+[^[:space:]]|^<!--/) return 0
      }
    }
    function uncomment(s, row, out, end, size) {
      out=""
      while (length(s)) {
        if (comment) {
          end=index(s,"-->"); if (!end) return out
          s=substr(s,end+3); comment=0
        } else if (inline_size) {
          if (!match(s,/`+/)) return out s
          size=RLENGTH
          out=out substr(s,1,RSTART+size-1)
          s=substr(s,RSTART+size)
          if (size == inline_size) inline_size=0
        } else if (substr(s,1,4) == "<!--") {
          comment=1; s=substr(s,5)
        } else if (substr(s,1,2) == "\\`" || substr(s,1,2) == "\\\\" || substr(s,1,2) == "\\<") {
          out=out substr(s,1,2); s=substr(s,3)
        } else if (substr(s,1,1) == "`") {
          match(s,/^`+/); size=RLENGTH
          out=out substr(s,1,size); s=substr(s,size+1)
          if (closing_tick(s,size,row)) inline_size=size
        } else {
          out=out substr(s,1,1); s=substr(s,2)
        }
      }
      return out
    }
    { lines[NR]=$0 }
    END {
      for (row=1; row<=NR; row++) {
        line=lines[row]
        if (!fenced && !comment && !inline_size) {
          if (line ~ /^[[:space:]]*$/) {
            paragraph=0; table=0
            print line
            continue
          }
          if (line ~ /^(    | ? ? ?\t)/ && (indented || !paragraph)) {
            indented=1; table=0
            if (keep_fences == "yes") print line
            continue
          }
          indented=0
        }
        scan=line
        spaces=0
        while (spaces < 3 && substr(scan,1,1) == " ") { scan=substr(scan,2); spaces++ }
        marker=substr(scan,1,1)
        marker_len=0
        if (marker == "`" || marker == "~") {
          while (substr(scan,marker_len+1,1) == marker) marker_len++
        }
        if (marker_len >= 3 && !comment && !inline_size) {
          paragraph=0; table=0
          rest=substr(scan,marker_len+1)
          if (!fenced) {
            fenced=1; fence_marker=marker; fence_len=marker_len
          } else if (marker == fence_marker && marker_len >= fence_len && rest ~ /^[[:space:]]*$/) {
            fenced=0
          }
          if (keep_fences == "yes") print line
          continue
        }
        if (fenced) {
          if (keep_fences == "yes") print line
          continue
        }
        line=uncomment(line,row)
        scan=line; sub(/^ ? ? ?/, "", scan)
        table=table_start(row) || (table && scan ~ /\|/)
        paragraph=(line !~ /^[[:space:]]*$/ && scan !~ /^#[#]?[#]?[#]?[#]?[#]?([[:space:]]|$)/ && !table)
        if (line ~ /^[[:space:]]*$/ && lines[row] !~ /^[[:space:]]*$/) continue
        print line
      }
    }'
++ body='n/a: spawn fixture.'
+++ printf %s 'n/a: spawn fixture.'
+++ tr '[:upper:]' '[:lower:]'
++ lowered='n/a: spawn fixture.'
++ printf %s 'n/a: spawn fixture.'
++ grep -q 'n/a:[[:space:]]*[^[:space:]]'
++ return 0
++ IFS='|'
++ read -r heading placeholder required guide evidence
++ '[' -n '## 9. Risks, dependencies, merge order' ']'
++ '[' 2 -le 1 ']'
++ continue
++ IFS='|'
++ read -r heading placeholder required guide evidence
++ '[' -n '## 10. Demo receipt plan' ']'
++ '[' 2 -le 1 ']'
++ continue
++ IFS='|'
++ read -r heading placeholder required guide evidence
++ '[' -n '## 11. Definition of done' ']'
++ '[' 1 -le 1 ']'
+++ fm_prep_section_state /tmp/fm-task-delivery.bFyZ7c/helper-direct-PR/home/data/helper/prep.md '## 11. Definition of done' DEFINITION_OF_DONE
+++ local file=/tmp/fm-task-delivery.bFyZ7c/helper-direct-PR/home/data/helper/prep.md 'heading=## 11. Definition of done' placeholder=DEFINITION_OF_DONE body stripped
+++ fm_brief_heading_present /tmp/fm-task-delivery.bFyZ7c/helper-direct-PR/home/data/helper/prep.md '## 11. Definition of done'
+++ fm_brief_heading_parse /tmp/fm-task-delivery.bFyZ7c/helper-direct-PR/home/data/helper/prep.md '## 11. Definition of done' present
+++ local file=/tmp/fm-task-delivery.bFyZ7c/helper-direct-PR/home/data/helper/prep.md 'heading=## 11. Definition of done' mode=present input=/tmp/fm-task-delivery.bFyZ7c/helper-direct-PR/home/data/helper/prep.md
+++ '[' /tmp/fm-task-delivery.bFyZ7c/helper-direct-PR/home/data/helper/prep.md = - ']'
+++ '[' -f /tmp/fm-task-delivery.bFyZ7c/helper-direct-PR/home/data/helper/prep.md ']'
+++ awk -v 'heading=## 11. Definition of done' -v mode=present '
    BEGIN {
      target_level = 0
      while (substr(heading, target_level + 1, 1) == "#") target_level++
    }
    {
      line = $0
      scan = line
      spaces = 0
      while (spaces < 3 && substr(scan, 1, 1) == " ") {
        scan = substr(scan, 2)
        spaces++
      }
      marker = substr(scan, 1, 1)
      marker_len = 0
      if (marker == "`" || marker == "~") {
        while (substr(scan, marker_len + 1, 1) == marker) marker_len++
      }
      is_fence = marker_len >= 3
      was_fenced = fenced

      if (is_fence) {
        rest = substr(scan, marker_len + 1)
        if (!fenced) {
          fenced = 1
          fence_marker = marker
          fence_len = marker_len
        } else if (marker == fence_marker && marker_len >= fence_len && rest ~ /^[[:space:]]*$/) {
          fenced = 0
        }
      }

      if (!found && !was_fenced && line == heading) {
        found = 1
        if (mode == "present") next
        grab = 1
        next
      }
      if (mode == "present" || !grab) next
      if (is_fence || was_fenced) {
        print line
        next
      }

      level = 0
      while (substr(scan, level + 1, 1) == "#") level++
      if (level > 0 && level <= target_level && substr(scan, level + 1, 1) ~ /^[[:space:]]?$/) exit
      print line
    }
    END {
      if (mode == "present" && !found) exit 1
    }
  ' /tmp/fm-task-delivery.bFyZ7c/helper-direct-PR/home/data/helper/prep.md
++++ fm_brief_heading_body /tmp/fm-task-delivery.bFyZ7c/helper-direct-PR/home/data/helper/prep.md '## 11. Definition of done'
++++ fm_brief_heading_parse /tmp/fm-task-delivery.bFyZ7c/helper-direct-PR/home/data/helper/prep.md '## 11. Definition of done' body
++++ local file=/tmp/fm-task-delivery.bFyZ7c/helper-direct-PR/home/data/helper/prep.md 'heading=## 11. Definition of done' mode=body input=/tmp/fm-task-delivery.bFyZ7c/helper-direct-PR/home/data/helper/prep.md
++++ fm_prep_body_text yes
++++ '[' /tmp/fm-task-delivery.bFyZ7c/helper-direct-PR/home/data/helper/prep.md = - ']'
++++ '[' -f /tmp/fm-task-delivery.bFyZ7c/helper-direct-PR/home/data/helper/prep.md ']'
++++ awk -v 'heading=## 11. Definition of done' -v mode=body '
    BEGIN {
      target_level = 0
      while (substr(heading, target_level + 1, 1) == "#") target_level++
    }
    {
      line = $0
      scan = line
      spaces = 0
      while (spaces < 3 && substr(scan, 1, 1) == " ") {
        scan = substr(scan, 2)
        spaces++
      }
      marker = substr(scan, 1, 1)
      marker_len = 0
      if (marker == "`" || marker == "~") {
        while (substr(scan, marker_len + 1, 1) == marker) marker_len++
      }
      is_fence = marker_len >= 3
      was_fenced = fenced

      if (is_fence) {
        rest = substr(scan, marker_len + 1)
        if (!fenced) {
          fenced = 1
          fence_marker = marker
          fence_len = marker_len
        } else if (marker == fence_marker && marker_len >= fence_len && rest ~ /^[[:space:]]*$/) {
          fenced = 0
        }
      }

      if (!found && !was_fenced && line == heading) {
        found = 1
        if (mode == "present") next
        grab = 1
        next
      }
      if (mode == "present" || !grab) next
      if (is_fence || was_fenced) {
        print line
        next
      }

      level = 0
      while (substr(scan, level + 1, 1) == "#") level++
      if (level > 0 && level <= target_level && substr(scan, level + 1, 1) ~ /^[[:space:]]?$/) exit
      print line
    }
    END {
      if (mode == "present" && !found) exit 1
    }
  ' /tmp/fm-task-delivery.bFyZ7c/helper-direct-PR/home/data/helper/prep.md
++++ awk -v keep_fences=yes '
    function table_start(row, header, delimiter, cells, count, i, cell) {
      if (row >= NR) return 0
      header=lines[row]; delimiter=lines[row+1]
      sub(/^ ? ? ?/, "", header); sub(/^ ? ? ?/, "", delimiter)
      if (header ~ /^[[:space:]]/ || delimiter ~ /^[[:space:]]/) return 0
      gsub(/\\\|/, "", header)
      if (header !~ /\|/) return 0
      sub(/[[:space:]]+$/, "", header); sub(/[[:space:]]+$/, "", delimiter)
      sub(/^\|/, "", header); sub(/\|$/, "", header)
      sub(/^\|/, "", delimiter); sub(/\|$/, "", delimiter)
      count=split(header,cells,"|")
      if (!count || split(delimiter,cells,"|") != count) return 0
      for (i=1; i<=count; i++) {
        cell=cells[i]; gsub(/^[[:space:]]+|[[:space:]]+$/, "", cell)
        if (cell !~ /^:?-+:?$/) return 0
      }
      return 1
    }
    function closing_tick(s, size, row, probe, list_number) {
      while (1) {
        while (match(s, /`+/)) {
          if (RLENGTH == size) return 1
          s=substr(s,RSTART+RLENGTH)
        }
        if (++row > NR || lines[row] ~ /^[[:space:]]*$/) return 0
        s=lines[row]
        probe=s; sub(/^ ? ? ?/, "", probe)
        list_number=probe; sub(/[.)].*$/, "", list_number)
        if (probe ~ /^[0-9]+[.)][[:space:]]+[^[:space:]]/ && length(list_number) <= 9 && list_number+0 == 1) return 0
        if (table_start(row) || probe ~ /^```|^~~~|^#[#]?[#]?[#]?[#]?[#]?([[:space:]]|$)|^[-+*][[:space:]]+[^[:space:]]|^<!--/) return 0
      }
    }
    function uncomment(s, row, out, end, size) {
      out=""
      while (length(s)) {
        if (comment) {
          end=index(s,"-->"); if (!end) return out
          s=substr(s,end+3); comment=0
        } else if (inline_size) {
          if (!match(s,/`+/)) return out s
          size=RLENGTH
          out=out substr(s,1,RSTART+size-1)
          s=substr(s,RSTART+size)
          if (size == inline_size) inline_size=0
        } else if (substr(s,1,4) == "<!--") {
          comment=1; s=substr(s,5)
        } else if (substr(s,1,2) == "\\`" || substr(s,1,2) == "\\\\" || substr(s,1,2) == "\\<") {
          out=out substr(s,1,2); s=substr(s,3)
        } else if (substr(s,1,1) == "`") {
          match(s,/^`+/); size=RLENGTH
          out=out substr(s,1,size); s=substr(s,size+1)
          if (closing_tick(s,size,row)) inline_size=size
        } else {
          out=out substr(s,1,1); s=substr(s,2)
        }
      }
      return out
    }
    { lines[NR]=$0 }
    END {
      for (row=1; row<=NR; row++) {
        line=lines[row]
        if (!fenced && !comment && !inline_size) {
          if (line ~ /^[[:space:]]*$/) {
            paragraph=0; table=0
            print line
            continue
          }
          if (line ~ /^(    | ? ? ?\t)/ && (indented || !paragraph)) {
            indented=1; table=0
            if (keep_fences == "yes") print line
            continue
          }
          indented=0
        }
        scan=line
        spaces=0
        while (spaces < 3 && substr(scan,1,1) == " ") { scan=substr(scan,2); spaces++ }
        marker=substr(scan,1,1)
        marker_len=0
        if (marker == "`" || marker == "~") {
          while (substr(scan,marker_len+1,1) == marker) marker_len++
        }
        if (marker_len >= 3 && !comment && !inline_size) {
          paragraph=0; table=0
          rest=substr(scan,marker_len+1)
          if (!fenced) {
            fenced=1; fence_marker=marker; fence_len=marker_len
          } else if (marker == fence_marker && marker_len >= fence_len && rest ~ /^[[:space:]]*$/) {
            fenced=0
          }
          if (keep_fences == "yes") print line
          continue
        }
        if (fenced) {
          if (keep_fences == "yes") print line
          continue
        }
        line=uncomment(line,row)
        scan=line; sub(/^ ? ? ?/, "", scan)
        table=table_start(row) || (table && scan ~ /\|/)
        paragraph=(line !~ /^[[:space:]]*$/ && scan !~ /^#[#]?[#]?[#]?[#]?[#]?([[:space:]]|$)/ && !table)
        if (line ~ /^[[:space:]]*$/ && lines[row] !~ /^[[:space:]]*$/) continue
        print line
      }
    }'
+++ body='n/a: spawn fixture.'
++++ tr -d '[:space:]'
++++ printf %s 'n/a: spawn fixture.'
+++ stripped=n/a:spawnfixture.
+++ '[' -z n/a:spawnfixture. ']'
+++ '[' n/a:spawnfixture. = '{DEFINITION_OF_DONE}' ']'
+++ printf 'filled\n'
++ state=filled
++ case "$state" in
++ '[' -n '' ']'
++ continue
++ IFS='|'
++ read -r heading placeholder required guide evidence
++ '[' -n '## 12. Size' ']'
++ '[' 2 -le 1 ']'
++ continue
++ IFS='|'
++ read -r heading placeholder required guide evidence
+++ fm_brief_heading_body /tmp/fm-task-delivery.bFyZ7c/helper-direct-PR/home/data/helper/prep.md '## 1. Intent and boxes'
+++ fm_brief_heading_parse /tmp/fm-task-delivery.bFyZ7c/helper-direct-PR/home/data/helper/prep.md '## 1. Intent and boxes' body
+++ local file=/tmp/fm-task-delivery.bFyZ7c/helper-direct-PR/home/data/helper/prep.md 'heading=## 1. Intent and boxes' mode=body input=/tmp/fm-task-delivery.bFyZ7c/helper-direct-PR/home/data/helper/prep.md
+++ fm_prep_body_text
+++ '[' /tmp/fm-task-delivery.bFyZ7c/helper-direct-PR/home/data/helper/prep.md = - ']'
+++ '[' -f /tmp/fm-task-delivery.bFyZ7c/helper-direct-PR/home/data/helper/prep.md ']'
+++ awk -v 'heading=## 1. Intent and boxes' -v mode=body '
    BEGIN {
      target_level = 0
      while (substr(heading, target_level + 1, 1) == "#") target_level++
    }
    {
      line = $0
      scan = line
      spaces = 0
      while (spaces < 3 && substr(scan, 1, 1) == " ") {
        scan = substr(scan, 2)
        spaces++
      }
      marker = substr(scan, 1, 1)
      marker_len = 0
      if (marker == "`" || marker == "~") {
        while (substr(scan, marker_len + 1, 1) == marker) marker_len++
      }
      is_fence = marker_len >= 3
      was_fenced = fenced

      if (is_fence) {
        rest = substr(scan, marker_len + 1)
        if (!fenced) {
          fenced = 1
          fence_marker = marker
          fence_len = marker_len
        } else if (marker == fence_marker && marker_len >= fence_len && rest ~ /^[[:space:]]*$/) {
          fenced = 0
        }
      }

      if (!found && !was_fenced && line == heading) {
        found = 1
        if (mode == "present") next
        grab = 1
        next
      }
      if (mode == "present" || !grab) next
      if (is_fence || was_fenced) {
        print line
        next
      }

      level = 0
      while (substr(scan, level + 1, 1) == "#") level++
      if (level > 0 && level <= target_level && substr(scan, level + 1, 1) ~ /^[[:space:]]?$/) exit
      print line
    }
    END {
      if (mode == "present" && !found) exit 1
    }
  ' /tmp/fm-task-delivery.bFyZ7c/helper-direct-PR/home/data/helper/prep.md
+++ awk -v keep_fences=no '
    function table_start(row, header, delimiter, cells, count, i, cell) {
      if (row >= NR) return 0
      header=lines[row]; delimiter=lines[row+1]
      sub(/^ ? ? ?/, "", header); sub(/^ ? ? ?/, "", delimiter)
      if (header ~ /^[[:space:]]/ || delimiter ~ /^[[:space:]]/) return 0
      gsub(/\\\|/, "", header)
      if (header !~ /\|/) return 0
      sub(/[[:space:]]+$/, "", header); sub(/[[:space:]]+$/, "", delimiter)
      sub(/^\|/, "", header); sub(/\|$/, "", header)
      sub(/^\|/, "", delimiter); sub(/\|$/, "", delimiter)
      count=split(header,cells,"|")
      if (!count || split(delimiter,cells,"|") != count) return 0
      for (i=1; i<=count; i++) {
        cell=cells[i]; gsub(/^[[:space:]]+|[[:space:]]+$/, "", cell)
        if (cell !~ /^:?-+:?$/) return 0
      }
      return 1
    }
    function closing_tick(s, size, row, probe, list_number) {
      while (1) {
        while (match(s, /`+/)) {
          if (RLENGTH == size) return 1
          s=substr(s,RSTART+RLENGTH)
        }
        if (++row > NR || lines[row] ~ /^[[:space:]]*$/) return 0
        s=lines[row]
        probe=s; sub(/^ ? ? ?/, "", probe)
        list_number=probe; sub(/[.)].*$/, "", list_number)
        if (probe ~ /^[0-9]+[.)][[:space:]]+[^[:space:]]/ && length(list_number) <= 9 && list_number+0 == 1) return 0
        if (table_start(row) || probe ~ /^```|^~~~|^#[#]?[#]?[#]?[#]?[#]?([[:space:]]|$)|^[-+*][[:space:]]+[^[:space:]]|^<!--/) return 0
      }
    }
    function uncomment(s, row, out, end, size) {
      out=""
      while (length(s)) {
        if (comment) {
          end=index(s,"-->"); if (!end) return out
          s=substr(s,end+3); comment=0
        } else if (inline_size) {
          if (!match(s,/`+/)) return out s
          size=RLENGTH
          out=out substr(s,1,RSTART+size-1)
          s=substr(s,RSTART+size)
          if (size == inline_size) inline_size=0
        } else if (substr(s,1,4) == "<!--") {
          comment=1; s=substr(s,5)
        } else if (substr(s,1,2) == "\\`" || substr(s,1,2) == "\\\\" || substr(s,1,2) == "\\<") {
          out=out substr(s,1,2); s=substr(s,3)
        } else if (substr(s,1,1) == "`") {
          match(s,/^`+/); size=RLENGTH
          out=out substr(s,1,size); s=substr(s,size+1)
          if (closing_tick(s,size,row)) inline_size=size
        } else {
          out=out substr(s,1,1); s=substr(s,2)
        }
      }
      return out
    }
    { lines[NR]=$0 }
    END {
      for (row=1; row<=NR; row++) {
        line=lines[row]
        if (!fenced && !comment && !inline_size) {
          if (line ~ /^[[:space:]]*$/) {
            paragraph=0; table=0
            print line
            continue
          }
          if (line ~ /^(    | ? ? ?\t)/ && (indented || !paragraph)) {
            indented=1; table=0
            if (keep_fences == "yes") print line
            continue
          }
          indented=0
        }
        scan=line
        spaces=0
        while (spaces < 3 && substr(scan,1,1) == " ") { scan=substr(scan,2); spaces++ }
        marker=substr(scan,1,1)
        marker_len=0
        if (marker == "`" || marker == "~") {
          while (substr(scan,marker_len+1,1) == marker) marker_len++
        }
        if (marker_len >= 3 && !comment && !inline_size) {
          paragraph=0; table=0
          rest=substr(scan,marker_len+1)
          if (!fenced) {
            fenced=1; fence_marker=marker; fence_len=marker_len
          } else if (marker == fence_marker && marker_len >= fence_len && rest ~ /^[[:space:]]*$/) {
            fenced=0
          }
          if (keep_fences == "yes") print line
          continue
        }
        if (fenced) {
          if (keep_fences == "yes") print line
          continue
        }
        line=uncomment(line,row)
        scan=line; sub(/^ ? ? ?/, "", scan)
        table=table_start(row) || (table && scan ~ /\|/)
        paragraph=(line !~ /^[[:space:]]*$/ && scan !~ /^#[#]?[#]?[#]?[#]?[#]?([[:space:]]|$)/ && !table)
        if (line ~ /^[[:space:]]*$/ && lines[row] !~ /^[[:space:]]*$/) continue
        print line
      }
    }'
++ fm_prep_answer_complete 'Exercise the delivery contract in an isolated fixture.' no
++ printf '%s\n' 'Exercise the delivery contract in an isolated fixture.'
++ awk -v na=no '
    function clean(s) { gsub(/^[[:space:]]+|[[:space:]]+$/, "", s); return s }
    { text=text $0 " " }
    END {
      text=clean(text)
      if (tolower(text) ~ /^n\/a([ :]|$)/) {
        if (na != "yes" || text !~ /^[nN]\/[aA]:[[:space:]]*[^[:space:]]/) exit 1
        sub(/^[nN]\/[aA]:[[:space:]]*/, "", text)
      }
      if (text == "" || text ~ /^[{][A-Z0-9_]+[}]$/ || text ~ /^<[^>]+>$/ || tolower(text) ~ /^(example|e[.]g[.]|todo|tbd)([ :]|$)/) exit 1
    }'
++ return 1
+ out=
+ code=1
+ '[' 1 = 1 ']'
+ '[' -z '' ']'
+ pass 'helper public scaffold/completeness direct-PR'
+ printf 'ok - %s\n' 'helper public scaffold/completeness direct-PR'
+ fm_test_cleanup
+ local d
+ fm_test_reap_watchers
+ local state lock_home 'seen=
'
+ '[' -f /tmp/.fm-test-watcher.3378921.gjIVSK ']'
+ IFS=
+ read -r state
+ rm -f /tmp/.fm-test-watcher.3378921.gjIVSK
+ fm_test_reap_procevent_homes
+ local home claim_root 'seen=
'
+ '[' -f /tmp/.fm-test-procevent.3378921.MEKzrU ']'
+ IFS='	'
+ read -r home claim_root
+ rm -f /tmp/.fm-test-procevent.3378921.MEKzrU
+ for d in "${FM_TEST_CLEANUP_DIRS[@]:-}"
+ '[' -n '' ']'
+ '[' -f /tmp/.fm-test-cleanup.3378921.McVizW ']'
+ IFS=
+ read -r d
+ '[' -n /tmp/fm-task-delivery.bFyZ7c ']'
+ fm_test_remove_tree /tmp/fm-task-delivery.bFyZ7c
+ local dir=/tmp/fm-task-delivery.bFyZ7c
+ '[' -d /tmp/fm-task-delivery.bFyZ7c ']'
+ '[' '!' -L /tmp/fm-task-delivery.bFyZ7c ']'
+ find /tmp/fm-task-delivery.bFyZ7c -type d -exec chmod u+rwx '{}' +
+ rm -rf /tmp/fm-task-delivery.bFyZ7c
+ IFS=
+ read -r d
+ rm -f /tmp/.fm-test-cleanup.3378921.McVizW
